[2024-10-01 08:44:28] local.ERROR: syntax error, unexpected identifier "course_id", expecting ")" {"view":{"view":"C:\\xampp\\htdocs\\its-tni\\resources\\views\\admin\\report\\index.blade.php","data":{"errors":"<pre class=sf-dump id=sf-dump-1515665850 data-indent-pad=\"  \"><span class=sf-dump-note>Illuminate\\Support\\ViewErrorBag</span> {<a class=sf-dump-ref>#2091</a><samp data-depth=1 class=sf-dump-expanded>
  #<span class=sf-dump-protected title=\"Protected property\">bags</span>: []
</samp>}
</pre><script>Sfdump(\"sf-dump-1515665850\", {\"maxDepth\":3,\"maxStringLength\":160})</script>
","paginator":"<pre class=sf-dump id=sf-dump-919076977 data-indent-pad=\"  \"><span class=sf-dump-note>Laminas\\Paginator\\Paginator</span> {<a class=sf-dump-ref>#2285</a><samp data-depth=1 class=sf-dump-expanded>
  #<span class=sf-dump-protected title=\"Protected property\">cacheEnabled</span>: <span class=sf-dump-const>true</span>
  #<span class=sf-dump-protected title=\"Protected property\">adapter</span>: <span class=sf-dump-note title=\"Laminas\\Paginator\\Adapter\\DbSelect
\"><span class=\"sf-dump-ellipsis sf-dump-ellipsis-note\">Laminas\\Paginator\\Adapter</span><span class=\"sf-dump-ellipsis sf-dump-ellipsis-note\">\\</span>DbSelect</span> {<a class=sf-dump-ref>#2270</a><samp data-depth=2 class=sf-dump-compact>
    #<span class=sf-dump-protected title=\"Protected property\">sql</span>: <span class=sf-dump-note title=\"Laminas\\Db\\Sql\\Sql
\"><span class=\"sf-dump-ellipsis sf-dump-ellipsis-note\">Laminas\\Db\\Sql</span><span class=\"sf-dump-ellipsis sf-dump-ellipsis-note\">\\</span>Sql</span> {<a class=sf-dump-ref>#2269</a><samp data-depth=3 class=sf-dump-compact>
      #<span class=sf-dump-protected title=\"Protected property\">adapter</span>: <span class=sf-dump-note title=\"Laminas\\Db\\Adapter\\Adapter
\"><span class=\"sf-dump-ellipsis sf-dump-ellipsis-note\">Laminas\\Db\\Adapter</span><span class=\"sf-dump-ellipsis sf-dump-ellipsis-note\">\\</span>Adapter</span> {<a class=sf-dump-ref>#2103</a> &#8230;5}
      #<span class=sf-dump-protected title=\"Protected property\">table</span>: <span class=sf-dump-const>null</span>
      #<span class=sf-dump-protected title=\"Protected property\">sqlPlatform</span>: <span class=sf-dump-note title=\"Laminas\\Db\\Sql\\Platform\\Platform
\"><span class=\"sf-dump-ellipsis sf-dump-ellipsis-note\">Laminas\\Db\\Sql\\Platform</span><span class=\"sf-dump-ellipsis sf-dump-ellipsis-note\">\\</span>Platform</span> {<a class=sf-dump-ref>#2271</a> &#8230;4}
    </samp>}
    #<span class=sf-dump-protected title=\"Protected property\">resultSetPrototype</span>: <span class=sf-dump-note title=\"Laminas\\Db\\ResultSet\\ResultSet
\"><span class=\"sf-dump-ellipsis sf-dump-ellipsis-note\">Laminas\\Db\\ResultSet</span><span class=\"sf-dump-ellipsis sf-dump-ellipsis-note\">\\</span>ResultSet</span> {<a class=sf-dump-ref>#2295</a><samp data-depth=3 class=sf-dump-compact>
      #<span class=sf-dump-protected title=\"Protected property\">buffer</span>: <span class=sf-dump-const>null</span>
      #<span class=sf-dump-protected title=\"Protected property\">count</span>: <span class=sf-dump-const>null</span>
      #<span class=sf-dump-protected title=\"Protected property\">dataSource</span>: <span class=sf-dump-const>null</span>
      #<span class=sf-dump-protected title=\"Protected property\">fieldCount</span>: <span class=sf-dump-const>null</span>
      #<span class=sf-dump-protected title=\"Protected property\">position</span>: <span class=sf-dump-num>0</span>
      #<span class=sf-dump-protected title=\"Protected property\">allowedReturnTypes</span>: <span class=sf-dump-note>array:2</span> [ &#8230;2]
      #<span class=sf-dump-protected title=\"Protected property\">arrayObjectPrototype</span>: <span class=sf-dump-note>ArrayObject</span> {<a class=sf-dump-ref>#2290</a> &#8230;4}
      #<span class=sf-dump-protected title=\"Protected property\">returnType</span>: \"<span class=sf-dump-str title=\"11 characters\">arrayobject</span>\"
    </samp>}
    #<span class=sf-dump-protected title=\"Protected property\">rowCount</span>: <span class=sf-dump-num>4</span>
    #<span class=sf-dump-protected title=\"Protected property\">select</span>: <span class=sf-dump-note title=\"Laminas\\Db\\Sql\\Select
\"><span class=\"sf-dump-ellipsis sf-dump-ellipsis-note\">Laminas\\Db\\Sql</span><span class=\"sf-dump-ellipsis sf-dump-ellipsis-note\">\\</span>Select</span> {<a class=sf-dump-ref>#2235</a><samp data-depth=3 class=sf-dump-compact>
      #<span class=sf-dump-protected title=\"Protected property\">specifications</span>: <span class=sf-dump-note>array:11</span> [ &#8230;11]
      #<span class=sf-dump-protected title=\"Protected property\">processInfo</span>: <span class=sf-dump-note>array:2</span> [ &#8230;2]
      #<span class=sf-dump-protected title=\"Protected property\">instanceParameterIndex</span>: []
      #<span class=sf-dump-protected title=\"Protected property\">tableReadOnly</span>: <span class=sf-dump-const>true</span>
      #<span class=sf-dump-protected title=\"Protected property\">prefixColumnsWithTable</span>: <span class=sf-dump-const>true</span>
      #<span class=sf-dump-protected title=\"Protected property\">table</span>: \"<span class=sf-dump-str title=\"7 characters\">courses</span>\"
      #<span class=sf-dump-protected title=\"Protected property\">quantifier</span>: <span class=sf-dump-const>null</span>
      #<span class=sf-dump-protected title=\"Protected property\">columns</span>: <span class=sf-dump-note>array:1</span> [ &#8230;1]
      #<span class=sf-dump-protected title=\"Protected property\">joins</span>: <span class=sf-dump-note title=\"Laminas\\Db\\Sql\\Join
\"><span class=\"sf-dump-ellipsis sf-dump-ellipsis-note\">Laminas\\Db\\Sql</span><span class=\"sf-dump-ellipsis sf-dump-ellipsis-note\">\\</span>Join</span> {<a class=sf-dump-ref>#2265</a> &#8230;2}
      #<span class=sf-dump-protected title=\"Protected property\">where</span>: <span class=sf-dump-note title=\"Laminas\\Db\\Sql\\Where
\"><span class=\"sf-dump-ellipsis sf-dump-ellipsis-note\">Laminas\\Db\\Sql</span><span class=\"sf-dump-ellipsis sf-dump-ellipsis-note\">\\</span>Where</span> {<a class=sf-dump-ref>#2264</a> &#8230;4}
      #<span class=sf-dump-protected title=\"Protected property\">order</span>: <span class=sf-dump-note>array:1</span> [ &#8230;1]
      #<span class=sf-dump-protected title=\"Protected property\">group</span>: <span class=sf-dump-const>null</span>
      #<span class=sf-dump-protected title=\"Protected property\">having</span>: <span class=sf-dump-note title=\"Laminas\\Db\\Sql\\Having
\"><span class=\"sf-dump-ellipsis sf-dump-ellipsis-note\">Laminas\\Db\\Sql</span><span class=\"sf-dump-ellipsis sf-dump-ellipsis-note\">\\</span>Having</span> {<a class=sf-dump-ref>#2266</a> &#8230;4}
      #<span class=sf-dump-protected title=\"Protected property\">limit</span>: <span class=sf-dump-const>null</span>
      #<span class=sf-dump-protected title=\"Protected property\">offset</span>: <span class=sf-dump-const>null</span>
      #<span class=sf-dump-protected title=\"Protected property\">combine</span>: []
    </samp>}
    #<span class=sf-dump-protected title=\"Protected property\">countSelect</span>: <span class=sf-dump-const>null</span>
  </samp>}
  #<span class=sf-dump-protected title=\"Protected property\">currentItemCount</span>: <span class=sf-dump-const>null</span>
  #<span class=sf-dump-protected title=\"Protected property\">currentItems</span>: <span class=sf-dump-const>null</span>
  #<span class=sf-dump-protected title=\"Protected property\">currentPageNumber</span>: <span class=sf-dump-num>1</span>
  #<span class=sf-dump-protected title=\"Protected property\">filter</span>: <span class=sf-dump-const>null</span>
  #<span class=sf-dump-protected title=\"Protected property\">itemCountPerPage</span>: <span class=sf-dump-num>30</span>
  #<span class=sf-dump-protected title=\"Protected property\">pageCount</span>: <span class=sf-dump-num>1</span>
  #<span class=sf-dump-protected title=\"Protected property\">pageRange</span>: <span class=sf-dump-num>10</span>
  #<span class=sf-dump-protected title=\"Protected property\">pages</span>: <span class=sf-dump-const>null</span>
  #<span class=sf-dump-protected title=\"Protected property\">view</span>: <span class=sf-dump-const>null</span>
</samp>}
</pre><script>Sfdump(\"sf-dump-919076977\", {\"maxDepth\":3,\"maxStringLength\":160})</script>
","pageTitle":"<pre class=sf-dump id=sf-dump-1642801623 data-indent-pad=\"  \">\"<span class=sf-dump-str title=\"7 characters\">Laporan</span>\"
</pre><script>Sfdump(\"sf-dump-1642801623\", {\"maxDepth\":3,\"maxStringLength\":160})</script>
","attendanceTable":"<pre class=sf-dump id=sf-dump-1659671980 data-indent-pad=\"  \"><span class=sf-dump-note>App\\V2\\Model\\AttendanceTable</span> {<a class=sf-dump-ref>#2154</a><samp data-depth=1 class=sf-dump-expanded>
  #<span class=sf-dump-protected title=\"Protected property\">tableName</span>: \"<span class=sf-dump-str title=\"11 characters\">attendances</span>\"
  +<span class=sf-dump-public title=\"Public property\">tableGateway</span>: <span class=sf-dump-note title=\"Laminas\\Db\\TableGateway\\TableGateway
\"><span class=\"sf-dump-ellipsis sf-dump-ellipsis-note\">Laminas\\Db\\TableGateway</span><span class=\"sf-dump-ellipsis sf-dump-ellipsis-note\">\\</span>TableGateway</span> {<a class=sf-dump-ref href=#sf-dump-1659671980-ref22156 title=\"2 occurrences\">#2156</a><samp data-depth=2 id=sf-dump-1659671980-ref22156 class=sf-dump-compact>
    #<span class=sf-dump-protected title=\"Protected property\">isInitialized</span>: <span class=sf-dump-const>true</span>
    #<span class=sf-dump-protected title=\"Protected property\">adapter</span>: <span class=sf-dump-note title=\"Laminas\\Db\\Adapter\\Adapter
\"><span class=\"sf-dump-ellipsis sf-dump-ellipsis-note\">Laminas\\Db\\Adapter</span><span class=\"sf-dump-ellipsis sf-dump-ellipsis-note\">\\</span>Adapter</span> {<a class=sf-dump-ref href=#sf-dump-1659671980-ref22103 title=\"4 occurrences\">#2103</a><samp data-depth=3 id=sf-dump-1659671980-ref22103 class=sf-dump-compact>
      #<span class=sf-dump-protected title=\"Protected property\">driver</span>: <span class=sf-dump-note title=\"Laminas\\Db\\Adapter\\Driver\\Pdo\\Pdo
\"><span class=\"sf-dump-ellipsis sf-dump-ellipsis-note\">Laminas\\Db\\Adapter\\Driver\\Pdo</span><span class=\"sf-dump-ellipsis sf-dump-ellipsis-note\">\\</span>Pdo</span> {<a class=sf-dump-ref href=#sf-dump-1659671980-ref22108 title=\"4 occurrences\">#2108</a> &#8230;5}
      #<span class=sf-dump-protected title=\"Protected property\">platform</span>: <span class=sf-dump-note title=\"Laminas\\Db\\Adapter\\Platform\\Mysql
\"><span class=\"sf-dump-ellipsis sf-dump-ellipsis-note\">Laminas\\Db\\Adapter\\Platform</span><span class=\"sf-dump-ellipsis sf-dump-ellipsis-note\">\\</span>Mysql</span> {<a class=sf-dump-ref href=#sf-dump-1659671980-ref22114 title=\"2 occurrences\">#2114</a> &#8230;5}
      #<span class=sf-dump-protected title=\"Protected property\">profiler</span>: <span class=sf-dump-const>null</span>
      #<span class=sf-dump-protected title=\"Protected property\">queryResultSetPrototype</span>: <span class=sf-dump-note title=\"Laminas\\Db\\ResultSet\\ResultSet
\"><span class=\"sf-dump-ellipsis sf-dump-ellipsis-note\">Laminas\\Db\\ResultSet</span><span class=\"sf-dump-ellipsis sf-dump-ellipsis-note\">\\</span>ResultSet</span> {<a class=sf-dump-ref>#2112</a> &#8230;8}
      #<span class=sf-dump-protected title=\"Protected property\">lastPreparedStatement</span>: <span class=sf-dump-const>null</span>
    </samp>}
    #<span class=sf-dump-protected title=\"Protected property\">table</span>: \"<span class=sf-dump-str title=\"11 characters\">attendances</span>\"
    #<span class=sf-dump-protected title=\"Protected property\">columns</span>: []
    #<span class=sf-dump-protected title=\"Protected property\">featureSet</span>: <span class=sf-dump-note title=\"Laminas\\Db\\TableGateway\\Feature\\FeatureSet
\"><span class=\"sf-dump-ellipsis sf-dump-ellipsis-note\">Laminas\\Db\\TableGateway\\Feature</span><span class=\"sf-dump-ellipsis sf-dump-ellipsis-note\">\\</span>FeatureSet</span> {<a class=sf-dump-ref>#2157</a><samp data-depth=3 class=sf-dump-compact>
      #<span class=sf-dump-protected title=\"Protected property\">tableGateway</span>: <span class=sf-dump-note title=\"Laminas\\Db\\TableGateway\\TableGateway
\"><span class=\"sf-dump-ellipsis sf-dump-ellipsis-note\">Laminas\\Db\\TableGateway</span><span class=\"sf-dump-ellipsis sf-dump-ellipsis-note\">\\</span>TableGateway</span> {<a class=sf-dump-ref href=#sf-dump-1659671980-ref22156 title=\"2 occurrences\">#2156</a>}
      #<span class=sf-dump-protected title=\"Protected property\">features</span>: []
      #<span class=sf-dump-protected title=\"Protected property\">magicSpecifications</span>: []
    </samp>}
    #<span class=sf-dump-protected title=\"Protected property\">resultSetPrototype</span>: <span class=sf-dump-note title=\"Laminas\\Db\\ResultSet\\ResultSet
\"><span class=\"sf-dump-ellipsis sf-dump-ellipsis-note\">Laminas\\Db\\ResultSet</span><span class=\"sf-dump-ellipsis sf-dump-ellipsis-note\">\\</span>ResultSet</span> {<a class=sf-dump-ref>#2162</a><samp data-depth=3 class=sf-dump-compact>
      #<span class=sf-dump-protected title=\"Protected property\">buffer</span>: <span class=sf-dump-const>null</span>
      #<span class=sf-dump-protected title=\"Protected property\">count</span>: <span class=sf-dump-const>null</span>
      #<span class=sf-dump-protected title=\"Protected property\">dataSource</span>: <span class=sf-dump-const>null</span>
      #<span class=sf-dump-protected title=\"Protected property\">fieldCount</span>: <span class=sf-dump-const>null</span>
      #<span class=sf-dump-protected title=\"Protected property\">position</span>: <span class=sf-dump-num>0</span>
      #<span class=sf-dump-protected title=\"Protected property\">allowedReturnTypes</span>: <span class=sf-dump-note>array:2</span> [ &#8230;2]
      #<span class=sf-dump-protected title=\"Protected property\">arrayObjectPrototype</span>: <span class=sf-dump-note>ArrayObject</span> {<a class=sf-dump-ref>#2163</a> &#8230;4}
      #<span class=sf-dump-protected title=\"Protected property\">returnType</span>: \"<span class=sf-dump-str title=\"11 characters\">arrayobject</span>\"
    </samp>}
    #<span class=sf-dump-protected title=\"Protected property\">sql</span>: <span class=sf-dump-note title=\"Laminas\\Db\\Sql\\Sql
\"><span class=\"sf-dump-ellipsis sf-dump-ellipsis-note\">Laminas\\Db\\Sql</span><span class=\"sf-dump-ellipsis sf-dump-ellipsis-note\">\\</span>Sql</span> {<a class=sf-dump-ref>#2164</a><samp data-depth=3 class=sf-dump-compact>
      #<span class=sf-dump-protected title=\"Protected property\">adapter</span>: <span class=sf-dump-note title=\"Laminas\\Db\\Adapter\\Adapter
\"><span class=\"sf-dump-ellipsis sf-dump-ellipsis-note\">Laminas\\Db\\Adapter</span><span class=\"sf-dump-ellipsis sf-dump-ellipsis-note\">\\</span>Adapter</span> {<a class=sf-dump-ref href=#sf-dump-1659671980-ref22103 title=\"4 occurrences\">#2103</a>}
      #<span class=sf-dump-protected title=\"Protected property\">table</span>: \"<span class=sf-dump-str title=\"11 characters\">attendances</span>\"
      #<span class=sf-dump-protected title=\"Protected property\">sqlPlatform</span>: <span class=sf-dump-note title=\"Laminas\\Db\\Sql\\Platform\\Platform
\"><span class=\"sf-dump-ellipsis sf-dump-ellipsis-note\">Laminas\\Db\\Sql\\Platform</span><span class=\"sf-dump-ellipsis sf-dump-ellipsis-note\">\\</span>Platform</span> {<a class=sf-dump-ref>#2165</a> &#8230;4}
    </samp>}
    #<span class=sf-dump-protected title=\"Protected property\">lastInsertValue</span>: <span class=sf-dump-const>null</span>
  </samp>}
  #<span class=sf-dump-protected title=\"Protected property\">serviceLocator</span>: <span class=sf-dump-note title=\"Laminas\\ServiceManager\\ServiceManager
\"><span class=\"sf-dump-ellipsis sf-dump-ellipsis-note\">Laminas\\ServiceManager</span><span class=\"sf-dump-ellipsis sf-dump-ellipsis-note\">\\</span>ServiceManager</span> {<a class=sf-dump-ref href=#sf-dump-1659671980-ref21222 title=\"2 occurrences\">#1222</a><samp data-depth=2 id=sf-dump-1659671980-ref21222 class=sf-dump-compact>
    #<span class=sf-dump-protected title=\"Protected property\">abstractFactories</span>: []
    #<span class=sf-dump-protected title=\"Protected property\">aliases</span>: []
    #<span class=sf-dump-protected title=\"Protected property\">allowOverride</span>: <span class=sf-dump-const>false</span>
    #<span class=sf-dump-protected title=\"Protected property\">creationContext</span>: <span class=sf-dump-note title=\"Laminas\\ServiceManager\\ServiceManager
\"><span class=\"sf-dump-ellipsis sf-dump-ellipsis-note\">Laminas\\ServiceManager</span><span class=\"sf-dump-ellipsis sf-dump-ellipsis-note\">\\</span>ServiceManager</span> {<a class=sf-dump-ref href=#sf-dump-1659671980-ref21222 title=\"2 occurrences\">#1222</a>}
    #<span class=sf-dump-protected title=\"Protected property\">delegators</span>: []
    #<span class=sf-dump-protected title=\"Protected property\">factories</span>: <span class=sf-dump-note>array:1</span> [<samp data-depth=3 class=sf-dump-compact>
      \"<span class=sf-dump-key>Laminas\\Db\\Adapter\\Adapter</span>\" => <span class=sf-dump-note>Closure($sm)</span> {<a class=sf-dump-ref>#1223</a> &#8230;3}
    </samp>]
    #<span class=sf-dump-protected title=\"Protected property\">initializers</span>: []
    #<span class=sf-dump-protected title=\"Protected property\">lazyServices</span>: []
    -<span class=sf-dump-private title=\"Private property defined in class:&#10;`Laminas\\ServiceManager\\ServiceManager`\">lazyServicesDelegator</span>: <span class=sf-dump-const>null</span>
    #<span class=sf-dump-protected title=\"Protected property\">services</span>: <span class=sf-dump-note>array:1</span> [<samp data-depth=3 class=sf-dump-compact>
      \"<span class=sf-dump-key>Laminas\\Db\\Adapter\\Adapter</span>\" => <span class=sf-dump-note title=\"Laminas\\Db\\Adapter\\Adapter
\"><span class=\"sf-dump-ellipsis sf-dump-ellipsis-note\">Laminas\\Db\\Adapter</span><span class=\"sf-dump-ellipsis sf-dump-ellipsis-note\">\\</span>Adapter</span> {<a class=sf-dump-ref href=#sf-dump-1659671980-ref22103 title=\"4 occurrences\">#2103</a>}
    </samp>]
    #<span class=sf-dump-protected title=\"Protected property\">shared</span>: []
    #<span class=sf-dump-protected title=\"Protected property\">sharedByDefault</span>: <span class=sf-dump-const>true</span>
    #<span class=sf-dump-protected title=\"Protected property\">configured</span>: <span class=sf-dump-const>true</span>
    -<span class=sf-dump-private title=\"Private property defined in class:&#10;`Laminas\\ServiceManager\\ServiceManager`\">cachedAbstractFactories</span>: []
  </samp>}
  #<span class=sf-dump-protected title=\"Protected property\">primary</span>: \"<span class=sf-dump-str title=\"2 characters\">id</span>\"
  #<span class=sf-dump-protected title=\"Protected property\">adapter</span>: <span class=sf-dump-note title=\"Laminas\\Db\\Adapter\\Adapter
\"><span class=\"sf-dump-ellipsis sf-dump-ellipsis-note\">Laminas\\Db\\Adapter</span><span class=\"sf-dump-ellipsis sf-dump-ellipsis-note\">\\</span>Adapter</span> {<a class=sf-dump-ref href=#sf-dump-1659671980-ref22103 title=\"4 occurrences\">#2103</a>}
  #<span class=sf-dump-protected title=\"Protected property\">inputFilter</span>: <span class=sf-dump-const>null</span>
  +<span class=sf-dump-public title=\"Public property\">db</span>: <span class=sf-dump-const>null</span>
  +<span class=sf-dump-public title=\"Public property\">config</span>: <span class=sf-dump-const>null</span>
  +<span class=sf-dump-public title=\"Public property\">cache</span>: <span class=sf-dump-const>null</span>
  #<span class=sf-dump-protected title=\"Protected property\">accountId</span>: <span class=sf-dump-const>false</span>
  #<span class=sf-dump-protected title=\"Protected property\">prefix</span>: \"\"
  #<span class=sf-dump-protected title=\"Protected property\">timeStamp</span>: <span class=sf-dump-const>true</span>
</samp>}
</pre><script>Sfdump(\"sf-dump-1659671980\", {\"maxDepth\":3,\"maxStringLength\":160})</script>
","studentSessionTable":"<pre class=sf-dump id=sf-dump-1422815514 data-indent-pad=\"  \"><span class=sf-dump-note>App\\V2\\Model\\StudentSessionTable</span> {<a class=sf-dump-ref>#2189</a><samp data-depth=1 class=sf-dump-expanded>
  #<span class=sf-dump-protected title=\"Protected property\">tableName</span>: \"<span class=sf-dump-str title=\"15 characters\">student_courses</span>\"
  +<span class=sf-dump-public title=\"Public property\">tableGateway</span>: <span class=sf-dump-note title=\"Laminas\\Db\\TableGateway\\TableGateway
\"><span class=\"sf-dump-ellipsis sf-dump-ellipsis-note\">Laminas\\Db\\TableGateway</span><span class=\"sf-dump-ellipsis sf-dump-ellipsis-note\">\\</span>TableGateway</span> {<a class=sf-dump-ref href=#sf-dump-1422815514-ref22179 title=\"2 occurrences\">#2179</a><samp data-depth=2 id=sf-dump-1422815514-ref22179 class=sf-dump-compact>
    #<span class=sf-dump-protected title=\"Protected property\">isInitialized</span>: <span class=sf-dump-const>true</span>
    #<span class=sf-dump-protected title=\"Protected property\">adapter</span>: <span class=sf-dump-note title=\"Laminas\\Db\\Adapter\\Adapter
\"><span class=\"sf-dump-ellipsis sf-dump-ellipsis-note\">Laminas\\Db\\Adapter</span><span class=\"sf-dump-ellipsis sf-dump-ellipsis-note\">\\</span>Adapter</span> {<a class=sf-dump-ref href=#sf-dump-1422815514-ref22103 title=\"4 occurrences\">#2103</a><samp data-depth=3 id=sf-dump-1422815514-ref22103 class=sf-dump-compact>
      #<span class=sf-dump-protected title=\"Protected property\">driver</span>: <span class=sf-dump-note title=\"Laminas\\Db\\Adapter\\Driver\\Pdo\\Pdo
\"><span class=\"sf-dump-ellipsis sf-dump-ellipsis-note\">Laminas\\Db\\Adapter\\Driver\\Pdo</span><span class=\"sf-dump-ellipsis sf-dump-ellipsis-note\">\\</span>Pdo</span> {<a class=sf-dump-ref href=#sf-dump-1422815514-ref22108 title=\"4 occurrences\">#2108</a> &#8230;5}
      #<span class=sf-dump-protected title=\"Protected property\">platform</span>: <span class=sf-dump-note title=\"Laminas\\Db\\Adapter\\Platform\\Mysql
\"><span class=\"sf-dump-ellipsis sf-dump-ellipsis-note\">Laminas\\Db\\Adapter\\Platform</span><span class=\"sf-dump-ellipsis sf-dump-ellipsis-note\">\\</span>Mysql</span> {<a class=sf-dump-ref href=#sf-dump-1422815514-ref22114 title=\"2 occurrences\">#2114</a> &#8230;5}
      #<span class=sf-dump-protected title=\"Protected property\">profiler</span>: <span class=sf-dump-const>null</span>
      #<span class=sf-dump-protected title=\"Protected property\">queryResultSetPrototype</span>: <span class=sf-dump-note title=\"Laminas\\Db\\ResultSet\\ResultSet
\"><span class=\"sf-dump-ellipsis sf-dump-ellipsis-note\">Laminas\\Db\\ResultSet</span><span class=\"sf-dump-ellipsis sf-dump-ellipsis-note\">\\</span>ResultSet</span> {<a class=sf-dump-ref>#2112</a> &#8230;8}
      #<span class=sf-dump-protected title=\"Protected property\">lastPreparedStatement</span>: <span class=sf-dump-const>null</span>
    </samp>}
    #<span class=sf-dump-protected title=\"Protected property\">table</span>: \"<span class=sf-dump-str title=\"15 characters\">student_courses</span>\"
    #<span class=sf-dump-protected title=\"Protected property\">columns</span>: []
    #<span class=sf-dump-protected title=\"Protected property\">featureSet</span>: <span class=sf-dump-note title=\"Laminas\\Db\\TableGateway\\Feature\\FeatureSet
\"><span class=\"sf-dump-ellipsis sf-dump-ellipsis-note\">Laminas\\Db\\TableGateway\\Feature</span><span class=\"sf-dump-ellipsis sf-dump-ellipsis-note\">\\</span>FeatureSet</span> {<a class=sf-dump-ref>#2184</a><samp data-depth=3 class=sf-dump-compact>
      #<span class=sf-dump-protected title=\"Protected property\">tableGateway</span>: <span class=sf-dump-note title=\"Laminas\\Db\\TableGateway\\TableGateway
\"><span class=\"sf-dump-ellipsis sf-dump-ellipsis-note\">Laminas\\Db\\TableGateway</span><span class=\"sf-dump-ellipsis sf-dump-ellipsis-note\">\\</span>TableGateway</span> {<a class=sf-dump-ref href=#sf-dump-1422815514-ref22179 title=\"2 occurrences\">#2179</a>}
      #<span class=sf-dump-protected title=\"Protected property\">features</span>: []
      #<span class=sf-dump-protected title=\"Protected property\">magicSpecifications</span>: []
    </samp>}
    #<span class=sf-dump-protected title=\"Protected property\">resultSetPrototype</span>: <span class=sf-dump-note title=\"Laminas\\Db\\ResultSet\\ResultSet
\"><span class=\"sf-dump-ellipsis sf-dump-ellipsis-note\">Laminas\\Db\\ResultSet</span><span class=\"sf-dump-ellipsis sf-dump-ellipsis-note\">\\</span>ResultSet</span> {<a class=sf-dump-ref>#2197</a><samp data-depth=3 class=sf-dump-compact>
      #<span class=sf-dump-protected title=\"Protected property\">buffer</span>: <span class=sf-dump-const>null</span>
      #<span class=sf-dump-protected title=\"Protected property\">count</span>: <span class=sf-dump-const>null</span>
      #<span class=sf-dump-protected title=\"Protected property\">dataSource</span>: <span class=sf-dump-const>null</span>
      #<span class=sf-dump-protected title=\"Protected property\">fieldCount</span>: <span class=sf-dump-const>null</span>
      #<span class=sf-dump-protected title=\"Protected property\">position</span>: <span class=sf-dump-num>0</span>
      #<span class=sf-dump-protected title=\"Protected property\">allowedReturnTypes</span>: <span class=sf-dump-note>array:2</span> [ &#8230;2]
      #<span class=sf-dump-protected title=\"Protected property\">arrayObjectPrototype</span>: <span class=sf-dump-note>ArrayObject</span> {<a class=sf-dump-ref>#2198</a> &#8230;4}
      #<span class=sf-dump-protected title=\"Protected property\">returnType</span>: \"<span class=sf-dump-str title=\"11 characters\">arrayobject</span>\"
    </samp>}
    #<span class=sf-dump-protected title=\"Protected property\">sql</span>: <span class=sf-dump-note title=\"Laminas\\Db\\Sql\\Sql
\"><span class=\"sf-dump-ellipsis sf-dump-ellipsis-note\">Laminas\\Db\\Sql</span><span class=\"sf-dump-ellipsis sf-dump-ellipsis-note\">\\</span>Sql</span> {<a class=sf-dump-ref>#2199</a><samp data-depth=3 class=sf-dump-compact>
      #<span class=sf-dump-protected title=\"Protected property\">adapter</span>: <span class=sf-dump-note title=\"Laminas\\Db\\Adapter\\Adapter
\"><span class=\"sf-dump-ellipsis sf-dump-ellipsis-note\">Laminas\\Db\\Adapter</span><span class=\"sf-dump-ellipsis sf-dump-ellipsis-note\">\\</span>Adapter</span> {<a class=sf-dump-ref href=#sf-dump-1422815514-ref22103 title=\"4 occurrences\">#2103</a>}
      #<span class=sf-dump-protected title=\"Protected property\">table</span>: \"<span class=sf-dump-str title=\"15 characters\">student_courses</span>\"
      #<span class=sf-dump-protected title=\"Protected property\">sqlPlatform</span>: <span class=sf-dump-note title=\"Laminas\\Db\\Sql\\Platform\\Platform
\"><span class=\"sf-dump-ellipsis sf-dump-ellipsis-note\">Laminas\\Db\\Sql\\Platform</span><span class=\"sf-dump-ellipsis sf-dump-ellipsis-note\">\\</span>Platform</span> {<a class=sf-dump-ref>#2200</a> &#8230;4}
    </samp>}
    #<span class=sf-dump-protected title=\"Protected property\">lastInsertValue</span>: <span class=sf-dump-const>null</span>
  </samp>}
  #<span class=sf-dump-protected title=\"Protected property\">serviceLocator</span>: <span class=sf-dump-note title=\"Laminas\\ServiceManager\\ServiceManager
\"><span class=\"sf-dump-ellipsis sf-dump-ellipsis-note\">Laminas\\ServiceManager</span><span class=\"sf-dump-ellipsis sf-dump-ellipsis-note\">\\</span>ServiceManager</span> {<a class=sf-dump-ref href=#sf-dump-1422815514-ref21222 title=\"2 occurrences\">#1222</a><samp data-depth=2 id=sf-dump-1422815514-ref21222 class=sf-dump-compact>
    #<span class=sf-dump-protected title=\"Protected property\">abstractFactories</span>: []
    #<span class=sf-dump-protected title=\"Protected property\">aliases</span>: []
    #<span class=sf-dump-protected title=\"Protected property\">allowOverride</span>: <span class=sf-dump-const>false</span>
    #<span class=sf-dump-protected title=\"Protected property\">creationContext</span>: <span class=sf-dump-note title=\"Laminas\\ServiceManager\\ServiceManager
\"><span class=\"sf-dump-ellipsis sf-dump-ellipsis-note\">Laminas\\ServiceManager</span><span class=\"sf-dump-ellipsis sf-dump-ellipsis-note\">\\</span>ServiceManager</span> {<a class=sf-dump-ref href=#sf-dump-1422815514-ref21222 title=\"2 occurrences\">#1222</a>}
    #<span class=sf-dump-protected title=\"Protected property\">delegators</span>: []
    #<span class=sf-dump-protected title=\"Protected property\">factories</span>: <span class=sf-dump-note>array:1</span> [<samp data-depth=3 class=sf-dump-compact>
      \"<span class=sf-dump-key>Laminas\\Db\\Adapter\\Adapter</span>\" => <span class=sf-dump-note>Closure($sm)</span> {<a class=sf-dump-ref>#1223</a> &#8230;3}
    </samp>]
    #<span class=sf-dump-protected title=\"Protected property\">initializers</span>: []
    #<span class=sf-dump-protected title=\"Protected property\">lazyServices</span>: []
    -<span class=sf-dump-private title=\"Private property defined in class:&#10;`Laminas\\ServiceManager\\ServiceManager`\">lazyServicesDelegator</span>: <span class=sf-dump-const>null</span>
    #<span class=sf-dump-protected title=\"Protected property\">services</span>: <span class=sf-dump-note>array:1</span> [<samp data-depth=3 class=sf-dump-compact>
      \"<span class=sf-dump-key>Laminas\\Db\\Adapter\\Adapter</span>\" => <span class=sf-dump-note title=\"Laminas\\Db\\Adapter\\Adapter
\"><span class=\"sf-dump-ellipsis sf-dump-ellipsis-note\">Laminas\\Db\\Adapter</span><span class=\"sf-dump-ellipsis sf-dump-ellipsis-note\">\\</span>Adapter</span> {<a class=sf-dump-ref href=#sf-dump-1422815514-ref22103 title=\"4 occurrences\">#2103</a>}
    </samp>]
    #<span class=sf-dump-protected title=\"Protected property\">shared</span>: []
    #<span class=sf-dump-protected title=\"Protected property\">sharedByDefault</span>: <span class=sf-dump-const>true</span>
    #<span class=sf-dump-protected title=\"Protected property\">configured</span>: <span class=sf-dump-const>true</span>
    -<span class=sf-dump-private title=\"Private property defined in class:&#10;`Laminas\\ServiceManager\\ServiceManager`\">cachedAbstractFactories</span>: []
  </samp>}
  #<span class=sf-dump-protected title=\"Protected property\">primary</span>: \"<span class=sf-dump-str title=\"2 characters\">id</span>\"
  #<span class=sf-dump-protected title=\"Protected property\">adapter</span>: <span class=sf-dump-note title=\"Laminas\\Db\\Adapter\\Adapter
\"><span class=\"sf-dump-ellipsis sf-dump-ellipsis-note\">Laminas\\Db\\Adapter</span><span class=\"sf-dump-ellipsis sf-dump-ellipsis-note\">\\</span>Adapter</span> {<a class=sf-dump-ref href=#sf-dump-1422815514-ref22103 title=\"4 occurrences\">#2103</a>}
  #<span class=sf-dump-protected title=\"Protected property\">inputFilter</span>: <span class=sf-dump-const>null</span>
  +<span class=sf-dump-public title=\"Public property\">db</span>: <span class=sf-dump-const>null</span>
  +<span class=sf-dump-public title=\"Public property\">config</span>: <span class=sf-dump-const>null</span>
  +<span class=sf-dump-public title=\"Public property\">cache</span>: <span class=sf-dump-const>null</span>
  #<span class=sf-dump-protected title=\"Protected property\">accountId</span>: <span class=sf-dump-const>false</span>
  #<span class=sf-dump-protected title=\"Protected property\">prefix</span>: \"\"
  #<span class=sf-dump-protected title=\"Protected property\">timeStamp</span>: <span class=sf-dump-const>true</span>
</samp>}
</pre><script>Sfdump(\"sf-dump-1422815514\", {\"maxDepth\":3,\"maxStringLength\":160})</script>
","filter":"<pre class=sf-dump id=sf-dump-1034806599 data-indent-pad=\"  \"><span class=sf-dump-const>null</span>
</pre><script>Sfdump(\"sf-dump-1034806599\", {\"maxDepth\":3,\"maxStringLength\":160})</script>
","group":"<pre class=sf-dump id=sf-dump-1562068016 data-indent-pad=\"  \"><span class=sf-dump-const>null</span>
</pre><script>Sfdump(\"sf-dump-1562068016\", {\"maxDepth\":3,\"maxStringLength\":160})</script>
","text":"<pre class=sf-dump id=sf-dump-2134178432 data-indent-pad=\"  \"><span class=sf-dump-note>Laminas\\Form\\Element\\Text</span> {<a class=sf-dump-ref>#2224</a><samp data-depth=1 class=sf-dump-expanded>
  #<span class=sf-dump-protected title=\"Protected property\">attributes</span>: <span class=sf-dump-note>array:4</span> [<samp data-depth=2 class=sf-dump-compact>
    \"<span class=sf-dump-key>type</span>\" => \"<span class=sf-dump-str title=\"4 characters\">text</span>\"
    \"<span class=sf-dump-key>name</span>\" => \"<span class=sf-dump-str title=\"6 characters\">filter</span>\"
    \"<span class=sf-dump-key>class</span>\" => \"<span class=sf-dump-str title=\"12 characters\">form-control</span>\"
    \"<span class=sf-dump-key>placeholder</span>\" => \"<span class=sf-dump-str title=\"4 characters\">Cari</span>\"
  </samp>]
  #<span class=sf-dump-protected title=\"Protected property\">label</span>: <span class=sf-dump-const>null</span>
  #<span class=sf-dump-protected title=\"Protected property\">labelAttributes</span>: []
  #<span class=sf-dump-protected title=\"Protected property\">labelOptions</span>: []
  #<span class=sf-dump-protected title=\"Protected property\">messages</span>: []
  #<span class=sf-dump-protected title=\"Protected property\">options</span>: []
  #<span class=sf-dump-protected title=\"Protected property\">value</span>: <span class=sf-dump-const>null</span>
  #<span class=sf-dump-protected title=\"Protected property\">hasValue</span>: <span class=sf-dump-const>true</span>
</samp>}
</pre><script>Sfdump(\"sf-dump-2134178432\", {\"maxDepth\":3,\"maxStringLength\":160})</script>
","select":"<pre class=sf-dump id=sf-dump-1298224354 data-indent-pad=\"  \"><span class=sf-dump-note>Laminas\\Form\\Element\\Select</span> {<a class=sf-dump-ref>#2219</a><samp data-depth=1 class=sf-dump-expanded>
  #<span class=sf-dump-protected title=\"Protected property\">attributes</span>: <span class=sf-dump-note>array:3</span> [<samp data-depth=2 class=sf-dump-compact>
    \"<span class=sf-dump-key>type</span>\" => \"<span class=sf-dump-str title=\"6 characters\">select</span>\"
    \"<span class=sf-dump-key>name</span>\" => \"<span class=sf-dump-str title=\"5 characters\">group</span>\"
    \"<span class=sf-dump-key>class</span>\" => \"<span class=sf-dump-str title=\"20 characters\">form-control select2</span>\"
  </samp>]
  #<span class=sf-dump-protected title=\"Protected property\">label</span>: <span class=sf-dump-const>null</span>
  #<span class=sf-dump-protected title=\"Protected property\">labelAttributes</span>: []
  #<span class=sf-dump-protected title=\"Protected property\">labelOptions</span>: []
  #<span class=sf-dump-protected title=\"Protected property\">messages</span>: []
  #<span class=sf-dump-protected title=\"Protected property\">options</span>: []
  #<span class=sf-dump-protected title=\"Protected property\">value</span>: <span class=sf-dump-const>null</span>
  #<span class=sf-dump-protected title=\"Protected property\">hasValue</span>: <span class=sf-dump-const>true</span>
  #<span class=sf-dump-protected title=\"Protected property\">validator</span>: <span class=sf-dump-const>null</span>
  #<span class=sf-dump-protected title=\"Protected property\">disableInArrayValidator</span>: <span class=sf-dump-const>false</span>
  #<span class=sf-dump-protected title=\"Protected property\">emptyOption</span>: \"<span class=sf-dump-str title=\"18 characters\">--Pilih Kategori--</span>\"
  #<span class=sf-dump-protected title=\"Protected property\">valueOptions</span>: <span class=sf-dump-note>array:3</span> [<samp data-depth=2 class=sf-dump-compact>
    <span class=sf-dump-key>1</span> => \"<span class=sf-dump-str title=\"6 characters\">Visual</span>\"
    <span class=sf-dump-key>2</span> => \"<span class=sf-dump-str title=\"5 characters\">Audio</span>\"
    <span class=sf-dump-key>3</span> => \"<span class=sf-dump-str title=\"10 characters\">Kinestetik</span>\"
  </samp>]
  #<span class=sf-dump-protected title=\"Protected property\">useHiddenElement</span>: <span class=sf-dump-const>false</span>
  #<span class=sf-dump-protected title=\"Protected property\">unselectedValue</span>: \"\"
</samp>}
</pre><script>Sfdump(\"sf-dump-1298224354\", {\"maxDepth\":3,\"maxStringLength\":160})</script>
","sortSelect":"<pre class=sf-dump id=sf-dump-2108574981 data-indent-pad=\"  \"><span class=sf-dump-note>Laminas\\Form\\Element\\Select</span> {<a class=sf-dump-ref>#2214</a><samp data-depth=1 class=sf-dump-expanded>
  #<span class=sf-dump-protected title=\"Protected property\">attributes</span>: <span class=sf-dump-note>array:3</span> [<samp data-depth=2 class=sf-dump-compact>
    \"<span class=sf-dump-key>type</span>\" => \"<span class=sf-dump-str title=\"6 characters\">select</span>\"
    \"<span class=sf-dump-key>name</span>\" => \"<span class=sf-dump-str title=\"4 characters\">sort</span>\"
    \"<span class=sf-dump-key>class</span>\" => \"<span class=sf-dump-str title=\"12 characters\">form-control</span>\"
  </samp>]
  #<span class=sf-dump-protected title=\"Protected property\">label</span>: <span class=sf-dump-const>null</span>
  #<span class=sf-dump-protected title=\"Protected property\">labelAttributes</span>: []
  #<span class=sf-dump-protected title=\"Protected property\">labelOptions</span>: []
  #<span class=sf-dump-protected title=\"Protected property\">messages</span>: []
  #<span class=sf-dump-protected title=\"Protected property\">options</span>: []
  #<span class=sf-dump-protected title=\"Protected property\">value</span>: <span class=sf-dump-const>null</span>
  #<span class=sf-dump-protected title=\"Protected property\">hasValue</span>: <span class=sf-dump-const>true</span>
  #<span class=sf-dump-protected title=\"Protected property\">validator</span>: <span class=sf-dump-const>null</span>
  #<span class=sf-dump-protected title=\"Protected property\">disableInArrayValidator</span>: <span class=sf-dump-const>false</span>
  #<span class=sf-dump-protected title=\"Protected property\">emptyOption</span>: \"<span class=sf-dump-str title=\"13 characters\">--Menyortir--</span>\"
  #<span class=sf-dump-protected title=\"Protected property\">valueOptions</span>: <span class=sf-dump-note>array:6</span> [<samp data-depth=2 class=sf-dump-compact>
    \"<span class=sf-dump-key>recent</span>\" => \"<span class=sf-dump-str title=\"25 characters\">Baru-baru ini ditambahkan</span>\"
    \"<span class=sf-dump-key>asc</span>\" => \"<span class=sf-dump-str title=\"14 characters\">Alfabet (Naik)</span>\"
    \"<span class=sf-dump-key>desc</span>\" => \"<span class=sf-dump-str title=\"15 characters\">Alfabet (Turun)</span>\"
    \"<span class=sf-dump-key>date</span>\" => \"<span class=sf-dump-str title=\"13 characters\">Mulai tanggal</span>\"
    \"<span class=sf-dump-key>priceAsc</span>\" => \"<span class=sf-dump-str title=\"29 characters\">Harga (Terendah ke Tertinggi)</span>\"
    \"<span class=sf-dump-key>priceDesc</span>\" => \"<span class=sf-dump-str title=\"29 characters\">Harga (Tertinggi ke Terendah)</span>\"
  </samp>]
  #<span class=sf-dump-protected title=\"Protected property\">useHiddenElement</span>: <span class=sf-dump-const>false</span>
  #<span class=sf-dump-protected title=\"Protected property\">unselectedValue</span>: \"\"
</samp>}
</pre><script>Sfdump(\"sf-dump-2108574981\", {\"maxDepth\":3,\"maxStringLength\":160})</script>
","sort":"<pre class=sf-dump id=sf-dump-1603574805 data-indent-pad=\"  \"><span class=sf-dump-const>null</span>
</pre><script>Sfdump(\"sf-dump-1603574805\", {\"maxDepth\":3,\"maxStringLength\":160})</script>
","typeSelect":"<pre class=sf-dump id=sf-dump-1587374853 data-indent-pad=\"  \"><span class=sf-dump-note>Laminas\\Form\\Element\\Select</span> {<a class=sf-dump-ref>#2208</a><samp data-depth=1 class=sf-dump-expanded>
  #<span class=sf-dump-protected title=\"Protected property\">attributes</span>: <span class=sf-dump-note>array:3</span> [<samp data-depth=2 class=sf-dump-compact>
    \"<span class=sf-dump-key>type</span>\" => \"<span class=sf-dump-str title=\"6 characters\">select</span>\"
    \"<span class=sf-dump-key>name</span>\" => \"<span class=sf-dump-str title=\"4 characters\">type</span>\"
    \"<span class=sf-dump-key>class</span>\" => \"<span class=sf-dump-str title=\"12 characters\">form-control</span>\"
  </samp>]
  #<span class=sf-dump-protected title=\"Protected property\">label</span>: <span class=sf-dump-const>null</span>
  #<span class=sf-dump-protected title=\"Protected property\">labelAttributes</span>: []
  #<span class=sf-dump-protected title=\"Protected property\">labelOptions</span>: []
  #<span class=sf-dump-protected title=\"Protected property\">messages</span>: []
  #<span class=sf-dump-protected title=\"Protected property\">options</span>: []
  #<span class=sf-dump-protected title=\"Protected property\">value</span>: <span class=sf-dump-const>null</span>
  #<span class=sf-dump-protected title=\"Protected property\">hasValue</span>: <span class=sf-dump-const>true</span>
  #<span class=sf-dump-protected title=\"Protected property\">validator</span>: <span class=sf-dump-const>null</span>
  #<span class=sf-dump-protected title=\"Protected property\">disableInArrayValidator</span>: <span class=sf-dump-const>false</span>
  #<span class=sf-dump-protected title=\"Protected property\">emptyOption</span>: \"<span class=sf-dump-str title=\"8 characters\">--Tipe--</span>\"
  #<span class=sf-dump-protected title=\"Protected property\">valueOptions</span>: <span class=sf-dump-note>array:3</span> [<samp data-depth=2 class=sf-dump-compact>
    \"<span class=sf-dump-key>s</span>\" => \"<span class=sf-dump-str title=\"14 characters\">Sesi pelatihan</span>\"
    \"<span class=sf-dump-key>c</span>\" => \"<span class=sf-dump-str title=\"13 characters\">Kursus online</span>\"
    \"<span class=sf-dump-key>b</span>\" => \"<span class=sf-dump-str title=\"34 characters\">Sesi Pelatihan dengan Kelas Online</span>\"
  </samp>]
  #<span class=sf-dump-protected title=\"Protected property\">useHiddenElement</span>: <span class=sf-dump-const>false</span>
  #<span class=sf-dump-protected title=\"Protected property\">unselectedValue</span>: \"\"
</samp>}
</pre><script>Sfdump(\"sf-dump-1587374853\", {\"maxDepth\":3,\"maxStringLength\":160})</script>
","type":"<pre class=sf-dump id=sf-dump-1413635901 data-indent-pad=\"  \"><span class=sf-dump-const>null</span>
</pre><script>Sfdump(\"sf-dump-1413635901\", {\"maxDepth\":3,\"maxStringLength\":160})</script>
","userLayout":"<pre class=sf-dump id=sf-dump-487759098 data-indent-pad=\"  \">\"<span class=sf-dump-str title=\"13 characters\">layouts.admin</span>\"
</pre><script>Sfdump(\"sf-dump-487759098\", {\"maxDepth\":3,\"maxStringLength\":160})</script>
"}},"userId":1,"exception":"[object] (Spatie\\LaravelIgnition\\Exceptions\\ViewException(code: 0): syntax error, unexpected identifier \"course_id\", expecting \")\" at C:\\xampp\\htdocs\\its-tni\\resources\\views\\admin\\report\\index.blade.php:119)
[stacktrace]
#0 C:\\xampp\\htdocs\\its-tni\\vendor\\laravel\\framework\\src\\Illuminate\\Filesystem\\Filesystem.php(124): Illuminate\\Filesystem\\Filesystem::Illuminate\\Filesystem\\{closure}()
#1 C:\\xampp\\htdocs\\its-tni\\vendor\\laravel\\framework\\src\\Illuminate\\View\\Engines\\PhpEngine.php(58): Illuminate\\Filesystem\\Filesystem->getRequire('C:\\\\xampp\\\\htdocs...', Array)
#2 C:\\xampp\\htdocs\\its-tni\\vendor\\laravel\\framework\\src\\Illuminate\\View\\Engines\\CompilerEngine.php(70): Illuminate\\View\\Engines\\PhpEngine->evaluatePath('C:\\\\xampp\\\\htdocs...', Array)
#3 C:\\xampp\\htdocs\\its-tni\\vendor\\laravel\\framework\\src\\Illuminate\\View\\View.php(195): Illuminate\\View\\Engines\\CompilerEngine->get('C:\\\\xampp\\\\htdocs...', Array)
#4 C:\\xampp\\htdocs\\its-tni\\vendor\\laravel\\framework\\src\\Illuminate\\View\\View.php(178): Illuminate\\View\\View->getContents()
#5 C:\\xampp\\htdocs\\its-tni\\vendor\\laravel\\framework\\src\\Illuminate\\View\\View.php(147): Illuminate\\View\\View->renderContents()
#6 C:\\xampp\\htdocs\\its-tni\\vendor\\laravel\\framework\\src\\Illuminate\\Http\\Response.php(69): Illuminate\\View\\View->render()
#7 C:\\xampp\\htdocs\\its-tni\\vendor\\laravel\\framework\\src\\Illuminate\\Http\\Response.php(35): Illuminate\\Http\\Response->setContent(Object(Illuminate\\View\\View))
#8 C:\\xampp\\htdocs\\its-tni\\vendor\\laravel\\framework\\src\\Illuminate\\Routing\\Router.php(906): Illuminate\\Http\\Response->__construct(Object(Illuminate\\View\\View), 200, Array)
#9 C:\\xampp\\htdocs\\its-tni\\vendor\\laravel\\framework\\src\\Illuminate\\Routing\\Router.php(875): Illuminate\\Routing\\Router::toResponse(Object(Illuminate\\Http\\Request), Object(Illuminate\\View\\View))
#10 C:\\xampp\\htdocs\\its-tni\\vendor\\laravel\\framework\\src\\Illuminate\\Routing\\Router.php(797): Illuminate\\Routing\\Router->prepareResponse(Object(Illuminate\\Http\\Request), Object(Illuminate\\View\\View))
#11 C:\\xampp\\htdocs\\its-tni\\vendor\\laravel\\framework\\src\\Illuminate\\Pipeline\\Pipeline.php(141): Illuminate\\Routing\\Router->Illuminate\\Routing\\{closure}(Object(Illuminate\\Http\\Request))
#12 C:\\xampp\\htdocs\\its-tni\\app\\Http\\Middleware\\UserLimit.php(28): Illuminate\\Pipeline\\Pipeline->Illuminate\\Pipeline\\{closure}(Object(Illuminate\\Http\\Request))
#13 C:\\xampp\\htdocs\\its-tni\\vendor\\laravel\\framework\\src\\Illuminate\\Pipeline\\Pipeline.php(180): App\\Http\\Middleware\\UserLimit->handle(Object(Illuminate\\Http\\Request), Object(Closure))
#14 C:\\xampp\\htdocs\\its-tni\\app\\Http\\Middleware\\Admin.php(48): Illuminate\\Pipeline\\Pipeline->Illuminate\\Pipeline\\{closure}(Object(Illuminate\\Http\\Request))
#15 C:\\xampp\\htdocs\\its-tni\\vendor\\laravel\\framework\\src\\Illuminate\\Pipeline\\Pipeline.php(180): App\\Http\\Middleware\\Admin->handle(Object(Illuminate\\Http\\Request), Object(Closure))
#16 C:\\xampp\\htdocs\\its-tni\\vendor\\laravel\\framework\\src\\Illuminate\\Routing\\Middleware\\SubstituteBindings.php(50): Illuminate\\Pipeline\\Pipeline->Illuminate\\Pipeline\\{closure}(Object(Illuminate\\Http\\Request))
#17 C:\\xampp\\htdocs\\its-tni\\vendor\\laravel\\framework\\src\\Illuminate\\Pipeline\\Pipeline.php(180): Illuminate\\Routing\\Middleware\\SubstituteBindings->handle(Object(Illuminate\\Http\\Request), Object(Closure))
#18 C:\\xampp\\htdocs\\its-tni\\vendor\\laravel\\framework\\src\\Illuminate\\Auth\\Middleware\\Authenticate.php(45): Illuminate\\Pipeline\\Pipeline->Illuminate\\Pipeline\\{closure}(Object(Illuminate\\Http\\Request))
#19 C:\\xampp\\htdocs\\its-tni\\vendor\\laravel\\framework\\src\\Illuminate\\Pipeline\\Pipeline.php(180): Illuminate\\Auth\\Middleware\\Authenticate->handle(Object(Illuminate\\Http\\Request), Object(Closure))
#20 C:\\xampp\\htdocs\\its-tni\\vendor\\laravel\\framework\\src\\Illuminate\\Foundation\\Http\\Middleware\\VerifyCsrfToken.php(78): Illuminate\\Pipeline\\Pipeline->Illuminate\\Pipeline\\{closure}(Object(Illuminate\\Http\\Request))
#21 C:\\xampp\\htdocs\\its-tni\\vendor\\laravel\\framework\\src\\Illuminate\\Pipeline\\Pipeline.php(180): Illuminate\\Foundation\\Http\\Middleware\\VerifyCsrfToken->handle(Object(Illuminate\\Http\\Request), Object(Closure))
#22 C:\\xampp\\htdocs\\its-tni\\vendor\\laravel\\framework\\src\\Illuminate\\View\\Middleware\\ShareErrorsFromSession.php(49): Illuminate\\Pipeline\\Pipeline->Illuminate\\Pipeline\\{closure}(Object(Illuminate\\Http\\Request))
#23 C:\\xampp\\htdocs\\its-tni\\vendor\\laravel\\framework\\src\\Illuminate\\Pipeline\\Pipeline.php(180): Illuminate\\View\\Middleware\\ShareErrorsFromSession->handle(Object(Illuminate\\Http\\Request), Object(Closure))
#24 C:\\xampp\\htdocs\\its-tni\\vendor\\laravel\\framework\\src\\Illuminate\\Session\\Middleware\\StartSession.php(121): Illuminate\\Pipeline\\Pipeline->Illuminate\\Pipeline\\{closure}(Object(Illuminate\\Http\\Request))
#25 C:\\xampp\\htdocs\\its-tni\\vendor\\laravel\\framework\\src\\Illuminate\\Session\\Middleware\\StartSession.php(64): Illuminate\\Session\\Middleware\\StartSession->handleStatefulRequest(Object(Illuminate\\Http\\Request), Object(Illuminate\\Session\\Store), Object(Closure))
#26 C:\\xampp\\htdocs\\its-tni\\vendor\\laravel\\framework\\src\\Illuminate\\Pipeline\\Pipeline.php(180): Illuminate\\Session\\Middleware\\StartSession->handle(Object(Illuminate\\Http\\Request), Object(Closure))
#27 C:\\xampp\\htdocs\\its-tni\\vendor\\laravel\\framework\\src\\Illuminate\\Cookie\\Middleware\\AddQueuedCookiesToResponse.php(37): Illuminate\\Pipeline\\Pipeline->Illuminate\\Pipeline\\{closure}(Object(Illuminate\\Http\\Request))
#28 C:\\xampp\\htdocs\\its-tni\\vendor\\laravel\\framework\\src\\Illuminate\\Pipeline\\Pipeline.php(180): Illuminate\\Cookie\\Middleware\\AddQueuedCookiesToResponse->handle(Object(Illuminate\\Http\\Request), Object(Closure))
#29 C:\\xampp\\htdocs\\its-tni\\vendor\\laravel\\framework\\src\\Illuminate\\Cookie\\Middleware\\EncryptCookies.php(67): Illuminate\\Pipeline\\Pipeline->Illuminate\\Pipeline\\{closure}(Object(Illuminate\\Http\\Request))
#30 C:\\xampp\\htdocs\\its-tni\\vendor\\laravel\\framework\\src\\Illuminate\\Pipeline\\Pipeline.php(180): Illuminate\\Cookie\\Middleware\\EncryptCookies->handle(Object(Illuminate\\Http\\Request), Object(Closure))
#31 C:\\xampp\\htdocs\\its-tni\\vendor\\laravel\\framework\\src\\Illuminate\\Pipeline\\Pipeline.php(116): Illuminate\\Pipeline\\Pipeline->Illuminate\\Pipeline\\{closure}(Object(Illuminate\\Http\\Request))
#32 C:\\xampp\\htdocs\\its-tni\\vendor\\laravel\\framework\\src\\Illuminate\\Routing\\Router.php(797): Illuminate\\Pipeline\\Pipeline->then(Object(Closure))
#33 C:\\xampp\\htdocs\\its-tni\\vendor\\laravel\\framework\\src\\Illuminate\\Routing\\Router.php(776): Illuminate\\Routing\\Router->runRouteWithinStack(Object(Illuminate\\Routing\\Route), Object(Illuminate\\Http\\Request))
#34 C:\\xampp\\htdocs\\its-tni\\vendor\\laravel\\framework\\src\\Illuminate\\Routing\\Router.php(740): Illuminate\\Routing\\Router->runRoute(Object(Illuminate\\Http\\Request), Object(Illuminate\\Routing\\Route))
#35 C:\\xampp\\htdocs\\its-tni\\vendor\\laravel\\framework\\src\\Illuminate\\Routing\\Router.php(729): Illuminate\\Routing\\Router->dispatchToRoute(Object(Illuminate\\Http\\Request))
#36 C:\\xampp\\htdocs\\its-tni\\vendor\\laravel\\framework\\src\\Illuminate\\Foundation\\Http\\Kernel.php(200): Illuminate\\Routing\\Router->dispatch(Object(Illuminate\\Http\\Request))
#37 C:\\xampp\\htdocs\\its-tni\\vendor\\laravel\\framework\\src\\Illuminate\\Pipeline\\Pipeline.php(141): Illuminate\\Foundation\\Http\\Kernel->Illuminate\\Foundation\\Http\\{closure}(Object(Illuminate\\Http\\Request))
#38 C:\\xampp\\htdocs\\its-tni\\vendor\\laravel\\framework\\src\\Illuminate\\Foundation\\Http\\Middleware\\TransformsRequest.php(21): Illuminate\\Pipeline\\Pipeline->Illuminate\\Pipeline\\{closure}(Object(Illuminate\\Http\\Request))
#39 C:\\xampp\\htdocs\\its-tni\\vendor\\laravel\\framework\\src\\Illuminate\\Foundation\\Http\\Middleware\\ConvertEmptyStringsToNull.php(31): Illuminate\\Foundation\\Http\\Middleware\\TransformsRequest->handle(Object(Illuminate\\Http\\Request), Object(Closure))
#40 C:\\xampp\\htdocs\\its-tni\\vendor\\laravel\\framework\\src\\Illuminate\\Pipeline\\Pipeline.php(180): Illuminate\\Foundation\\Http\\Middleware\\ConvertEmptyStringsToNull->handle(Object(Illuminate\\Http\\Request), Object(Closure))
#41 C:\\xampp\\htdocs\\its-tni\\vendor\\laravel\\framework\\src\\Illuminate\\Foundation\\Http\\Middleware\\TransformsRequest.php(21): Illuminate\\Pipeline\\Pipeline->Illuminate\\Pipeline\\{closure}(Object(Illuminate\\Http\\Request))
#42 C:\\xampp\\htdocs\\its-tni\\vendor\\laravel\\framework\\src\\Illuminate\\Foundation\\Http\\Middleware\\TrimStrings.php(40): Illuminate\\Foundation\\Http\\Middleware\\TransformsRequest->handle(Object(Illuminate\\Http\\Request), Object(Closure))
#43 C:\\xampp\\htdocs\\its-tni\\vendor\\laravel\\framework\\src\\Illuminate\\Pipeline\\Pipeline.php(180): Illuminate\\Foundation\\Http\\Middleware\\TrimStrings->handle(Object(Illuminate\\Http\\Request), Object(Closure))
#44 C:\\xampp\\htdocs\\its-tni\\vendor\\laravel\\framework\\src\\Illuminate\\Foundation\\Http\\Middleware\\ValidatePostSize.php(27): Illuminate\\Pipeline\\Pipeline->Illuminate\\Pipeline\\{closure}(Object(Illuminate\\Http\\Request))
#45 C:\\xampp\\htdocs\\its-tni\\vendor\\laravel\\framework\\src\\Illuminate\\Pipeline\\Pipeline.php(180): Illuminate\\Foundation\\Http\\Middleware\\ValidatePostSize->handle(Object(Illuminate\\Http\\Request), Object(Closure))
#46 C:\\xampp\\htdocs\\its-tni\\vendor\\laravel\\framework\\src\\Illuminate\\Foundation\\Http\\Middleware\\PreventRequestsDuringMaintenance.php(86): Illuminate\\Pipeline\\Pipeline->Illuminate\\Pipeline\\{closure}(Object(Illuminate\\Http\\Request))
#47 C:\\xampp\\htdocs\\its-tni\\vendor\\laravel\\framework\\src\\Illuminate\\Pipeline\\Pipeline.php(180): Illuminate\\Foundation\\Http\\Middleware\\PreventRequestsDuringMaintenance->handle(Object(Illuminate\\Http\\Request), Object(Closure))
#48 C:\\xampp\\htdocs\\its-tni\\vendor\\laravel\\framework\\src\\Illuminate\\Http\\Middleware\\HandleCors.php(49): Illuminate\\Pipeline\\Pipeline->Illuminate\\Pipeline\\{closure}(Object(Illuminate\\Http\\Request))
#49 C:\\xampp\\htdocs\\its-tni\\vendor\\laravel\\framework\\src\\Illuminate\\Pipeline\\Pipeline.php(180): Illuminate\\Http\\Middleware\\HandleCors->handle(Object(Illuminate\\Http\\Request), Object(Closure))
#50 C:\\xampp\\htdocs\\its-tni\\vendor\\laravel\\framework\\src\\Illuminate\\Http\\Middleware\\TrustProxies.php(39): Illuminate\\Pipeline\\Pipeline->Illuminate\\Pipeline\\{closure}(Object(Illuminate\\Http\\Request))
#51 C:\\xampp\\htdocs\\its-tni\\vendor\\laravel\\framework\\src\\Illuminate\\Pipeline\\Pipeline.php(180): Illuminate\\Http\\Middleware\\TrustProxies->handle(Object(Illuminate\\Http\\Request), Object(Closure))
#52 C:\\xampp\\htdocs\\its-tni\\vendor\\laravel\\framework\\src\\Illuminate\\Pipeline\\Pipeline.php(116): Illuminate\\Pipeline\\Pipeline->Illuminate\\Pipeline\\{closure}(Object(Illuminate\\Http\\Request))
#53 C:\\xampp\\htdocs\\its-tni\\vendor\\laravel\\framework\\src\\Illuminate\\Foundation\\Http\\Kernel.php(175): Illuminate\\Pipeline\\Pipeline->then(Object(Closure))
#54 C:\\xampp\\htdocs\\its-tni\\vendor\\laravel\\framework\\src\\Illuminate\\Foundation\\Http\\Kernel.php(144): Illuminate\\Foundation\\Http\\Kernel->sendRequestThroughRouter(Object(Illuminate\\Http\\Request))
#55 C:\\xampp\\htdocs\\its-tni\\public\\index.php(54): Illuminate\\Foundation\\Http\\Kernel->handle(Object(Illuminate\\Http\\Request))
#56 {main}

[previous exception] [object] (ParseError(code: 0): syntax error, unexpected identifier \"course_id\", expecting \")\" at C:\\xampp\\htdocs\\its-tni\\storage\\framework\\views\\094fe95be09661a69d1664220bfb1c94.php:124)
[stacktrace]
#0 C:\\xampp\\htdocs\\its-tni\\vendor\\laravel\\framework\\src\\Illuminate\\Filesystem\\Filesystem.php(124): Illuminate\\Filesystem\\Filesystem::Illuminate\\Filesystem\\{closure}()
#1 C:\\xampp\\htdocs\\its-tni\\vendor\\laravel\\framework\\src\\Illuminate\\View\\Engines\\PhpEngine.php(58): Illuminate\\Filesystem\\Filesystem->getRequire('C:\\\\xampp\\\\htdocs...', Array)
#2 C:\\xampp\\htdocs\\its-tni\\vendor\\laravel\\framework\\src\\Illuminate\\View\\Engines\\CompilerEngine.php(70): Illuminate\\View\\Engines\\PhpEngine->evaluatePath('C:\\\\xampp\\\\htdocs...', Array)
#3 C:\\xampp\\htdocs\\its-tni\\vendor\\laravel\\framework\\src\\Illuminate\\View\\View.php(195): Illuminate\\View\\Engines\\CompilerEngine->get('C:\\\\xampp\\\\htdocs...', Array)
#4 C:\\xampp\\htdocs\\its-tni\\vendor\\laravel\\framework\\src\\Illuminate\\View\\View.php(178): Illuminate\\View\\View->getContents()
#5 C:\\xampp\\htdocs\\its-tni\\vendor\\laravel\\framework\\src\\Illuminate\\View\\View.php(147): Illuminate\\View\\View->renderContents()
#6 C:\\xampp\\htdocs\\its-tni\\vendor\\laravel\\framework\\src\\Illuminate\\Http\\Response.php(69): Illuminate\\View\\View->render()
#7 C:\\xampp\\htdocs\\its-tni\\vendor\\laravel\\framework\\src\\Illuminate\\Http\\Response.php(35): Illuminate\\Http\\Response->setContent(Object(Illuminate\\View\\View))
#8 C:\\xampp\\htdocs\\its-tni\\vendor\\laravel\\framework\\src\\Illuminate\\Routing\\Router.php(906): Illuminate\\Http\\Response->__construct(Object(Illuminate\\View\\View), 200, Array)
#9 C:\\xampp\\htdocs\\its-tni\\vendor\\laravel\\framework\\src\\Illuminate\\Routing\\Router.php(875): Illuminate\\Routing\\Router::toResponse(Object(Illuminate\\Http\\Request), Object(Illuminate\\View\\View))
#10 C:\\xampp\\htdocs\\its-tni\\vendor\\laravel\\framework\\src\\Illuminate\\Routing\\Router.php(797): Illuminate\\Routing\\Router->prepareResponse(Object(Illuminate\\Http\\Request), Object(Illuminate\\View\\View))
#11 C:\\xampp\\htdocs\\its-tni\\vendor\\laravel\\framework\\src\\Illuminate\\Pipeline\\Pipeline.php(141): Illuminate\\Routing\\Router->Illuminate\\Routing\\{closure}(Object(Illuminate\\Http\\Request))
#12 C:\\xampp\\htdocs\\its-tni\\app\\Http\\Middleware\\UserLimit.php(28): Illuminate\\Pipeline\\Pipeline->Illuminate\\Pipeline\\{closure}(Object(Illuminate\\Http\\Request))
#13 C:\\xampp\\htdocs\\its-tni\\vendor\\laravel\\framework\\src\\Illuminate\\Pipeline\\Pipeline.php(180): App\\Http\\Middleware\\UserLimit->handle(Object(Illuminate\\Http\\Request), Object(Closure))
#14 C:\\xampp\\htdocs\\its-tni\\app\\Http\\Middleware\\Admin.php(48): Illuminate\\Pipeline\\Pipeline->Illuminate\\Pipeline\\{closure}(Object(Illuminate\\Http\\Request))
#15 C:\\xampp\\htdocs\\its-tni\\vendor\\laravel\\framework\\src\\Illuminate\\Pipeline\\Pipeline.php(180): App\\Http\\Middleware\\Admin->handle(Object(Illuminate\\Http\\Request), Object(Closure))
#16 C:\\xampp\\htdocs\\its-tni\\vendor\\laravel\\framework\\src\\Illuminate\\Routing\\Middleware\\SubstituteBindings.php(50): Illuminate\\Pipeline\\Pipeline->Illuminate\\Pipeline\\{closure}(Object(Illuminate\\Http\\Request))
#17 C:\\xampp\\htdocs\\its-tni\\vendor\\laravel\\framework\\src\\Illuminate\\Pipeline\\Pipeline.php(180): Illuminate\\Routing\\Middleware\\SubstituteBindings->handle(Object(Illuminate\\Http\\Request), Object(Closure))
#18 C:\\xampp\\htdocs\\its-tni\\vendor\\laravel\\framework\\src\\Illuminate\\Auth\\Middleware\\Authenticate.php(45): Illuminate\\Pipeline\\Pipeline->Illuminate\\Pipeline\\{closure}(Object(Illuminate\\Http\\Request))
#19 C:\\xampp\\htdocs\\its-tni\\vendor\\laravel\\framework\\src\\Illuminate\\Pipeline\\Pipeline.php(180): Illuminate\\Auth\\Middleware\\Authenticate->handle(Object(Illuminate\\Http\\Request), Object(Closure))
#20 C:\\xampp\\htdocs\\its-tni\\vendor\\laravel\\framework\\src\\Illuminate\\Foundation\\Http\\Middleware\\VerifyCsrfToken.php(78): Illuminate\\Pipeline\\Pipeline->Illuminate\\Pipeline\\{closure}(Object(Illuminate\\Http\\Request))
#21 C:\\xampp\\htdocs\\its-tni\\vendor\\laravel\\framework\\src\\Illuminate\\Pipeline\\Pipeline.php(180): Illuminate\\Foundation\\Http\\Middleware\\VerifyCsrfToken->handle(Object(Illuminate\\Http\\Request), Object(Closure))
#22 C:\\xampp\\htdocs\\its-tni\\vendor\\laravel\\framework\\src\\Illuminate\\View\\Middleware\\ShareErrorsFromSession.php(49): Illuminate\\Pipeline\\Pipeline->Illuminate\\Pipeline\\{closure}(Object(Illuminate\\Http\\Request))
#23 C:\\xampp\\htdocs\\its-tni\\vendor\\laravel\\framework\\src\\Illuminate\\Pipeline\\Pipeline.php(180): Illuminate\\View\\Middleware\\ShareErrorsFromSession->handle(Object(Illuminate\\Http\\Request), Object(Closure))
#24 C:\\xampp\\htdocs\\its-tni\\vendor\\laravel\\framework\\src\\Illuminate\\Session\\Middleware\\StartSession.php(121): Illuminate\\Pipeline\\Pipeline->Illuminate\\Pipeline\\{closure}(Object(Illuminate\\Http\\Request))
#25 C:\\xampp\\htdocs\\its-tni\\vendor\\laravel\\framework\\src\\Illuminate\\Session\\Middleware\\StartSession.php(64): Illuminate\\Session\\Middleware\\StartSession->handleStatefulRequest(Object(Illuminate\\Http\\Request), Object(Illuminate\\Session\\Store), Object(Closure))
#26 C:\\xampp\\htdocs\\its-tni\\vendor\\laravel\\framework\\src\\Illuminate\\Pipeline\\Pipeline.php(180): Illuminate\\Session\\Middleware\\StartSession->handle(Object(Illuminate\\Http\\Request), Object(Closure))
#27 C:\\xampp\\htdocs\\its-tni\\vendor\\laravel\\framework\\src\\Illuminate\\Cookie\\Middleware\\AddQueuedCookiesToResponse.php(37): Illuminate\\Pipeline\\Pipeline->Illuminate\\Pipeline\\{closure}(Object(Illuminate\\Http\\Request))
#28 C:\\xampp\\htdocs\\its-tni\\vendor\\laravel\\framework\\src\\Illuminate\\Pipeline\\Pipeline.php(180): Illuminate\\Cookie\\Middleware\\AddQueuedCookiesToResponse->handle(Object(Illuminate\\Http\\Request), Object(Closure))
#29 C:\\xampp\\htdocs\\its-tni\\vendor\\laravel\\framework\\src\\Illuminate\\Cookie\\Middleware\\EncryptCookies.php(67): Illuminate\\Pipeline\\Pipeline->Illuminate\\Pipeline\\{closure}(Object(Illuminate\\Http\\Request))
#30 C:\\xampp\\htdocs\\its-tni\\vendor\\laravel\\framework\\src\\Illuminate\\Pipeline\\Pipeline.php(180): Illuminate\\Cookie\\Middleware\\EncryptCookies->handle(Object(Illuminate\\Http\\Request), Object(Closure))
#31 C:\\xampp\\htdocs\\its-tni\\vendor\\laravel\\framework\\src\\Illuminate\\Pipeline\\Pipeline.php(116): Illuminate\\Pipeline\\Pipeline->Illuminate\\Pipeline\\{closure}(Object(Illuminate\\Http\\Request))
#32 C:\\xampp\\htdocs\\its-tni\\vendor\\laravel\\framework\\src\\Illuminate\\Routing\\Router.php(797): Illuminate\\Pipeline\\Pipeline->then(Object(Closure))
#33 C:\\xampp\\htdocs\\its-tni\\vendor\\laravel\\framework\\src\\Illuminate\\Routing\\Router.php(776): Illuminate\\Routing\\Router->runRouteWithinStack(Object(Illuminate\\Routing\\Route), Object(Illuminate\\Http\\Request))
#34 C:\\xampp\\htdocs\\its-tni\\vendor\\laravel\\framework\\src\\Illuminate\\Routing\\Router.php(740): Illuminate\\Routing\\Router->runRoute(Object(Illuminate\\Http\\Request), Object(Illuminate\\Routing\\Route))
#35 C:\\xampp\\htdocs\\its-tni\\vendor\\laravel\\framework\\src\\Illuminate\\Routing\\Router.php(729): Illuminate\\Routing\\Router->dispatchToRoute(Object(Illuminate\\Http\\Request))
#36 C:\\xampp\\htdocs\\its-tni\\vendor\\laravel\\framework\\src\\Illuminate\\Foundation\\Http\\Kernel.php(200): Illuminate\\Routing\\Router->dispatch(Object(Illuminate\\Http\\Request))
#37 C:\\xampp\\htdocs\\its-tni\\vendor\\laravel\\framework\\src\\Illuminate\\Pipeline\\Pipeline.php(141): Illuminate\\Foundation\\Http\\Kernel->Illuminate\\Foundation\\Http\\{closure}(Object(Illuminate\\Http\\Request))
#38 C:\\xampp\\htdocs\\its-tni\\vendor\\laravel\\framework\\src\\Illuminate\\Foundation\\Http\\Middleware\\TransformsRequest.php(21): Illuminate\\Pipeline\\Pipeline->Illuminate\\Pipeline\\{closure}(Object(Illuminate\\Http\\Request))
#39 C:\\xampp\\htdocs\\its-tni\\vendor\\laravel\\framework\\src\\Illuminate\\Foundation\\Http\\Middleware\\ConvertEmptyStringsToNull.php(31): Illuminate\\Foundation\\Http\\Middleware\\TransformsRequest->handle(Object(Illuminate\\Http\\Request), Object(Closure))
#40 C:\\xampp\\htdocs\\its-tni\\vendor\\laravel\\framework\\src\\Illuminate\\Pipeline\\Pipeline.php(180): Illuminate\\Foundation\\Http\\Middleware\\ConvertEmptyStringsToNull->handle(Object(Illuminate\\Http\\Request), Object(Closure))
#41 C:\\xampp\\htdocs\\its-tni\\vendor\\laravel\\framework\\src\\Illuminate\\Foundation\\Http\\Middleware\\TransformsRequest.php(21): Illuminate\\Pipeline\\Pipeline->Illuminate\\Pipeline\\{closure}(Object(Illuminate\\Http\\Request))
#42 C:\\xampp\\htdocs\\its-tni\\vendor\\laravel\\framework\\src\\Illuminate\\Foundation\\Http\\Middleware\\TrimStrings.php(40): Illuminate\\Foundation\\Http\\Middleware\\TransformsRequest->handle(Object(Illuminate\\Http\\Request), Object(Closure))
#43 C:\\xampp\\htdocs\\its-tni\\vendor\\laravel\\framework\\src\\Illuminate\\Pipeline\\Pipeline.php(180): Illuminate\\Foundation\\Http\\Middleware\\TrimStrings->handle(Object(Illuminate\\Http\\Request), Object(Closure))
#44 C:\\xampp\\htdocs\\its-tni\\vendor\\laravel\\framework\\src\\Illuminate\\Foundation\\Http\\Middleware\\ValidatePostSize.php(27): Illuminate\\Pipeline\\Pipeline->Illuminate\\Pipeline\\{closure}(Object(Illuminate\\Http\\Request))
#45 C:\\xampp\\htdocs\\its-tni\\vendor\\laravel\\framework\\src\\Illuminate\\Pipeline\\Pipeline.php(180): Illuminate\\Foundation\\Http\\Middleware\\ValidatePostSize->handle(Object(Illuminate\\Http\\Request), Object(Closure))
#46 C:\\xampp\\htdocs\\its-tni\\vendor\\laravel\\framework\\src\\Illuminate\\Foundation\\Http\\Middleware\\PreventRequestsDuringMaintenance.php(86): Illuminate\\Pipeline\\Pipeline->Illuminate\\Pipeline\\{closure}(Object(Illuminate\\Http\\Request))
#47 C:\\xampp\\htdocs\\its-tni\\vendor\\laravel\\framework\\src\\Illuminate\\Pipeline\\Pipeline.php(180): Illuminate\\Foundation\\Http\\Middleware\\PreventRequestsDuringMaintenance->handle(Object(Illuminate\\Http\\Request), Object(Closure))
#48 C:\\xampp\\htdocs\\its-tni\\vendor\\laravel\\framework\\src\\Illuminate\\Http\\Middleware\\HandleCors.php(49): Illuminate\\Pipeline\\Pipeline->Illuminate\\Pipeline\\{closure}(Object(Illuminate\\Http\\Request))
#49 C:\\xampp\\htdocs\\its-tni\\vendor\\laravel\\framework\\src\\Illuminate\\Pipeline\\Pipeline.php(180): Illuminate\\Http\\Middleware\\HandleCors->handle(Object(Illuminate\\Http\\Request), Object(Closure))
#50 C:\\xampp\\htdocs\\its-tni\\vendor\\laravel\\framework\\src\\Illuminate\\Http\\Middleware\\TrustProxies.php(39): Illuminate\\Pipeline\\Pipeline->Illuminate\\Pipeline\\{closure}(Object(Illuminate\\Http\\Request))
#51 C:\\xampp\\htdocs\\its-tni\\vendor\\laravel\\framework\\src\\Illuminate\\Pipeline\\Pipeline.php(180): Illuminate\\Http\\Middleware\\TrustProxies->handle(Object(Illuminate\\Http\\Request), Object(Closure))
#52 C:\\xampp\\htdocs\\its-tni\\vendor\\laravel\\framework\\src\\Illuminate\\Pipeline\\Pipeline.php(116): Illuminate\\Pipeline\\Pipeline->Illuminate\\Pipeline\\{closure}(Object(Illuminate\\Http\\Request))
#53 C:\\xampp\\htdocs\\its-tni\\vendor\\laravel\\framework\\src\\Illuminate\\Foundation\\Http\\Kernel.php(175): Illuminate\\Pipeline\\Pipeline->then(Object(Closure))
#54 C:\\xampp\\htdocs\\its-tni\\vendor\\laravel\\framework\\src\\Illuminate\\Foundation\\Http\\Kernel.php(144): Illuminate\\Foundation\\Http\\Kernel->sendRequestThroughRouter(Object(Illuminate\\Http\\Request))
#55 C:\\xampp\\htdocs\\its-tni\\public\\index.php(54): Illuminate\\Foundation\\Http\\Kernel->handle(Object(Illuminate\\Http\\Request))
#56 {main}
"} 
[2024-10-01 09:13:29] local.ERROR: Undefined property: stdClass::$Pengenalan IOT Visual {"view":{"view":"C:\\xampp\\htdocs\\its-tni\\resources\\views\\admin\\report\\laporan.blade.php","data":{"errors":"<pre class=sf-dump id=sf-dump-617969817 data-indent-pad=\"  \"><span class=sf-dump-note>Illuminate\\Support\\ViewErrorBag</span> {<a class=sf-dump-ref>#2251</a><samp data-depth=1 class=sf-dump-expanded>
  #<span class=sf-dump-protected title=\"Protected property\">bags</span>: []
</samp>}
</pre><script>Sfdump(\"sf-dump-617969817\", {\"maxDepth\":3,\"maxStringLength\":160})</script>
","result":"<pre class=sf-dump id=sf-dump-875319946 data-indent-pad=\"  \"><span class=sf-dump-note>Illuminate\\Support\\Collection</span> {<a class=sf-dump-ref>#2274</a><samp data-depth=1 class=sf-dump-expanded>
  #<span class=sf-dump-protected title=\"Protected property\">items</span>: <span class=sf-dump-note>array:49</span> [<samp data-depth=2 class=sf-dump-compact>
    <span class=sf-dump-index>0</span> => {<a class=sf-dump-ref>#2277</a><samp data-depth=3 class=sf-dump-compact>
      +\"<span class=sf-dump-public title=\"Runtime added dynamic property\">nama_siswa</span>\": \"<span class=sf-dump-str title=\"24 characters\">Achmad Kurnia Jaya S.Kom</span>\"
      +\"<span class=sf-dump-public title=\"Runtime added dynamic property\">NIP</span>\": \"<span class=sf-dump-str title=\"14 characters\">11080091410482</span>\"
      +\"<span class=sf-dump-public title=\"Runtime added dynamic property\">Ujian</span>\": <span class=sf-dump-const>null</span>
      +\"<span class=sf-dump-public title=\"Runtime added dynamic property\">Public Speaking</span>\": \"<span class=sf-dump-str title=\"6 characters\">Kosong</span>\"
    </samp>}
    <span class=sf-dump-index>1</span> => {<a class=sf-dump-ref>#2273</a><samp data-depth=3 class=sf-dump-compact>
      +\"<span class=sf-dump-public title=\"Runtime added dynamic property\">nama_siswa</span>\": \"<span class=sf-dump-str title=\"30 characters\">Ahya&#039; Kholiquddin S.A.P. M.A.P</span>\"
      +\"<span class=sf-dump-public title=\"Runtime added dynamic property\">NIP</span>\": \"<span class=sf-dump-str title=\"14 characters\">11080122280587</span>\"
      +\"<span class=sf-dump-public title=\"Runtime added dynamic property\">Ujian</span>\": <span class=sf-dump-const>null</span>
      +\"<span class=sf-dump-public title=\"Runtime added dynamic property\">Public Speaking</span>\": \"<span class=sf-dump-str title=\"6 characters\">Kosong</span>\"
    </samp>}
    <span class=sf-dump-index>2</span> => {<a class=sf-dump-ref>#2276</a><samp data-depth=3 class=sf-dump-compact>
      +\"<span class=sf-dump-public title=\"Runtime added dynamic property\">nama_siswa</span>\": \"<span class=sf-dump-str title=\"5 characters\">airin</span>\"
      +\"<span class=sf-dump-public title=\"Runtime added dynamic property\">NIP</span>\": \"<span class=sf-dump-str title=\"19 characters\">irinristi@gmail.com</span>\"
      +\"<span class=sf-dump-public title=\"Runtime added dynamic property\">Ujian</span>\": <span class=sf-dump-const>null</span>
      +\"<span class=sf-dump-public title=\"Runtime added dynamic property\">Public Speaking</span>\": \"<span class=sf-dump-str title=\"6 characters\">Kosong</span>\"
    </samp>}
    <span class=sf-dump-index>3</span> => {<a class=sf-dump-ref>#2278</a><samp data-depth=3 class=sf-dump-compact>
      +\"<span class=sf-dump-public title=\"Runtime added dynamic property\">nama_siswa</span>\": \"<span class=sf-dump-str title=\"30 characters\">Alredo Agustinus Rumbiak S.I.K</span>\"
      +\"<span class=sf-dump-public title=\"Runtime added dynamic property\">NIP</span>\": \"<span class=sf-dump-str title=\"8 characters\">83081625</span>\"
      +\"<span class=sf-dump-public title=\"Runtime added dynamic property\">Ujian</span>\": <span class=sf-dump-const>null</span>
      +\"<span class=sf-dump-public title=\"Runtime added dynamic property\">Public Speaking</span>\": \"<span class=sf-dump-str title=\"6 characters\">Kosong</span>\"
    </samp>}
    <span class=sf-dump-index>4</span> => {<a class=sf-dump-ref>#2287</a><samp data-depth=3 class=sf-dump-compact>
      +\"<span class=sf-dump-public title=\"Runtime added dynamic property\">nama_siswa</span>\": \"<span class=sf-dump-str title=\"19 characters\">Andi Ahmad S.T. M.M</span>\"
      +\"<span class=sf-dump-public title=\"Runtime added dynamic property\">NIP</span>\": \"<span class=sf-dump-str title=\"14 characters\">11080088380181</span>\"
      +\"<span class=sf-dump-public title=\"Runtime added dynamic property\">Ujian</span>\": <span class=sf-dump-const>null</span>
      +\"<span class=sf-dump-public title=\"Runtime added dynamic property\">Public Speaking</span>\": \"<span class=sf-dump-str title=\"6 characters\">Kosong</span>\"
    </samp>}
    <span class=sf-dump-index>5</span> => {<a class=sf-dump-ref>#2285</a><samp data-depth=3 class=sf-dump-compact>
      +\"<span class=sf-dump-public title=\"Runtime added dynamic property\">nama_siswa</span>\": \"<span class=sf-dump-str title=\"5 characters\">anisa</span>\"
      +\"<span class=sf-dump-public title=\"Runtime added dynamic property\">NIP</span>\": \"<span class=sf-dump-str title=\"38 characters\">annisa.10120266@mahasiswa.unikom.ac.id</span>\"
      +\"<span class=sf-dump-public title=\"Runtime added dynamic property\">Ujian</span>\": <span class=sf-dump-const>null</span>
      +\"<span class=sf-dump-public title=\"Runtime added dynamic property\">Public Speaking</span>\": \"<span class=sf-dump-str title=\"6 characters\">Kosong</span>\"
    </samp>}
    <span class=sf-dump-index>6</span> => {<a class=sf-dump-ref>#2286</a><samp data-depth=3 class=sf-dump-compact>
      +\"<span class=sf-dump-public title=\"Runtime added dynamic property\">nama_siswa</span>\": \"<span class=sf-dump-str title=\"9 characters\">anisa nur</span>\"
      +\"<span class=sf-dump-public title=\"Runtime added dynamic property\">NIP</span>\": \"<span class=sf-dump-str title=\"27 characters\">annisanuraeni2005@gmail.com</span>\"
      +\"<span class=sf-dump-public title=\"Runtime added dynamic property\">Ujian</span>\": <span class=sf-dump-const>null</span>
      +\"<span class=sf-dump-public title=\"Runtime added dynamic property\">Public Speaking</span>\": \"<span class=sf-dump-str title=\"6 characters\">Kosong</span>\"
    </samp>}
    <span class=sf-dump-index>7</span> => {<a class=sf-dump-ref>#2289</a><samp data-depth=3 class=sf-dump-compact>
      +\"<span class=sf-dump-public title=\"Runtime added dynamic property\">nama_siswa</span>\": \"<span class=sf-dump-str title=\"17 characters\">Arif As Ari S.I.P</span>\"
      +\"<span class=sf-dump-public title=\"Runtime added dynamic property\">NIP</span>\": \"<span class=sf-dump-str title=\"14 characters\">11080107191285</span>\"
      +\"<span class=sf-dump-public title=\"Runtime added dynamic property\">Ujian</span>\": <span class=sf-dump-const>null</span>
      +\"<span class=sf-dump-public title=\"Runtime added dynamic property\">Public Speaking</span>\": \"<span class=sf-dump-str title=\"6 characters\">Kosong</span>\"
    </samp>}
    <span class=sf-dump-index>8</span> => {<a class=sf-dump-ref>#2290</a><samp data-depth=3 class=sf-dump-compact>
      +\"<span class=sf-dump-public title=\"Runtime added dynamic property\">nama_siswa</span>\": \"<span class=sf-dump-str title=\"18 characters\">Arif Wahyu Dwijaya</span>\"
      +\"<span class=sf-dump-public title=\"Runtime added dynamic property\">NIP</span>\": \"<span class=sf-dump-str title=\"14 characters\">11080131430587</span>\"
      +\"<span class=sf-dump-public title=\"Runtime added dynamic property\">Ujian</span>\": <span class=sf-dump-const>null</span>
      +\"<span class=sf-dump-public title=\"Runtime added dynamic property\">Public Speaking</span>\": \"<span class=sf-dump-str title=\"6 characters\">Kosong</span>\"
    </samp>}
    <span class=sf-dump-index>9</span> => {<a class=sf-dump-ref>#2288</a><samp data-depth=3 class=sf-dump-compact>
      +\"<span class=sf-dump-public title=\"Runtime added dynamic property\">nama_siswa</span>\": \"<span class=sf-dump-str title=\"9 characters\">armandino</span>\"
      +\"<span class=sf-dump-public title=\"Runtime added dynamic property\">NIP</span>\": \"<span class=sf-dump-str title=\"19 characters\">armandino@email.com</span>\"
      +\"<span class=sf-dump-public title=\"Runtime added dynamic property\">Ujian</span>\": <span class=sf-dump-const>null</span>
      +\"<span class=sf-dump-public title=\"Runtime added dynamic property\">Public Speaking</span>\": \"<span class=sf-dump-str title=\"6 characters\">Kosong</span>\"
    </samp>}
    <span class=sf-dump-index>10</span> => {<a class=sf-dump-ref>#2291</a><samp data-depth=3 class=sf-dump-compact>
      +\"<span class=sf-dump-public title=\"Runtime added dynamic property\">nama_siswa</span>\": \"<span class=sf-dump-str title=\"20 characters\">Auliya Rizkyan Mahar</span>\"
      +\"<span class=sf-dump-public title=\"Runtime added dynamic property\">NIP</span>\": \"<span class=sf-dump-str title=\"14 characters\">11080123430286</span>\"
      +\"<span class=sf-dump-public title=\"Runtime added dynamic property\">Ujian</span>\": <span class=sf-dump-const>null</span>
      +\"<span class=sf-dump-public title=\"Runtime added dynamic property\">Public Speaking</span>\": \"<span class=sf-dump-str title=\"6 characters\">Kosong</span>\"
    </samp>}
    <span class=sf-dump-index>11</span> => {<a class=sf-dump-ref>#2292</a><samp data-depth=3 class=sf-dump-compact>
      +\"<span class=sf-dump-public title=\"Runtime added dynamic property\">nama_siswa</span>\": \"<span class=sf-dump-str title=\"14 characters\">bobi kurniawan</span>\"
      +\"<span class=sf-dump-public title=\"Runtime added dynamic property\">NIP</span>\": \"<span class=sf-dump-str title=\"15 characters\">siswa@email.com</span>\"
      +\"<span class=sf-dump-public title=\"Runtime added dynamic property\">Ujian</span>\": <span class=sf-dump-const>null</span>
      +\"<span class=sf-dump-public title=\"Runtime added dynamic property\">Public Speaking</span>\": \"<span class=sf-dump-str title=\"6 characters\">Kosong</span>\"
    </samp>}
    <span class=sf-dump-index>12</span> => {<a class=sf-dump-ref>#2293</a><samp data-depth=3 class=sf-dump-compact>
      +\"<span class=sf-dump-public title=\"Runtime added dynamic property\">nama_siswa</span>\": \"<span class=sf-dump-str title=\"17 characters\">Deka Piro Sandira</span>\"
      +\"<span class=sf-dump-public title=\"Runtime added dynamic property\">NIP</span>\": \"<span class=sf-dump-str title=\"14 characters\">11080132591086</span>\"
      +\"<span class=sf-dump-public title=\"Runtime added dynamic property\">Ujian</span>\": <span class=sf-dump-const>null</span>
      +\"<span class=sf-dump-public title=\"Runtime added dynamic property\">Public Speaking</span>\": \"<span class=sf-dump-str title=\"6 characters\">Kosong</span>\"
    </samp>}
    <span class=sf-dump-index>13</span> => {<a class=sf-dump-ref>#2294</a><samp data-depth=3 class=sf-dump-compact>
      +\"<span class=sf-dump-public title=\"Runtime added dynamic property\">nama_siswa</span>\": \"<span class=sf-dump-str title=\"24 characters\">Dendi Nurwidiyansyah S.E</span>\"
      +\"<span class=sf-dump-public title=\"Runtime added dynamic property\">NIP</span>\": \"<span class=sf-dump-str title=\"14 characters\">11070064110186</span>\"
      +\"<span class=sf-dump-public title=\"Runtime added dynamic property\">Ujian</span>\": <span class=sf-dump-const>null</span>
      +\"<span class=sf-dump-public title=\"Runtime added dynamic property\">Public Speaking</span>\": \"<span class=sf-dump-str title=\"6 characters\">Kosong</span>\"
    </samp>}
    <span class=sf-dump-index>14</span> => {<a class=sf-dump-ref>#2295</a><samp data-depth=3 class=sf-dump-compact>
      +\"<span class=sf-dump-public title=\"Runtime added dynamic property\">nama_siswa</span>\": \"<span class=sf-dump-str title=\"25 characters\">Dian Pratomo S.A.P. M.H.I</span>\"
      +\"<span class=sf-dump-public title=\"Runtime added dynamic property\">NIP</span>\": \"<span class=sf-dump-str title=\"14 characters\">11080119310287</span>\"
      +\"<span class=sf-dump-public title=\"Runtime added dynamic property\">Ujian</span>\": <span class=sf-dump-const>null</span>
      +\"<span class=sf-dump-public title=\"Runtime added dynamic property\">Public Speaking</span>\": \"<span class=sf-dump-str title=\"6 characters\">Kosong</span>\"
    </samp>}
    <span class=sf-dump-index>15</span> => {<a class=sf-dump-ref>#2296</a><samp data-depth=3 class=sf-dump-compact>
      +\"<span class=sf-dump-public title=\"Runtime added dynamic property\">nama_siswa</span>\": \"<span class=sf-dump-str title=\"25 characters\">Dikki Kurniawan S.Hub.Int</span>\"
      +\"<span class=sf-dump-public title=\"Runtime added dynamic property\">NIP</span>\": \"<span class=sf-dump-str title=\"14 characters\">11080133170587</span>\"
      +\"<span class=sf-dump-public title=\"Runtime added dynamic property\">Ujian</span>\": <span class=sf-dump-const>null</span>
      +\"<span class=sf-dump-public title=\"Runtime added dynamic property\">Public Speaking</span>\": \"<span class=sf-dump-str title=\"6 characters\">Kosong</span>\"
    </samp>}
    <span class=sf-dump-index>16</span> => {<a class=sf-dump-ref>#2297</a><samp data-depth=3 class=sf-dump-compact>
      +\"<span class=sf-dump-public title=\"Runtime added dynamic property\">nama_siswa</span>\": \"<span class=sf-dump-str title=\"28 characters\">dr. Leidina Rachmadian Sp. M</span>\"
      +\"<span class=sf-dump-public title=\"Runtime added dynamic property\">NIP</span>\": \"<span class=sf-dump-str title=\"14 characters\">11050030061178</span>\"
      +\"<span class=sf-dump-public title=\"Runtime added dynamic property\">Ujian</span>\": <span class=sf-dump-const>null</span>
      +\"<span class=sf-dump-public title=\"Runtime added dynamic property\">Public Speaking</span>\": \"<span class=sf-dump-str title=\"6 characters\">Kosong</span>\"
    </samp>}
    <span class=sf-dump-index>17</span> => {<a class=sf-dump-ref>#2298</a><samp data-depth=3 class=sf-dump-compact>
      +\"<span class=sf-dump-public title=\"Runtime added dynamic property\">nama_siswa</span>\": \"<span class=sf-dump-str title=\"12 characters\">Eko Sugiarto</span>\"
      +\"<span class=sf-dump-public title=\"Runtime added dynamic property\">NIP</span>\": \"<span class=sf-dump-str title=\"14 characters\">11080109250786</span>\"
      +\"<span class=sf-dump-public title=\"Runtime added dynamic property\">Ujian</span>\": <span class=sf-dump-const>null</span>
      +\"<span class=sf-dump-public title=\"Runtime added dynamic property\">Public Speaking</span>\": \"<span class=sf-dump-str title=\"6 characters\">Kosong</span>\"
    </samp>}
    <span class=sf-dump-index>18</span> => {<a class=sf-dump-ref>#2299</a><samp data-depth=3 class=sf-dump-compact>
      +\"<span class=sf-dump-public title=\"Runtime added dynamic property\">nama_siswa</span>\": \"<span class=sf-dump-str title=\"6 characters\">elgiaz</span>\"
      +\"<span class=sf-dump-public title=\"Runtime added dynamic property\">NIP</span>\": \"<span class=sf-dump-str title=\"38 characters\">elgiaz.10122143@mahasiswa.unikom.ac.id</span>\"
      +\"<span class=sf-dump-public title=\"Runtime added dynamic property\">Ujian</span>\": <span class=sf-dump-const>null</span>
      +\"<span class=sf-dump-public title=\"Runtime added dynamic property\">Public Speaking</span>\": \"<span class=sf-dump-str title=\"6 characters\">Kosong</span>\"
    </samp>}
    <span class=sf-dump-index>19</span> => {<a class=sf-dump-ref>#2300</a><samp data-depth=3 class=sf-dump-compact>
      +\"<span class=sf-dump-public title=\"Runtime added dynamic property\">nama_siswa</span>\": \"<span class=sf-dump-str title=\"5 characters\">fariz</span>\"
      +\"<span class=sf-dump-public title=\"Runtime added dynamic property\">NIP</span>\": \"<span class=sf-dump-str title=\"24 characters\">farizoktaviaan@gmail.com</span>\"
      +\"<span class=sf-dump-public title=\"Runtime added dynamic property\">Ujian</span>\": <span class=sf-dump-const>null</span>
      +\"<span class=sf-dump-public title=\"Runtime added dynamic property\">Public Speaking</span>\": \"<span class=sf-dump-str title=\"6 characters\">Kosong</span>\"
    </samp>}
    <span class=sf-dump-index>20</span> => {<a class=sf-dump-ref>#2301</a><samp data-depth=3 class=sf-dump-compact>
      +\"<span class=sf-dump-public title=\"Runtime added dynamic property\">nama_siswa</span>\": \"<span class=sf-dump-str title=\"10 characters\">Fuad Hasan</span>\"
      +\"<span class=sf-dump-public title=\"Runtime added dynamic property\">NIP</span>\": \"<span class=sf-dump-str title=\"8 characters\">10220046</span>\"
      +\"<span class=sf-dump-public title=\"Runtime added dynamic property\">Ujian</span>\": <span class=sf-dump-const>null</span>
      +\"<span class=sf-dump-public title=\"Runtime added dynamic property\">Public Speaking</span>\": \"<span class=sf-dump-str title=\"6 characters\">Kosong</span>\"
    </samp>}
    <span class=sf-dump-index>21</span> => {<a class=sf-dump-ref>#2302</a><samp data-depth=3 class=sf-dump-compact>
      +\"<span class=sf-dump-public title=\"Runtime added dynamic property\">nama_siswa</span>\": \"<span class=sf-dump-str title=\"35 characters\">Gilang Chrisnamurti P. S.Kom. C.S.A</span>\"
      +\"<span class=sf-dump-public title=\"Runtime added dynamic property\">NIP</span>\": \"<span class=sf-dump-str title=\"5 characters\">18842</span>\"
      +\"<span class=sf-dump-public title=\"Runtime added dynamic property\">Ujian</span>\": <span class=sf-dump-const>null</span>
      +\"<span class=sf-dump-public title=\"Runtime added dynamic property\">Public Speaking</span>\": \"<span class=sf-dump-str title=\"6 characters\">Kosong</span>\"
    </samp>}
    <span class=sf-dump-index>22</span> => {<a class=sf-dump-ref>#2303</a><samp data-depth=3 class=sf-dump-compact>
      +\"<span class=sf-dump-public title=\"Runtime added dynamic property\">nama_siswa</span>\": \"<span class=sf-dump-str title=\"17 characters\">Gunarto S.I.K M.H</span>\"
      +\"<span class=sf-dump-public title=\"Runtime added dynamic property\">NIP</span>\": \"<span class=sf-dump-str title=\"8 characters\">84031668</span>\"
      +\"<span class=sf-dump-public title=\"Runtime added dynamic property\">Ujian</span>\": <span class=sf-dump-const>null</span>
      +\"<span class=sf-dump-public title=\"Runtime added dynamic property\">Public Speaking</span>\": \"<span class=sf-dump-str title=\"6 characters\">Kosong</span>\"
    </samp>}
    <span class=sf-dump-index>23</span> => {<a class=sf-dump-ref>#2304</a><samp data-depth=3 class=sf-dump-compact>
      +\"<span class=sf-dump-public title=\"Runtime added dynamic property\">nama_siswa</span>\": \"<span class=sf-dump-str title=\"17 characters\">Hamanja Hasan S.H</span>\"
      +\"<span class=sf-dump-public title=\"Runtime added dynamic property\">NIP</span>\": \"<span class=sf-dump-str title=\"14 characters\">11070068820786</span>\"
      +\"<span class=sf-dump-public title=\"Runtime added dynamic property\">Ujian</span>\": <span class=sf-dump-const>null</span>
      +\"<span class=sf-dump-public title=\"Runtime added dynamic property\">Public Speaking</span>\": \"<span class=sf-dump-str title=\"6 characters\">Kosong</span>\"
    </samp>}
    <span class=sf-dump-index>24</span> => {<a class=sf-dump-ref>#2305</a><samp data-depth=3 class=sf-dump-compact>
      +\"<span class=sf-dump-public title=\"Runtime added dynamic property\">nama_siswa</span>\": \"<span class=sf-dump-str title=\"25 characters\">Hendra Eko Sulisyanto S.E</span>\"
      +\"<span class=sf-dump-public title=\"Runtime added dynamic property\">NIP</span>\": \"<span class=sf-dump-str title=\"14 characters\">11080122360587</span>\"
      +\"<span class=sf-dump-public title=\"Runtime added dynamic property\">Ujian</span>\": <span class=sf-dump-const>null</span>
      +\"<span class=sf-dump-public title=\"Runtime added dynamic property\">Public Speaking</span>\": \"<span class=sf-dump-str title=\"6 characters\">Kosong</span>\"
    </samp>}
    <span class=sf-dump-index>25</span> => {<a class=sf-dump-ref>#2306</a><samp data-depth=3 class=sf-dump-compact>
      +\"<span class=sf-dump-public title=\"Runtime added dynamic property\">nama_siswa</span>\": \"<span class=sf-dump-str title=\"23 characters\">Hendrik Dwi Jayanto S.H</span>\"
      +\"<span class=sf-dump-public title=\"Runtime added dynamic property\">NIP</span>\": \"<span class=sf-dump-str title=\"14 characters\">11080125820386</span>\"
      +\"<span class=sf-dump-public title=\"Runtime added dynamic property\">Ujian</span>\": <span class=sf-dump-const>null</span>
      +\"<span class=sf-dump-public title=\"Runtime added dynamic property\">Public Speaking</span>\": \"<span class=sf-dump-str title=\"6 characters\">Kosong</span>\"
    </samp>}
    <span class=sf-dump-index>26</span> => {<a class=sf-dump-ref>#2307</a><samp data-depth=3 class=sf-dump-compact>
      +\"<span class=sf-dump-public title=\"Runtime added dynamic property\">nama_siswa</span>\": \"<span class=sf-dump-str title=\"12 characters\">Heri Purnomo</span>\"
      +\"<span class=sf-dump-public title=\"Runtime added dynamic property\">NIP</span>\": \"<span class=sf-dump-str title=\"14 characters\">11080115430587</span>\"
      +\"<span class=sf-dump-public title=\"Runtime added dynamic property\">Ujian</span>\": <span class=sf-dump-const>null</span>
      +\"<span class=sf-dump-public title=\"Runtime added dynamic property\">Public Speaking</span>\": \"<span class=sf-dump-str title=\"6 characters\">Kosong</span>\"
    </samp>}
    <span class=sf-dump-index>27</span> => {<a class=sf-dump-ref>#2308</a><samp data-depth=3 class=sf-dump-compact>
      +\"<span class=sf-dump-public title=\"Runtime added dynamic property\">nama_siswa</span>\": \"<span class=sf-dump-str title=\"13 characters\">Heromawan Edy</span>\"
      +\"<span class=sf-dump-public title=\"Runtime added dynamic property\">NIP</span>\": \"<span class=sf-dump-str title=\"6 characters\">536452</span>\"
      +\"<span class=sf-dump-public title=\"Runtime added dynamic property\">Ujian</span>\": <span class=sf-dump-const>null</span>
      +\"<span class=sf-dump-public title=\"Runtime added dynamic property\">Public Speaking</span>\": \"<span class=sf-dump-str title=\"6 characters\">Kosong</span>\"
    </samp>}
    <span class=sf-dump-index>28</span> => {<a class=sf-dump-ref>#2309</a><samp data-depth=3 class=sf-dump-compact>
      +\"<span class=sf-dump-public title=\"Runtime added dynamic property\">nama_siswa</span>\": \"<span class=sf-dump-str title=\"11 characters\">JUNUS GIYAI</span>\"
      +\"<span class=sf-dump-public title=\"Runtime added dynamic property\">NIP</span>\": \"<span class=sf-dump-str title=\"14 characters\">11080105780786</span>\"
      +\"<span class=sf-dump-public title=\"Runtime added dynamic property\">Ujian</span>\": <span class=sf-dump-const>null</span>
      +\"<span class=sf-dump-public title=\"Runtime added dynamic property\">Public Speaking</span>\": \"<span class=sf-dump-str title=\"6 characters\">Kosong</span>\"
    </samp>}
    <span class=sf-dump-index>29</span> => {<a class=sf-dump-ref>#2310</a><samp data-depth=3 class=sf-dump-compact>
      +\"<span class=sf-dump-public title=\"Runtime added dynamic property\">nama_siswa</span>\": \"<span class=sf-dump-str title=\"27 characters\">Lilik Mugiharto S.Si. M.Han</span>\"
      +\"<span class=sf-dump-public title=\"Runtime added dynamic property\">NIP</span>\": \"<span class=sf-dump-str title=\"14 characters\">11080092570882</span>\"
      +\"<span class=sf-dump-public title=\"Runtime added dynamic property\">Ujian</span>\": <span class=sf-dump-const>null</span>
      +\"<span class=sf-dump-public title=\"Runtime added dynamic property\">Public Speaking</span>\": \"<span class=sf-dump-str title=\"6 characters\">Kosong</span>\"
    </samp>}
    <span class=sf-dump-index>30</span> => {<a class=sf-dump-ref>#2311</a><samp data-depth=3 class=sf-dump-compact>
      +\"<span class=sf-dump-public title=\"Runtime added dynamic property\">nama_siswa</span>\": \"<span class=sf-dump-str title=\"4 characters\">luiz</span>\"
      +\"<span class=sf-dump-public title=\"Runtime added dynamic property\">NIP</span>\": \"<span class=sf-dump-str title=\"22 characters\">luizsahadan5@gmail.com</span>\"
      +\"<span class=sf-dump-public title=\"Runtime added dynamic property\">Ujian</span>\": <span class=sf-dump-const>null</span>
      +\"<span class=sf-dump-public title=\"Runtime added dynamic property\">Public Speaking</span>\": \"<span class=sf-dump-str title=\"6 characters\">Kosong</span>\"
    </samp>}
    <span class=sf-dump-index>31</span> => {<a class=sf-dump-ref>#2312</a><samp data-depth=3 class=sf-dump-compact>
      +\"<span class=sf-dump-public title=\"Runtime added dynamic property\">nama_siswa</span>\": \"<span class=sf-dump-str title=\"29 characters\">M. Marzuq Ashidiqi S.Sos. M.M</span>\"
      +\"<span class=sf-dump-public title=\"Runtime added dynamic property\">NIP</span>\": \"<span class=sf-dump-str title=\"14 characters\">11080121860287</span>\"
      +\"<span class=sf-dump-public title=\"Runtime added dynamic property\">Ujian</span>\": <span class=sf-dump-const>null</span>
      +\"<span class=sf-dump-public title=\"Runtime added dynamic property\">Public Speaking</span>\": \"<span class=sf-dump-str title=\"6 characters\">Kosong</span>\"
    </samp>}
    <span class=sf-dump-index>32</span> => {<a class=sf-dump-ref>#2313</a><samp data-depth=3 class=sf-dump-compact>
      +\"<span class=sf-dump-public title=\"Runtime added dynamic property\">nama_siswa</span>\": \"<span class=sf-dump-str title=\"15 characters\">Muhammad Riduan</span>\"
      +\"<span class=sf-dump-public title=\"Runtime added dynamic property\">NIP</span>\": \"<span class=sf-dump-str title=\"14 characters\">11080106511085</span>\"
      +\"<span class=sf-dump-public title=\"Runtime added dynamic property\">Ujian</span>\": <span class=sf-dump-const>null</span>
      +\"<span class=sf-dump-public title=\"Runtime added dynamic property\">Public Speaking</span>\": \"<span class=sf-dump-str title=\"6 characters\">Kosong</span>\"
    </samp>}
    <span class=sf-dump-index>33</span> => {<a class=sf-dump-ref>#2314</a><samp data-depth=3 class=sf-dump-compact>
      +\"<span class=sf-dump-public title=\"Runtime added dynamic property\">nama_siswa</span>\": \"<span class=sf-dump-str title=\"13 characters\">Mukhlis Idris</span>\"
      +\"<span class=sf-dump-public title=\"Runtime added dynamic property\">NIP</span>\": \"<span class=sf-dump-str title=\"14 characters\">11080127230487</span>\"
      +\"<span class=sf-dump-public title=\"Runtime added dynamic property\">Ujian</span>\": <span class=sf-dump-const>null</span>
      +\"<span class=sf-dump-public title=\"Runtime added dynamic property\">Public Speaking</span>\": \"<span class=sf-dump-str title=\"6 characters\">Kosong</span>\"
    </samp>}
    <span class=sf-dump-index>34</span> => {<a class=sf-dump-ref>#2315</a><samp data-depth=3 class=sf-dump-compact>
      +\"<span class=sf-dump-public title=\"Runtime added dynamic property\">nama_siswa</span>\": \"<span class=sf-dump-str title=\"26 characters\">Rhetorica Tiertha A. S.I.P</span>\"
      +\"<span class=sf-dump-public title=\"Runtime added dynamic property\">NIP</span>\": \"<span class=sf-dump-str title=\"14 characters\">11080108000486</span>\"
      +\"<span class=sf-dump-public title=\"Runtime added dynamic property\">Ujian</span>\": <span class=sf-dump-const>null</span>
      +\"<span class=sf-dump-public title=\"Runtime added dynamic property\">Public Speaking</span>\": \"<span class=sf-dump-str title=\"6 characters\">Kosong</span>\"
    </samp>}
    <span class=sf-dump-index>35</span> => {<a class=sf-dump-ref>#2316</a><samp data-depth=3 class=sf-dump-compact>
      +\"<span class=sf-dump-public title=\"Runtime added dynamic property\">nama_siswa</span>\": \"<span class=sf-dump-str title=\"24 characters\">Rofki Meristika S.E. M.H</span>\"
      +\"<span class=sf-dump-public title=\"Runtime added dynamic property\">NIP</span>\": \"<span class=sf-dump-str title=\"14 characters\">11070078981085</span>\"
      +\"<span class=sf-dump-public title=\"Runtime added dynamic property\">Ujian</span>\": <span class=sf-dump-const>null</span>
      +\"<span class=sf-dump-public title=\"Runtime added dynamic property\">Public Speaking</span>\": \"<span class=sf-dump-str title=\"6 characters\">Kosong</span>\"
    </samp>}
    <span class=sf-dump-index>36</span> => {<a class=sf-dump-ref>#2317</a><samp data-depth=3 class=sf-dump-compact>
      +\"<span class=sf-dump-public title=\"Runtime added dynamic property\">nama_siswa</span>\": \"<span class=sf-dump-str title=\"16 characters\">Roni Samudra S.T</span>\"
      +\"<span class=sf-dump-public title=\"Runtime added dynamic property\">NIP</span>\": \"<span class=sf-dump-str title=\"14 characters\">11080088870381</span>\"
      +\"<span class=sf-dump-public title=\"Runtime added dynamic property\">Ujian</span>\": <span class=sf-dump-const>null</span>
      +\"<span class=sf-dump-public title=\"Runtime added dynamic property\">Public Speaking</span>\": \"<span class=sf-dump-str title=\"6 characters\">Kosong</span>\"
    </samp>}
    <span class=sf-dump-index>37</span> => {<a class=sf-dump-ref>#2318</a><samp data-depth=3 class=sf-dump-compact>
      +\"<span class=sf-dump-public title=\"Runtime added dynamic property\">nama_siswa</span>\": \"<span class=sf-dump-str title=\"6 characters\">sabila</span>\"
      +\"<span class=sf-dump-public title=\"Runtime added dynamic property\">NIP</span>\": \"<span class=sf-dump-str title=\"24 characters\">sabilamarhan11@gmail.com</span>\"
      +\"<span class=sf-dump-public title=\"Runtime added dynamic property\">Ujian</span>\": <span class=sf-dump-const>null</span>
      +\"<span class=sf-dump-public title=\"Runtime added dynamic property\">Public Speaking</span>\": \"<span class=sf-dump-str title=\"6 characters\">Kosong</span>\"
    </samp>}
    <span class=sf-dump-index>38</span> => {<a class=sf-dump-ref>#2319</a><samp data-depth=3 class=sf-dump-compact>
      +\"<span class=sf-dump-public title=\"Runtime added dynamic property\">nama_siswa</span>\": \"<span class=sf-dump-str title=\"18 characters\">Sandi Komara S.Kom</span>\"
      +\"<span class=sf-dump-public title=\"Runtime added dynamic property\">NIP</span>\": \"<span class=sf-dump-str title=\"8 characters\">10119099</span>\"
      +\"<span class=sf-dump-public title=\"Runtime added dynamic property\">Ujian</span>\": <span class=sf-dump-const>null</span>
      +\"<span class=sf-dump-public title=\"Runtime added dynamic property\">Public Speaking</span>\": \"<span class=sf-dump-str title=\"6 characters\">Kosong</span>\"
    </samp>}
    <span class=sf-dump-index>39</span> => {<a class=sf-dump-ref>#2320</a><samp data-depth=3 class=sf-dump-compact>
      +\"<span class=sf-dump-public title=\"Runtime added dynamic property\">nama_siswa</span>\": \"<span class=sf-dump-str title=\"27 characters\">Satria Ardiyanta Ibnu Rizal</span>\"
      +\"<span class=sf-dump-public title=\"Runtime added dynamic property\">NIP</span>\": \"<span class=sf-dump-str title=\"14 characters\">11080109820886</span>\"
      +\"<span class=sf-dump-public title=\"Runtime added dynamic property\">Ujian</span>\": <span class=sf-dump-const>null</span>
      +\"<span class=sf-dump-public title=\"Runtime added dynamic property\">Public Speaking</span>\": \"<span class=sf-dump-str title=\"6 characters\">Kosong</span>\"
    </samp>}
    <span class=sf-dump-index>40</span> => {<a class=sf-dump-ref>#2321</a><samp data-depth=3 class=sf-dump-compact>
      +\"<span class=sf-dump-public title=\"Runtime added dynamic property\">nama_siswa</span>\": \"<span class=sf-dump-str title=\"8 characters\">Solikhin</span>\"
      +\"<span class=sf-dump-public title=\"Runtime added dynamic property\">NIP</span>\": \"<span class=sf-dump-str title=\"14 characters\">11080110891086</span>\"
      +\"<span class=sf-dump-public title=\"Runtime added dynamic property\">Ujian</span>\": <span class=sf-dump-const>null</span>
      +\"<span class=sf-dump-public title=\"Runtime added dynamic property\">Public Speaking</span>\": \"<span class=sf-dump-str title=\"6 characters\">Kosong</span>\"
    </samp>}
    <span class=sf-dump-index>41</span> => {<a class=sf-dump-ref>#2322</a><samp data-depth=3 class=sf-dump-compact>
      +\"<span class=sf-dump-public title=\"Runtime added dynamic property\">nama_siswa</span>\": \"<span class=sf-dump-str title=\"14 characters\">Sopian Alviana</span>\"
      +\"<span class=sf-dump-public title=\"Runtime added dynamic property\">NIP</span>\": \"<span class=sf-dump-str title=\"16 characters\">siswa1@email.com</span>\"
      +\"<span class=sf-dump-public title=\"Runtime added dynamic property\">Ujian</span>\": <span class=sf-dump-const>null</span>
      +\"<span class=sf-dump-public title=\"Runtime added dynamic property\">Public Speaking</span>\": \"<span class=sf-dump-str title=\"6 characters\">Kosong</span>\"
    </samp>}
    <span class=sf-dump-index>42</span> => {<a class=sf-dump-ref>#2323</a><samp data-depth=3 class=sf-dump-compact>
      +\"<span class=sf-dump-public title=\"Runtime added dynamic property\">nama_siswa</span>\": \"<span class=sf-dump-str title=\"9 characters\">Sugiyanto</span>\"
      +\"<span class=sf-dump-public title=\"Runtime added dynamic property\">NIP</span>\": \"<span class=sf-dump-str title=\"14 characters\">11080106360985</span>\"
      +\"<span class=sf-dump-public title=\"Runtime added dynamic property\">Ujian</span>\": <span class=sf-dump-const>null</span>
      +\"<span class=sf-dump-public title=\"Runtime added dynamic property\">Public Speaking</span>\": \"<span class=sf-dump-str title=\"6 characters\">Kosong</span>\"
    </samp>}
    <span class=sf-dump-index>43</span> => {<a class=sf-dump-ref>#2324</a><samp data-depth=3 class=sf-dump-compact>
      +\"<span class=sf-dump-public title=\"Runtime added dynamic property\">nama_siswa</span>\": \"<span class=sf-dump-str title=\"7 characters\">Sutikno</span>\"
      +\"<span class=sf-dump-public title=\"Runtime added dynamic property\">NIP</span>\": \"<span class=sf-dump-str title=\"14 characters\">11080118240186</span>\"
      +\"<span class=sf-dump-public title=\"Runtime added dynamic property\">Ujian</span>\": <span class=sf-dump-const>null</span>
      +\"<span class=sf-dump-public title=\"Runtime added dynamic property\">Public Speaking</span>\": \"<span class=sf-dump-str title=\"6 characters\">Kosong</span>\"
    </samp>}
    <span class=sf-dump-index>44</span> => {<a class=sf-dump-ref>#2325</a><samp data-depth=3 class=sf-dump-compact>
      +\"<span class=sf-dump-public title=\"Runtime added dynamic property\">nama_siswa</span>\": \"<span class=sf-dump-str title=\"13 characters\">Tony Firmanto</span>\"
      +\"<span class=sf-dump-public title=\"Runtime added dynamic property\">NIP</span>\": \"<span class=sf-dump-str title=\"14 characters\">11080105290185</span>\"
      +\"<span class=sf-dump-public title=\"Runtime added dynamic property\">Ujian</span>\": <span class=sf-dump-const>null</span>
      +\"<span class=sf-dump-public title=\"Runtime added dynamic property\">Public Speaking</span>\": \"<span class=sf-dump-str title=\"6 characters\">Kosong</span>\"
    </samp>}
    <span class=sf-dump-index>45</span> => {<a class=sf-dump-ref>#2326</a><samp data-depth=3 class=sf-dump-compact>
      +\"<span class=sf-dump-public title=\"Runtime added dynamic property\">nama_siswa</span>\": \"<span class=sf-dump-str title=\"17 characters\">Wawan Sunarto S.E</span>\"
      +\"<span class=sf-dump-public title=\"Runtime added dynamic property\">NIP</span>\": \"<span class=sf-dump-str title=\"14 characters\">11080105600785</span>\"
      +\"<span class=sf-dump-public title=\"Runtime added dynamic property\">Ujian</span>\": <span class=sf-dump-const>null</span>
      +\"<span class=sf-dump-public title=\"Runtime added dynamic property\">Public Speaking</span>\": \"<span class=sf-dump-str title=\"6 characters\">Kosong</span>\"
    </samp>}
    <span class=sf-dump-index>46</span> => {<a class=sf-dump-ref>#2327</a><samp data-depth=3 class=sf-dump-compact>
      +\"<span class=sf-dump-public title=\"Runtime added dynamic property\">nama_siswa</span>\": \"<span class=sf-dump-str title=\"15 characters\">Yudi Armi S.Sos</span>\"
      +\"<span class=sf-dump-public title=\"Runtime added dynamic property\">NIP</span>\": \"<span class=sf-dump-str title=\"14 characters\">11080135490187</span>\"
      +\"<span class=sf-dump-public title=\"Runtime added dynamic property\">Ujian</span>\": <span class=sf-dump-const>null</span>
      +\"<span class=sf-dump-public title=\"Runtime added dynamic property\">Public Speaking</span>\": \"<span class=sf-dump-str title=\"6 characters\">Kosong</span>\"
    </samp>}
    <span class=sf-dump-index>47</span> => {<a class=sf-dump-ref>#2328</a><samp data-depth=3 class=sf-dump-compact>
      +\"<span class=sf-dump-public title=\"Runtime added dynamic property\">nama_siswa</span>\": \"<span class=sf-dump-str title=\"6 characters\">zaidan</span>\"
      +\"<span class=sf-dump-public title=\"Runtime added dynamic property\">NIP</span>\": \"<span class=sf-dump-str title=\"27 characters\">zaidanabdulaziz03@gmail.com</span>\"
      +\"<span class=sf-dump-public title=\"Runtime added dynamic property\">Ujian</span>\": <span class=sf-dump-const>null</span>
      +\"<span class=sf-dump-public title=\"Runtime added dynamic property\">Public Speaking</span>\": \"<span class=sf-dump-str title=\"6 characters\">Kosong</span>\"
    </samp>}
    <span class=sf-dump-index>48</span> => {<a class=sf-dump-ref>#2329</a><samp data-depth=3 class=sf-dump-compact>
      +\"<span class=sf-dump-public title=\"Runtime added dynamic property\">nama_siswa</span>\": \"<span class=sf-dump-str title=\"6 characters\">Zazeli</span>\"
      +\"<span class=sf-dump-public title=\"Runtime added dynamic property\">NIP</span>\": \"<span class=sf-dump-str title=\"8 characters\">13120018</span>\"
      +\"<span class=sf-dump-public title=\"Runtime added dynamic property\">Ujian</span>\": <span class=sf-dump-const>null</span>
      +\"<span class=sf-dump-public title=\"Runtime added dynamic property\">Public Speaking</span>\": \"<span class=sf-dump-str title=\"6 characters\">Kosong</span>\"
    </samp>}
  </samp>]
  #<span class=sf-dump-protected title=\"Protected property\">escapeWhenCastingToString</span>: <span class=sf-dump-const>false</span>
</samp>}
</pre><script>Sfdump(\"sf-dump-875319946\", {\"maxDepth\":3,\"maxStringLength\":160})</script>
","userLayout":"<pre class=sf-dump id=sf-dump-1056026643 data-indent-pad=\"  \">\"<span class=sf-dump-str title=\"13 characters\">layouts.admin</span>\"
</pre><script>Sfdump(\"sf-dump-1056026643\", {\"maxDepth\":3,\"maxStringLength\":160})</script>
"}},"userId":1,"exception":"[object] (Spatie\\LaravelIgnition\\Exceptions\\ViewException(code: 0): Undefined property: stdClass::$Pengenalan IOT Visual at C:\\xampp\\htdocs\\its-tni\\resources\\views\\admin\\report\\laporan.blade.php:32)
[stacktrace]
#0 C:\\xampp\\htdocs\\its-tni\\vendor\\laravel\\framework\\src\\Illuminate\\Foundation\\Bootstrap\\HandleExceptions.php(250): Illuminate\\Foundation\\Bootstrap\\HandleExceptions->handleError(2, 'Undefined prope...', 'C:\\\\xampp\\\\htdocs...', 32)
#1 C:\\xampp\\htdocs\\its-tni\\resources\\views\\admin\\report\\laporan.blade.php(32): Illuminate\\Foundation\\Bootstrap\\HandleExceptions->Illuminate\\Foundation\\Bootstrap\\{closure}(2, 'Undefined prope...', 'C:\\\\xampp\\\\htdocs...', 32)
#2 C:\\xampp\\htdocs\\its-tni\\vendor\\laravel\\framework\\src\\Illuminate\\Filesystem\\Filesystem.php(123): require('C:\\\\xampp\\\\htdocs...')
#3 C:\\xampp\\htdocs\\its-tni\\vendor\\laravel\\framework\\src\\Illuminate\\Filesystem\\Filesystem.php(124): Illuminate\\Filesystem\\Filesystem::Illuminate\\Filesystem\\{closure}()
#4 C:\\xampp\\htdocs\\its-tni\\vendor\\laravel\\framework\\src\\Illuminate\\View\\Engines\\PhpEngine.php(58): Illuminate\\Filesystem\\Filesystem->getRequire('C:\\\\xampp\\\\htdocs...', Array)
#5 C:\\xampp\\htdocs\\its-tni\\vendor\\laravel\\framework\\src\\Illuminate\\View\\Engines\\CompilerEngine.php(70): Illuminate\\View\\Engines\\PhpEngine->evaluatePath('C:\\\\xampp\\\\htdocs...', Array)
#6 C:\\xampp\\htdocs\\its-tni\\vendor\\laravel\\framework\\src\\Illuminate\\View\\View.php(195): Illuminate\\View\\Engines\\CompilerEngine->get('C:\\\\xampp\\\\htdocs...', Array)
#7 C:\\xampp\\htdocs\\its-tni\\vendor\\laravel\\framework\\src\\Illuminate\\View\\View.php(178): Illuminate\\View\\View->getContents()
#8 C:\\xampp\\htdocs\\its-tni\\vendor\\laravel\\framework\\src\\Illuminate\\View\\View.php(147): Illuminate\\View\\View->renderContents()
#9 C:\\xampp\\htdocs\\its-tni\\vendor\\laravel\\framework\\src\\Illuminate\\Http\\Response.php(69): Illuminate\\View\\View->render()
#10 C:\\xampp\\htdocs\\its-tni\\vendor\\laravel\\framework\\src\\Illuminate\\Http\\Response.php(35): Illuminate\\Http\\Response->setContent(Object(Illuminate\\View\\View))
#11 C:\\xampp\\htdocs\\its-tni\\vendor\\laravel\\framework\\src\\Illuminate\\Routing\\Router.php(906): Illuminate\\Http\\Response->__construct(Object(Illuminate\\View\\View), 200, Array)
#12 C:\\xampp\\htdocs\\its-tni\\vendor\\laravel\\framework\\src\\Illuminate\\Routing\\Router.php(875): Illuminate\\Routing\\Router::toResponse(Object(Illuminate\\Http\\Request), Object(Illuminate\\View\\View))
#13 C:\\xampp\\htdocs\\its-tni\\vendor\\laravel\\framework\\src\\Illuminate\\Routing\\Router.php(797): Illuminate\\Routing\\Router->prepareResponse(Object(Illuminate\\Http\\Request), Object(Illuminate\\View\\View))
#14 C:\\xampp\\htdocs\\its-tni\\vendor\\laravel\\framework\\src\\Illuminate\\Pipeline\\Pipeline.php(141): Illuminate\\Routing\\Router->Illuminate\\Routing\\{closure}(Object(Illuminate\\Http\\Request))
#15 C:\\xampp\\htdocs\\its-tni\\app\\Http\\Middleware\\UserLimit.php(28): Illuminate\\Pipeline\\Pipeline->Illuminate\\Pipeline\\{closure}(Object(Illuminate\\Http\\Request))
#16 C:\\xampp\\htdocs\\its-tni\\vendor\\laravel\\framework\\src\\Illuminate\\Pipeline\\Pipeline.php(180): App\\Http\\Middleware\\UserLimit->handle(Object(Illuminate\\Http\\Request), Object(Closure))
#17 C:\\xampp\\htdocs\\its-tni\\app\\Http\\Middleware\\Admin.php(48): Illuminate\\Pipeline\\Pipeline->Illuminate\\Pipeline\\{closure}(Object(Illuminate\\Http\\Request))
#18 C:\\xampp\\htdocs\\its-tni\\vendor\\laravel\\framework\\src\\Illuminate\\Pipeline\\Pipeline.php(180): App\\Http\\Middleware\\Admin->handle(Object(Illuminate\\Http\\Request), Object(Closure))
#19 C:\\xampp\\htdocs\\its-tni\\vendor\\laravel\\framework\\src\\Illuminate\\Routing\\Middleware\\SubstituteBindings.php(50): Illuminate\\Pipeline\\Pipeline->Illuminate\\Pipeline\\{closure}(Object(Illuminate\\Http\\Request))
#20 C:\\xampp\\htdocs\\its-tni\\vendor\\laravel\\framework\\src\\Illuminate\\Pipeline\\Pipeline.php(180): Illuminate\\Routing\\Middleware\\SubstituteBindings->handle(Object(Illuminate\\Http\\Request), Object(Closure))
#21 C:\\xampp\\htdocs\\its-tni\\vendor\\laravel\\framework\\src\\Illuminate\\Auth\\Middleware\\Authenticate.php(45): Illuminate\\Pipeline\\Pipeline->Illuminate\\Pipeline\\{closure}(Object(Illuminate\\Http\\Request))
#22 C:\\xampp\\htdocs\\its-tni\\vendor\\laravel\\framework\\src\\Illuminate\\Pipeline\\Pipeline.php(180): Illuminate\\Auth\\Middleware\\Authenticate->handle(Object(Illuminate\\Http\\Request), Object(Closure))
#23 C:\\xampp\\htdocs\\its-tni\\vendor\\laravel\\framework\\src\\Illuminate\\Foundation\\Http\\Middleware\\VerifyCsrfToken.php(78): Illuminate\\Pipeline\\Pipeline->Illuminate\\Pipeline\\{closure}(Object(Illuminate\\Http\\Request))
#24 C:\\xampp\\htdocs\\its-tni\\vendor\\laravel\\framework\\src\\Illuminate\\Pipeline\\Pipeline.php(180): Illuminate\\Foundation\\Http\\Middleware\\VerifyCsrfToken->handle(Object(Illuminate\\Http\\Request), Object(Closure))
#25 C:\\xampp\\htdocs\\its-tni\\vendor\\laravel\\framework\\src\\Illuminate\\View\\Middleware\\ShareErrorsFromSession.php(49): Illuminate\\Pipeline\\Pipeline->Illuminate\\Pipeline\\{closure}(Object(Illuminate\\Http\\Request))
#26 C:\\xampp\\htdocs\\its-tni\\vendor\\laravel\\framework\\src\\Illuminate\\Pipeline\\Pipeline.php(180): Illuminate\\View\\Middleware\\ShareErrorsFromSession->handle(Object(Illuminate\\Http\\Request), Object(Closure))
#27 C:\\xampp\\htdocs\\its-tni\\vendor\\laravel\\framework\\src\\Illuminate\\Session\\Middleware\\StartSession.php(121): Illuminate\\Pipeline\\Pipeline->Illuminate\\Pipeline\\{closure}(Object(Illuminate\\Http\\Request))
#28 C:\\xampp\\htdocs\\its-tni\\vendor\\laravel\\framework\\src\\Illuminate\\Session\\Middleware\\StartSession.php(64): Illuminate\\Session\\Middleware\\StartSession->handleStatefulRequest(Object(Illuminate\\Http\\Request), Object(Illuminate\\Session\\Store), Object(Closure))
#29 C:\\xampp\\htdocs\\its-tni\\vendor\\laravel\\framework\\src\\Illuminate\\Pipeline\\Pipeline.php(180): Illuminate\\Session\\Middleware\\StartSession->handle(Object(Illuminate\\Http\\Request), Object(Closure))
#30 C:\\xampp\\htdocs\\its-tni\\vendor\\laravel\\framework\\src\\Illuminate\\Cookie\\Middleware\\AddQueuedCookiesToResponse.php(37): Illuminate\\Pipeline\\Pipeline->Illuminate\\Pipeline\\{closure}(Object(Illuminate\\Http\\Request))
#31 C:\\xampp\\htdocs\\its-tni\\vendor\\laravel\\framework\\src\\Illuminate\\Pipeline\\Pipeline.php(180): Illuminate\\Cookie\\Middleware\\AddQueuedCookiesToResponse->handle(Object(Illuminate\\Http\\Request), Object(Closure))
#32 C:\\xampp\\htdocs\\its-tni\\vendor\\laravel\\framework\\src\\Illuminate\\Cookie\\Middleware\\EncryptCookies.php(67): Illuminate\\Pipeline\\Pipeline->Illuminate\\Pipeline\\{closure}(Object(Illuminate\\Http\\Request))
#33 C:\\xampp\\htdocs\\its-tni\\vendor\\laravel\\framework\\src\\Illuminate\\Pipeline\\Pipeline.php(180): Illuminate\\Cookie\\Middleware\\EncryptCookies->handle(Object(Illuminate\\Http\\Request), Object(Closure))
#34 C:\\xampp\\htdocs\\its-tni\\vendor\\laravel\\framework\\src\\Illuminate\\Pipeline\\Pipeline.php(116): Illuminate\\Pipeline\\Pipeline->Illuminate\\Pipeline\\{closure}(Object(Illuminate\\Http\\Request))
#35 C:\\xampp\\htdocs\\its-tni\\vendor\\laravel\\framework\\src\\Illuminate\\Routing\\Router.php(797): Illuminate\\Pipeline\\Pipeline->then(Object(Closure))
#36 C:\\xampp\\htdocs\\its-tni\\vendor\\laravel\\framework\\src\\Illuminate\\Routing\\Router.php(776): Illuminate\\Routing\\Router->runRouteWithinStack(Object(Illuminate\\Routing\\Route), Object(Illuminate\\Http\\Request))
#37 C:\\xampp\\htdocs\\its-tni\\vendor\\laravel\\framework\\src\\Illuminate\\Routing\\Router.php(740): Illuminate\\Routing\\Router->runRoute(Object(Illuminate\\Http\\Request), Object(Illuminate\\Routing\\Route))
#38 C:\\xampp\\htdocs\\its-tni\\vendor\\laravel\\framework\\src\\Illuminate\\Routing\\Router.php(729): Illuminate\\Routing\\Router->dispatchToRoute(Object(Illuminate\\Http\\Request))
#39 C:\\xampp\\htdocs\\its-tni\\vendor\\laravel\\framework\\src\\Illuminate\\Foundation\\Http\\Kernel.php(200): Illuminate\\Routing\\Router->dispatch(Object(Illuminate\\Http\\Request))
#40 C:\\xampp\\htdocs\\its-tni\\vendor\\laravel\\framework\\src\\Illuminate\\Pipeline\\Pipeline.php(141): Illuminate\\Foundation\\Http\\Kernel->Illuminate\\Foundation\\Http\\{closure}(Object(Illuminate\\Http\\Request))
#41 C:\\xampp\\htdocs\\its-tni\\vendor\\laravel\\framework\\src\\Illuminate\\Foundation\\Http\\Middleware\\TransformsRequest.php(21): Illuminate\\Pipeline\\Pipeline->Illuminate\\Pipeline\\{closure}(Object(Illuminate\\Http\\Request))
#42 C:\\xampp\\htdocs\\its-tni\\vendor\\laravel\\framework\\src\\Illuminate\\Foundation\\Http\\Middleware\\ConvertEmptyStringsToNull.php(31): Illuminate\\Foundation\\Http\\Middleware\\TransformsRequest->handle(Object(Illuminate\\Http\\Request), Object(Closure))
#43 C:\\xampp\\htdocs\\its-tni\\vendor\\laravel\\framework\\src\\Illuminate\\Pipeline\\Pipeline.php(180): Illuminate\\Foundation\\Http\\Middleware\\ConvertEmptyStringsToNull->handle(Object(Illuminate\\Http\\Request), Object(Closure))
#44 C:\\xampp\\htdocs\\its-tni\\vendor\\laravel\\framework\\src\\Illuminate\\Foundation\\Http\\Middleware\\TransformsRequest.php(21): Illuminate\\Pipeline\\Pipeline->Illuminate\\Pipeline\\{closure}(Object(Illuminate\\Http\\Request))
#45 C:\\xampp\\htdocs\\its-tni\\vendor\\laravel\\framework\\src\\Illuminate\\Foundation\\Http\\Middleware\\TrimStrings.php(40): Illuminate\\Foundation\\Http\\Middleware\\TransformsRequest->handle(Object(Illuminate\\Http\\Request), Object(Closure))
#46 C:\\xampp\\htdocs\\its-tni\\vendor\\laravel\\framework\\src\\Illuminate\\Pipeline\\Pipeline.php(180): Illuminate\\Foundation\\Http\\Middleware\\TrimStrings->handle(Object(Illuminate\\Http\\Request), Object(Closure))
#47 C:\\xampp\\htdocs\\its-tni\\vendor\\laravel\\framework\\src\\Illuminate\\Foundation\\Http\\Middleware\\ValidatePostSize.php(27): Illuminate\\Pipeline\\Pipeline->Illuminate\\Pipeline\\{closure}(Object(Illuminate\\Http\\Request))
#48 C:\\xampp\\htdocs\\its-tni\\vendor\\laravel\\framework\\src\\Illuminate\\Pipeline\\Pipeline.php(180): Illuminate\\Foundation\\Http\\Middleware\\ValidatePostSize->handle(Object(Illuminate\\Http\\Request), Object(Closure))
#49 C:\\xampp\\htdocs\\its-tni\\vendor\\laravel\\framework\\src\\Illuminate\\Foundation\\Http\\Middleware\\PreventRequestsDuringMaintenance.php(86): Illuminate\\Pipeline\\Pipeline->Illuminate\\Pipeline\\{closure}(Object(Illuminate\\Http\\Request))
#50 C:\\xampp\\htdocs\\its-tni\\vendor\\laravel\\framework\\src\\Illuminate\\Pipeline\\Pipeline.php(180): Illuminate\\Foundation\\Http\\Middleware\\PreventRequestsDuringMaintenance->handle(Object(Illuminate\\Http\\Request), Object(Closure))
#51 C:\\xampp\\htdocs\\its-tni\\vendor\\laravel\\framework\\src\\Illuminate\\Http\\Middleware\\HandleCors.php(49): Illuminate\\Pipeline\\Pipeline->Illuminate\\Pipeline\\{closure}(Object(Illuminate\\Http\\Request))
#52 C:\\xampp\\htdocs\\its-tni\\vendor\\laravel\\framework\\src\\Illuminate\\Pipeline\\Pipeline.php(180): Illuminate\\Http\\Middleware\\HandleCors->handle(Object(Illuminate\\Http\\Request), Object(Closure))
#53 C:\\xampp\\htdocs\\its-tni\\vendor\\laravel\\framework\\src\\Illuminate\\Http\\Middleware\\TrustProxies.php(39): Illuminate\\Pipeline\\Pipeline->Illuminate\\Pipeline\\{closure}(Object(Illuminate\\Http\\Request))
#54 C:\\xampp\\htdocs\\its-tni\\vendor\\laravel\\framework\\src\\Illuminate\\Pipeline\\Pipeline.php(180): Illuminate\\Http\\Middleware\\TrustProxies->handle(Object(Illuminate\\Http\\Request), Object(Closure))
#55 C:\\xampp\\htdocs\\its-tni\\vendor\\laravel\\framework\\src\\Illuminate\\Pipeline\\Pipeline.php(116): Illuminate\\Pipeline\\Pipeline->Illuminate\\Pipeline\\{closure}(Object(Illuminate\\Http\\Request))
#56 C:\\xampp\\htdocs\\its-tni\\vendor\\laravel\\framework\\src\\Illuminate\\Foundation\\Http\\Kernel.php(175): Illuminate\\Pipeline\\Pipeline->then(Object(Closure))
#57 C:\\xampp\\htdocs\\its-tni\\vendor\\laravel\\framework\\src\\Illuminate\\Foundation\\Http\\Kernel.php(144): Illuminate\\Foundation\\Http\\Kernel->sendRequestThroughRouter(Object(Illuminate\\Http\\Request))
#58 C:\\xampp\\htdocs\\its-tni\\public\\index.php(54): Illuminate\\Foundation\\Http\\Kernel->handle(Object(Illuminate\\Http\\Request))
#59 {main}

[previous exception] [object] (ErrorException(code: 0): Undefined property: stdClass::$Pengenalan IOT Visual at C:\\xampp\\htdocs\\its-tni\\storage\\framework\\views\\5072aed19ef4785aeba339a7999dcc91.php:32)
[stacktrace]
#0 C:\\xampp\\htdocs\\its-tni\\vendor\\laravel\\framework\\src\\Illuminate\\Foundation\\Bootstrap\\HandleExceptions.php(250): Illuminate\\Foundation\\Bootstrap\\HandleExceptions->handleError(2, 'Undefined prope...', 'C:\\\\xampp\\\\htdocs...', 32)
#1 C:\\xampp\\htdocs\\its-tni\\storage\\framework\\views\\5072aed19ef4785aeba339a7999dcc91.php(32): Illuminate\\Foundation\\Bootstrap\\HandleExceptions->Illuminate\\Foundation\\Bootstrap\\{closure}(2, 'Undefined prope...', 'C:\\\\xampp\\\\htdocs...', 32)
#2 C:\\xampp\\htdocs\\its-tni\\vendor\\laravel\\framework\\src\\Illuminate\\Filesystem\\Filesystem.php(123): require('C:\\\\xampp\\\\htdocs...')
#3 C:\\xampp\\htdocs\\its-tni\\vendor\\laravel\\framework\\src\\Illuminate\\Filesystem\\Filesystem.php(124): Illuminate\\Filesystem\\Filesystem::Illuminate\\Filesystem\\{closure}()
#4 C:\\xampp\\htdocs\\its-tni\\vendor\\laravel\\framework\\src\\Illuminate\\View\\Engines\\PhpEngine.php(58): Illuminate\\Filesystem\\Filesystem->getRequire('C:\\\\xampp\\\\htdocs...', Array)
#5 C:\\xampp\\htdocs\\its-tni\\vendor\\laravel\\framework\\src\\Illuminate\\View\\Engines\\CompilerEngine.php(70): Illuminate\\View\\Engines\\PhpEngine->evaluatePath('C:\\\\xampp\\\\htdocs...', Array)
#6 C:\\xampp\\htdocs\\its-tni\\vendor\\laravel\\framework\\src\\Illuminate\\View\\View.php(195): Illuminate\\View\\Engines\\CompilerEngine->get('C:\\\\xampp\\\\htdocs...', Array)
#7 C:\\xampp\\htdocs\\its-tni\\vendor\\laravel\\framework\\src\\Illuminate\\View\\View.php(178): Illuminate\\View\\View->getContents()
#8 C:\\xampp\\htdocs\\its-tni\\vendor\\laravel\\framework\\src\\Illuminate\\View\\View.php(147): Illuminate\\View\\View->renderContents()
#9 C:\\xampp\\htdocs\\its-tni\\vendor\\laravel\\framework\\src\\Illuminate\\Http\\Response.php(69): Illuminate\\View\\View->render()
#10 C:\\xampp\\htdocs\\its-tni\\vendor\\laravel\\framework\\src\\Illuminate\\Http\\Response.php(35): Illuminate\\Http\\Response->setContent(Object(Illuminate\\View\\View))
#11 C:\\xampp\\htdocs\\its-tni\\vendor\\laravel\\framework\\src\\Illuminate\\Routing\\Router.php(906): Illuminate\\Http\\Response->__construct(Object(Illuminate\\View\\View), 200, Array)
#12 C:\\xampp\\htdocs\\its-tni\\vendor\\laravel\\framework\\src\\Illuminate\\Routing\\Router.php(875): Illuminate\\Routing\\Router::toResponse(Object(Illuminate\\Http\\Request), Object(Illuminate\\View\\View))
#13 C:\\xampp\\htdocs\\its-tni\\vendor\\laravel\\framework\\src\\Illuminate\\Routing\\Router.php(797): Illuminate\\Routing\\Router->prepareResponse(Object(Illuminate\\Http\\Request), Object(Illuminate\\View\\View))
#14 C:\\xampp\\htdocs\\its-tni\\vendor\\laravel\\framework\\src\\Illuminate\\Pipeline\\Pipeline.php(141): Illuminate\\Routing\\Router->Illuminate\\Routing\\{closure}(Object(Illuminate\\Http\\Request))
#15 C:\\xampp\\htdocs\\its-tni\\app\\Http\\Middleware\\UserLimit.php(28): Illuminate\\Pipeline\\Pipeline->Illuminate\\Pipeline\\{closure}(Object(Illuminate\\Http\\Request))
#16 C:\\xampp\\htdocs\\its-tni\\vendor\\laravel\\framework\\src\\Illuminate\\Pipeline\\Pipeline.php(180): App\\Http\\Middleware\\UserLimit->handle(Object(Illuminate\\Http\\Request), Object(Closure))
#17 C:\\xampp\\htdocs\\its-tni\\app\\Http\\Middleware\\Admin.php(48): Illuminate\\Pipeline\\Pipeline->Illuminate\\Pipeline\\{closure}(Object(Illuminate\\Http\\Request))
#18 C:\\xampp\\htdocs\\its-tni\\vendor\\laravel\\framework\\src\\Illuminate\\Pipeline\\Pipeline.php(180): App\\Http\\Middleware\\Admin->handle(Object(Illuminate\\Http\\Request), Object(Closure))
#19 C:\\xampp\\htdocs\\its-tni\\vendor\\laravel\\framework\\src\\Illuminate\\Routing\\Middleware\\SubstituteBindings.php(50): Illuminate\\Pipeline\\Pipeline->Illuminate\\Pipeline\\{closure}(Object(Illuminate\\Http\\Request))
#20 C:\\xampp\\htdocs\\its-tni\\vendor\\laravel\\framework\\src\\Illuminate\\Pipeline\\Pipeline.php(180): Illuminate\\Routing\\Middleware\\SubstituteBindings->handle(Object(Illuminate\\Http\\Request), Object(Closure))
#21 C:\\xampp\\htdocs\\its-tni\\vendor\\laravel\\framework\\src\\Illuminate\\Auth\\Middleware\\Authenticate.php(45): Illuminate\\Pipeline\\Pipeline->Illuminate\\Pipeline\\{closure}(Object(Illuminate\\Http\\Request))
#22 C:\\xampp\\htdocs\\its-tni\\vendor\\laravel\\framework\\src\\Illuminate\\Pipeline\\Pipeline.php(180): Illuminate\\Auth\\Middleware\\Authenticate->handle(Object(Illuminate\\Http\\Request), Object(Closure))
#23 C:\\xampp\\htdocs\\its-tni\\vendor\\laravel\\framework\\src\\Illuminate\\Foundation\\Http\\Middleware\\VerifyCsrfToken.php(78): Illuminate\\Pipeline\\Pipeline->Illuminate\\Pipeline\\{closure}(Object(Illuminate\\Http\\Request))
#24 C:\\xampp\\htdocs\\its-tni\\vendor\\laravel\\framework\\src\\Illuminate\\Pipeline\\Pipeline.php(180): Illuminate\\Foundation\\Http\\Middleware\\VerifyCsrfToken->handle(Object(Illuminate\\Http\\Request), Object(Closure))
#25 C:\\xampp\\htdocs\\its-tni\\vendor\\laravel\\framework\\src\\Illuminate\\View\\Middleware\\ShareErrorsFromSession.php(49): Illuminate\\Pipeline\\Pipeline->Illuminate\\Pipeline\\{closure}(Object(Illuminate\\Http\\Request))
#26 C:\\xampp\\htdocs\\its-tni\\vendor\\laravel\\framework\\src\\Illuminate\\Pipeline\\Pipeline.php(180): Illuminate\\View\\Middleware\\ShareErrorsFromSession->handle(Object(Illuminate\\Http\\Request), Object(Closure))
#27 C:\\xampp\\htdocs\\its-tni\\vendor\\laravel\\framework\\src\\Illuminate\\Session\\Middleware\\StartSession.php(121): Illuminate\\Pipeline\\Pipeline->Illuminate\\Pipeline\\{closure}(Object(Illuminate\\Http\\Request))
#28 C:\\xampp\\htdocs\\its-tni\\vendor\\laravel\\framework\\src\\Illuminate\\Session\\Middleware\\StartSession.php(64): Illuminate\\Session\\Middleware\\StartSession->handleStatefulRequest(Object(Illuminate\\Http\\Request), Object(Illuminate\\Session\\Store), Object(Closure))
#29 C:\\xampp\\htdocs\\its-tni\\vendor\\laravel\\framework\\src\\Illuminate\\Pipeline\\Pipeline.php(180): Illuminate\\Session\\Middleware\\StartSession->handle(Object(Illuminate\\Http\\Request), Object(Closure))
#30 C:\\xampp\\htdocs\\its-tni\\vendor\\laravel\\framework\\src\\Illuminate\\Cookie\\Middleware\\AddQueuedCookiesToResponse.php(37): Illuminate\\Pipeline\\Pipeline->Illuminate\\Pipeline\\{closure}(Object(Illuminate\\Http\\Request))
#31 C:\\xampp\\htdocs\\its-tni\\vendor\\laravel\\framework\\src\\Illuminate\\Pipeline\\Pipeline.php(180): Illuminate\\Cookie\\Middleware\\AddQueuedCookiesToResponse->handle(Object(Illuminate\\Http\\Request), Object(Closure))
#32 C:\\xampp\\htdocs\\its-tni\\vendor\\laravel\\framework\\src\\Illuminate\\Cookie\\Middleware\\EncryptCookies.php(67): Illuminate\\Pipeline\\Pipeline->Illuminate\\Pipeline\\{closure}(Object(Illuminate\\Http\\Request))
#33 C:\\xampp\\htdocs\\its-tni\\vendor\\laravel\\framework\\src\\Illuminate\\Pipeline\\Pipeline.php(180): Illuminate\\Cookie\\Middleware\\EncryptCookies->handle(Object(Illuminate\\Http\\Request), Object(Closure))
#34 C:\\xampp\\htdocs\\its-tni\\vendor\\laravel\\framework\\src\\Illuminate\\Pipeline\\Pipeline.php(116): Illuminate\\Pipeline\\Pipeline->Illuminate\\Pipeline\\{closure}(Object(Illuminate\\Http\\Request))
#35 C:\\xampp\\htdocs\\its-tni\\vendor\\laravel\\framework\\src\\Illuminate\\Routing\\Router.php(797): Illuminate\\Pipeline\\Pipeline->then(Object(Closure))
#36 C:\\xampp\\htdocs\\its-tni\\vendor\\laravel\\framework\\src\\Illuminate\\Routing\\Router.php(776): Illuminate\\Routing\\Router->runRouteWithinStack(Object(Illuminate\\Routing\\Route), Object(Illuminate\\Http\\Request))
#37 C:\\xampp\\htdocs\\its-tni\\vendor\\laravel\\framework\\src\\Illuminate\\Routing\\Router.php(740): Illuminate\\Routing\\Router->runRoute(Object(Illuminate\\Http\\Request), Object(Illuminate\\Routing\\Route))
#38 C:\\xampp\\htdocs\\its-tni\\vendor\\laravel\\framework\\src\\Illuminate\\Routing\\Router.php(729): Illuminate\\Routing\\Router->dispatchToRoute(Object(Illuminate\\Http\\Request))
#39 C:\\xampp\\htdocs\\its-tni\\vendor\\laravel\\framework\\src\\Illuminate\\Foundation\\Http\\Kernel.php(200): Illuminate\\Routing\\Router->dispatch(Object(Illuminate\\Http\\Request))
#40 C:\\xampp\\htdocs\\its-tni\\vendor\\laravel\\framework\\src\\Illuminate\\Pipeline\\Pipeline.php(141): Illuminate\\Foundation\\Http\\Kernel->Illuminate\\Foundation\\Http\\{closure}(Object(Illuminate\\Http\\Request))
#41 C:\\xampp\\htdocs\\its-tni\\vendor\\laravel\\framework\\src\\Illuminate\\Foundation\\Http\\Middleware\\TransformsRequest.php(21): Illuminate\\Pipeline\\Pipeline->Illuminate\\Pipeline\\{closure}(Object(Illuminate\\Http\\Request))
#42 C:\\xampp\\htdocs\\its-tni\\vendor\\laravel\\framework\\src\\Illuminate\\Foundation\\Http\\Middleware\\ConvertEmptyStringsToNull.php(31): Illuminate\\Foundation\\Http\\Middleware\\TransformsRequest->handle(Object(Illuminate\\Http\\Request), Object(Closure))
#43 C:\\xampp\\htdocs\\its-tni\\vendor\\laravel\\framework\\src\\Illuminate\\Pipeline\\Pipeline.php(180): Illuminate\\Foundation\\Http\\Middleware\\ConvertEmptyStringsToNull->handle(Object(Illuminate\\Http\\Request), Object(Closure))
#44 C:\\xampp\\htdocs\\its-tni\\vendor\\laravel\\framework\\src\\Illuminate\\Foundation\\Http\\Middleware\\TransformsRequest.php(21): Illuminate\\Pipeline\\Pipeline->Illuminate\\Pipeline\\{closure}(Object(Illuminate\\Http\\Request))
#45 C:\\xampp\\htdocs\\its-tni\\vendor\\laravel\\framework\\src\\Illuminate\\Foundation\\Http\\Middleware\\TrimStrings.php(40): Illuminate\\Foundation\\Http\\Middleware\\TransformsRequest->handle(Object(Illuminate\\Http\\Request), Object(Closure))
#46 C:\\xampp\\htdocs\\its-tni\\vendor\\laravel\\framework\\src\\Illuminate\\Pipeline\\Pipeline.php(180): Illuminate\\Foundation\\Http\\Middleware\\TrimStrings->handle(Object(Illuminate\\Http\\Request), Object(Closure))
#47 C:\\xampp\\htdocs\\its-tni\\vendor\\laravel\\framework\\src\\Illuminate\\Foundation\\Http\\Middleware\\ValidatePostSize.php(27): Illuminate\\Pipeline\\Pipeline->Illuminate\\Pipeline\\{closure}(Object(Illuminate\\Http\\Request))
#48 C:\\xampp\\htdocs\\its-tni\\vendor\\laravel\\framework\\src\\Illuminate\\Pipeline\\Pipeline.php(180): Illuminate\\Foundation\\Http\\Middleware\\ValidatePostSize->handle(Object(Illuminate\\Http\\Request), Object(Closure))
#49 C:\\xampp\\htdocs\\its-tni\\vendor\\laravel\\framework\\src\\Illuminate\\Foundation\\Http\\Middleware\\PreventRequestsDuringMaintenance.php(86): Illuminate\\Pipeline\\Pipeline->Illuminate\\Pipeline\\{closure}(Object(Illuminate\\Http\\Request))
#50 C:\\xampp\\htdocs\\its-tni\\vendor\\laravel\\framework\\src\\Illuminate\\Pipeline\\Pipeline.php(180): Illuminate\\Foundation\\Http\\Middleware\\PreventRequestsDuringMaintenance->handle(Object(Illuminate\\Http\\Request), Object(Closure))
#51 C:\\xampp\\htdocs\\its-tni\\vendor\\laravel\\framework\\src\\Illuminate\\Http\\Middleware\\HandleCors.php(49): Illuminate\\Pipeline\\Pipeline->Illuminate\\Pipeline\\{closure}(Object(Illuminate\\Http\\Request))
#52 C:\\xampp\\htdocs\\its-tni\\vendor\\laravel\\framework\\src\\Illuminate\\Pipeline\\Pipeline.php(180): Illuminate\\Http\\Middleware\\HandleCors->handle(Object(Illuminate\\Http\\Request), Object(Closure))
#53 C:\\xampp\\htdocs\\its-tni\\vendor\\laravel\\framework\\src\\Illuminate\\Http\\Middleware\\TrustProxies.php(39): Illuminate\\Pipeline\\Pipeline->Illuminate\\Pipeline\\{closure}(Object(Illuminate\\Http\\Request))
#54 C:\\xampp\\htdocs\\its-tni\\vendor\\laravel\\framework\\src\\Illuminate\\Pipeline\\Pipeline.php(180): Illuminate\\Http\\Middleware\\TrustProxies->handle(Object(Illuminate\\Http\\Request), Object(Closure))
#55 C:\\xampp\\htdocs\\its-tni\\vendor\\laravel\\framework\\src\\Illuminate\\Pipeline\\Pipeline.php(116): Illuminate\\Pipeline\\Pipeline->Illuminate\\Pipeline\\{closure}(Object(Illuminate\\Http\\Request))
#56 C:\\xampp\\htdocs\\its-tni\\vendor\\laravel\\framework\\src\\Illuminate\\Foundation\\Http\\Kernel.php(175): Illuminate\\Pipeline\\Pipeline->then(Object(Closure))
#57 C:\\xampp\\htdocs\\its-tni\\vendor\\laravel\\framework\\src\\Illuminate\\Foundation\\Http\\Kernel.php(144): Illuminate\\Foundation\\Http\\Kernel->sendRequestThroughRouter(Object(Illuminate\\Http\\Request))
#58 C:\\xampp\\htdocs\\its-tni\\public\\index.php(54): Illuminate\\Foundation\\Http\\Kernel->handle(Object(Illuminate\\Http\\Request))
#59 {main}
"} 
