[2024-09-07 03:17:34] local.ERROR: Undefined array key "emotion_averages" {"view":{"view":"C:\\xampp\\htdocs\\its-tni\\resources\\views\\admin\\session\\stats.blade.php","data":{"errors":"<pre class=sf-dump id=sf-dump-758038730 data-indent-pad=\"  \"><span class=sf-dump-note>Illuminate\\Support\\ViewErrorBag</span> {<a class=sf-dump-ref>#2109</a><samp data-depth=1 class=sf-dump-expanded>
  #<span class=sf-dump-protected title=\"Protected property\">bags</span>: []
</samp>}
</pre><script>Sfdump(\"sf-dump-758038730\", {\"maxDepth\":3,\"maxStringLength\":160})</script>
","row":"<pre class=sf-dump id=sf-dump-580969613 data-indent-pad=\"  \"><span class=sf-dump-note>ArrayObject</span> {<a class=sf-dump-ref>#2311</a><samp data-depth=1 class=sf-dump-expanded>
  -<span class=sf-dump-private title=\"Private property defined in class:&#10;`ArrayObject`\">storage</span>: <span class=sf-dump-note>array:17</span> [<samp data-depth=2 class=sf-dump-compact>
    \"<span class=sf-dump-key>id</span>\" => <span class=sf-dump-num>1</span>
    \"<span class=sf-dump-key>created_at</span>\" => \"<span class=sf-dump-str title=\"19 characters\">2024-03-29 17:50:06</span>\"
    \"<span class=sf-dump-key>updated_at</span>\" => \"<span class=sf-dump-str title=\"19 characters\">2024-03-29 17:50:06</span>\"
    \"<span class=sf-dump-key>student_id</span>\" => <span class=sf-dump-num>1</span>
    \"<span class=sf-dump-key>course_id</span>\" => <span class=sf-dump-num>12</span>
    \"<span class=sf-dump-key>reg_code</span>\" => <span class=sf-dump-const>null</span>
    \"<span class=sf-dump-key>completed</span>\" => <span class=sf-dump-num>1</span>
    \"<span class=sf-dump-key>user_id</span>\" => <span class=sf-dump-num>2</span>
    \"<span class=sf-dump-key>nim</span>\" => <span class=sf-dump-const>null</span>
    \"<span class=sf-dump-key>department</span>\" => <span class=sf-dump-const>null</span>
    \"<span class=sf-dump-key>mobile_number</span>\" => \"<span class=sf-dump-str title=\"11 characters\">89602910492</span>\"
    \"<span class=sf-dump-key>api_token</span>\" => <span class=sf-dump-const>null</span>
    \"<span class=sf-dump-key>token_expires</span>\" => <span class=sf-dump-const>null</span>
    \"<span class=sf-dump-key>name</span>\" => \"<span class=sf-dump-str title=\"5 characters\">sandi</span>\"
    \"<span class=sf-dump-key>last_name</span>\" => \"<span class=sf-dump-str title=\"6 characters\">komara</span>\"
    \"<span class=sf-dump-key>email</span>\" => \"<span class=sf-dump-str title=\"23 characters\">sandikomara01@gmail.com</span>\"
    \"<span class=sf-dump-key>course_name</span>\" => \"<span class=sf-dump-str title=\"24 characters\">Internet Of Things (IOT)</span>\"
  </samp>]
  <span class=sf-dump-meta>flag::STD_PROP_LIST</span>: <span class=sf-dump-const>false</span>
  <span class=sf-dump-meta>flag::ARRAY_AS_PROPS</span>: <span class=sf-dump-const>true</span>
  <span class=sf-dump-meta>iteratorClass</span>: \"<span class=sf-dump-str title=\"13 characters\">ArrayIterator</span>\"
</samp>}
</pre><script>Sfdump(\"sf-dump-580969613\", {\"maxDepth\":3,\"maxStringLength\":160})</script>
","totalLessons":"<pre class=sf-dump id=sf-dump-1840348725 data-indent-pad=\"  \"><span class=sf-dump-num>6</span>
</pre><script>Sfdump(\"sf-dump-1840348725\", {\"maxDepth\":3,\"maxStringLength\":160})</script>
","attended":"<pre class=sf-dump id=sf-dump-1555159051 data-indent-pad=\"  \"><span class=sf-dump-note>Laminas\\Db\\ResultSet\\ResultSet</span> {<a class=sf-dump-ref>#2252</a><samp data-depth=1 class=sf-dump-expanded>
  #<span class=sf-dump-protected title=\"Protected property\">buffer</span>: <span class=sf-dump-num>-2</span>
  #<span class=sf-dump-protected title=\"Protected property\">count</span>: <span class=sf-dump-num>3</span>
  #<span class=sf-dump-protected title=\"Protected property\">dataSource</span>: <span class=sf-dump-note title=\"Laminas\\Db\\Adapter\\Driver\\Pdo\\Result
\"><span class=\"sf-dump-ellipsis sf-dump-ellipsis-note\">Laminas\\Db\\Adapter\\Driver\\Pdo</span><span class=\"sf-dump-ellipsis sf-dump-ellipsis-note\">\\</span>Result</span> {<a class=sf-dump-ref>#2251</a><samp data-depth=2 class=sf-dump-compact>
    #<span class=sf-dump-protected title=\"Protected property\">statementMode</span>: \"<span class=sf-dump-str title=\"7 characters\">forward</span>\"
    #<span class=sf-dump-protected title=\"Protected property\">fetchMode</span>: <span class=sf-dump-num>2</span>
    #<span class=sf-dump-protected title=\"Protected property\">resource</span>: <span class=sf-dump-note>PDOStatement</span> {<a class=sf-dump-ref>#2253</a><samp data-depth=3 class=sf-dump-compact>
      +<span class=sf-dump-public title=\"Public property\">queryString</span>: \"<span class=sf-dump-str title=\"189 characters\">SELECT `attendances`.*, `lessons`.`name` AS `name` FROM `attendances` INNER JOIN `lessons` ON `attendances`.`lesson_id`=`lessons`.`id` WHERE `student_id` = :where1 AND `course_id` = :where2</span>\"
    </samp>}
    #<span class=sf-dump-protected title=\"Protected property\">options</span>: <span class=sf-dump-const>null</span>
    #<span class=sf-dump-protected title=\"Protected property\">currentComplete</span>: <span class=sf-dump-const>true</span>
    #<span class=sf-dump-protected title=\"Protected property\">currentData</span>: <span class=sf-dump-const>false</span>
    #<span class=sf-dump-protected title=\"Protected property\">position</span>: <span class=sf-dump-num>3</span>
    #<span class=sf-dump-protected title=\"Protected property\">generatedValue</span>: \"<span class=sf-dump-str>0</span>\"
    #<span class=sf-dump-protected title=\"Protected property\">rowCount</span>: <span class=sf-dump-num>3</span>
  </samp>}
  #<span class=sf-dump-protected title=\"Protected property\">fieldCount</span>: <span class=sf-dump-num>8</span>
  #<span class=sf-dump-protected title=\"Protected property\">position</span>: <span class=sf-dump-num>3</span>
  #<span class=sf-dump-protected title=\"Protected property\">allowedReturnTypes</span>: <span class=sf-dump-note>array:2</span> [<samp data-depth=2 class=sf-dump-compact>
    <span class=sf-dump-index>0</span> => \"<span class=sf-dump-str title=\"11 characters\">arrayobject</span>\"
    <span class=sf-dump-index>1</span> => \"<span class=sf-dump-str title=\"5 characters\">array</span>\"
  </samp>]
  #<span class=sf-dump-protected title=\"Protected property\">arrayObjectPrototype</span>: <span class=sf-dump-note>ArrayObject</span> {<a class=sf-dump-ref>#2246</a><samp data-depth=2 class=sf-dump-compact>
    -<span class=sf-dump-private title=\"Private property defined in class:&#10;`ArrayObject`\">storage</span>: []
    <span class=sf-dump-meta>flag::STD_PROP_LIST</span>: <span class=sf-dump-const>false</span>
    <span class=sf-dump-meta>flag::ARRAY_AS_PROPS</span>: <span class=sf-dump-const>true</span>
    <span class=sf-dump-meta>iteratorClass</span>: \"<span class=sf-dump-str title=\"13 characters\">ArrayIterator</span>\"
  </samp>}
  #<span class=sf-dump-protected title=\"Protected property\">returnType</span>: \"<span class=sf-dump-str title=\"11 characters\">arrayobject</span>\"
</samp>}
</pre><script>Sfdump(\"sf-dump-1555159051\", {\"maxDepth\":3,\"maxStringLength\":160})</script>
","percentage":"<pre class=sf-dump id=sf-dump-1986996624 data-indent-pad=\"  \"><span class=sf-dump-num>50.0</span>
</pre><script>Sfdump(\"sf-dump-1986996624\", {\"maxDepth\":3,\"maxStringLength\":160})</script>
","testResults":"<pre class=sf-dump id=sf-dump-821774802 data-indent-pad=\"  \">[]
</pre><script>Sfdump(\"sf-dump-821774802\", {\"maxDepth\":3,\"maxStringLength\":160})</script>
","pageTitle":"<pre class=sf-dump id=sf-dump-1657237577 data-indent-pad=\"  \">\"<span class=sf-dump-str title=\"28 characters\">Kemajuan Siswa: sandi komara</span>\"
</pre><script>Sfdump(\"sf-dump-1657237577\", {\"maxDepth\":3,\"maxStringLength\":160})</script>
","customCrumbs":"<pre class=sf-dump id=sf-dump-1248553264 data-indent-pad=\"  \"><span class=sf-dump-note>array:4</span> [<samp data-depth=1 class=sf-dump-expanded>
  \"<span class=sf-dump-key>http://localhost/its-tni/public/admin</span>\" => \"<span class=sf-dump-str title=\"6 characters\">Dasbor</span>\"
  \"<span class=sf-dump-key>http://localhost/its-tni/public/admin/student/sessions</span>\" => \"<span class=sf-dump-str title=\"13 characters\">Sesi &amp; Kursus</span>\"
  \"<span class=sf-dump-key>http://localhost/its-tni/public/admin/student/sessionstudents/12</span>\" => \"<span class=sf-dump-str title=\"15 characters\">Siswa Terdaftar</span>\"
  \"<span class=sf-dump-key>#</span>\" => \"<span class=sf-dump-str title=\"14 characters\">Kemajuan Siswa</span>\"
</samp>]
</pre><script>Sfdump(\"sf-dump-1248553264\", {\"maxDepth\":3,\"maxStringLength\":160})</script>
","emosi":"<pre class=sf-dump id=sf-dump-105259084 data-indent-pad=\"  \"><span class=sf-dump-note>Illuminate\\Support\\Collection</span> {<a class=sf-dump-ref>#2356</a><samp data-depth=1 class=sf-dump-expanded>
  #<span class=sf-dump-protected title=\"Protected property\">items</span>: <span class=sf-dump-note>array:3</span> [<samp data-depth=2 class=sf-dump-compact>
    <span class=sf-dump-index>0</span> => <span class=sf-dump-note>array:13</span> [<samp data-depth=3 class=sf-dump-compact>
      \"<span class=sf-dump-key>student_id</span>\" => <span class=sf-dump-num>1</span>
      \"<span class=sf-dump-key>lecture_id</span>\" => <span class=sf-dump-num>29</span>
      \"<span class=sf-dump-key>course_name</span>\" => \"<span class=sf-dump-str title=\"24 characters\">Internet Of Things (IOT)</span>\"
      \"<span class=sf-dump-key>lama</span>\" => \"<span class=sf-dump-str title=\"7 characters\">0 Menit</span>\"
      \"<span class=sf-dump-key>name</span>\" => \"<span class=sf-dump-str title=\"5 characters\">sandi</span>\"
      \"<span class=sf-dump-key>lecture_title</span>\" => \"<span class=sf-dump-str title=\"25 characters\">Pengenalan IOT Kinestetik</span>\"
      \"<span class=sf-dump-key>emotion</span>\" => \"<span class=sf-dump-str title=\"139 characters\">neutral: 89.72%; happy: 0.00%; sad: 0.00%; angry: 0.00%; fearful: 0.00%; disgusted: 0.00%; surprised: 10.28%; yawning: 0.00%; sleepy: 0.00%</span>\"
      \"<span class=sf-dump-key>emotion_encode</span>\" => <span class=sf-dump-note>array:9</span> [ &#8230;9]
      \"<span class=sf-dump-key>average</span>\" => \"<span class=sf-dump-str title=\"6 characters\">11.11%</span>\"
      \"<span class=sf-dump-key>highestEmotion</span>\" => \"<span class=sf-dump-str title=\"16 characters\">Neutral (89.72%)</span>\"
      \"<span class=sf-dump-key>yawnPercentage</span>\" => \"<span class=sf-dump-str title=\"5 characters\">0.00%</span>\"
      \"<span class=sf-dump-key>sleepyPercentage</span>\" => \"<span class=sf-dump-str title=\"5 characters\">0.00%</span>\"
      \"<span class=sf-dump-key>combinedSleepyYawnPercentage</span>\" => \"<span class=sf-dump-str title=\"5 characters\">0.00%</span>\"
    </samp>]
    <span class=sf-dump-index>1</span> => <span class=sf-dump-note>array:13</span> [<samp data-depth=3 class=sf-dump-compact>
      \"<span class=sf-dump-key>student_id</span>\" => <span class=sf-dump-num>1</span>
      \"<span class=sf-dump-key>lecture_id</span>\" => <span class=sf-dump-num>31</span>
      \"<span class=sf-dump-key>course_name</span>\" => \"<span class=sf-dump-str title=\"24 characters\">Internet Of Things (IOT)</span>\"
      \"<span class=sf-dump-key>lama</span>\" => \"<span class=sf-dump-str title=\"7 characters\">0 Menit</span>\"
      \"<span class=sf-dump-key>name</span>\" => \"<span class=sf-dump-str title=\"5 characters\">sandi</span>\"
      \"<span class=sf-dump-key>lecture_title</span>\" => \"<span class=sf-dump-str title=\"26 characters\">Monitoring Suhu Kinestetik</span>\"
      \"<span class=sf-dump-key>emotion</span>\" => \"<span class=sf-dump-str title=\"138 characters\">neutral: 99.89%; happy: 0.00%; sad: 0.00%; angry: 0.00%; fearful: 0.00%; disgusted: 0.00%; surprised: 0.11%; yawning: 0.00%; sleepy: 0.00%</span>\"
      \"<span class=sf-dump-key>emotion_encode</span>\" => <span class=sf-dump-note>array:9</span> [ &#8230;9]
      \"<span class=sf-dump-key>average</span>\" => \"<span class=sf-dump-str title=\"6 characters\">11.11%</span>\"
      \"<span class=sf-dump-key>highestEmotion</span>\" => \"<span class=sf-dump-str title=\"16 characters\">Neutral (99.89%)</span>\"
      \"<span class=sf-dump-key>yawnPercentage</span>\" => \"<span class=sf-dump-str title=\"5 characters\">0.00%</span>\"
      \"<span class=sf-dump-key>sleepyPercentage</span>\" => \"<span class=sf-dump-str title=\"5 characters\">0.00%</span>\"
      \"<span class=sf-dump-key>combinedSleepyYawnPercentage</span>\" => \"<span class=sf-dump-str title=\"5 characters\">0.00%</span>\"
    </samp>]
    <span class=sf-dump-index>2</span> => <span class=sf-dump-note>array:13</span> [<samp data-depth=3 class=sf-dump-compact>
      \"<span class=sf-dump-key>student_id</span>\" => <span class=sf-dump-num>1</span>
      \"<span class=sf-dump-key>lecture_id</span>\" => <span class=sf-dump-num>40</span>
      \"<span class=sf-dump-key>course_name</span>\" => \"<span class=sf-dump-str title=\"24 characters\">Internet Of Things (IOT)</span>\"
      \"<span class=sf-dump-key>lama</span>\" => \"<span class=sf-dump-str title=\"7 characters\">0 Menit</span>\"
      \"<span class=sf-dump-key>name</span>\" => \"<span class=sf-dump-str title=\"5 characters\">sandi</span>\"
      \"<span class=sf-dump-key>lecture_title</span>\" => \"<span class=sf-dump-str title=\"17 characters\">Kontrol LED Blynk</span>\"
      \"<span class=sf-dump-key>emotion</span>\" => \"<span class=sf-dump-str title=\"138 characters\">neutral: 89.85%; happy: 0.00%; sad: 9.86%; angry: 0.00%; fearful: 0.00%; disgusted: 0.00%; surprised: 0.29%; yawning: 0.00%; sleepy: 0.00%</span>\"
      \"<span class=sf-dump-key>emotion_encode</span>\" => <span class=sf-dump-note>array:9</span> [ &#8230;9]
      \"<span class=sf-dump-key>average</span>\" => \"<span class=sf-dump-str title=\"6 characters\">11.11%</span>\"
      \"<span class=sf-dump-key>highestEmotion</span>\" => \"<span class=sf-dump-str title=\"16 characters\">Neutral (89.85%)</span>\"
      \"<span class=sf-dump-key>yawnPercentage</span>\" => \"<span class=sf-dump-str title=\"5 characters\">0.00%</span>\"
      \"<span class=sf-dump-key>sleepyPercentage</span>\" => \"<span class=sf-dump-str title=\"5 characters\">0.00%</span>\"
      \"<span class=sf-dump-key>combinedSleepyYawnPercentage</span>\" => \"<span class=sf-dump-str title=\"5 characters\">0.00%</span>\"
    </samp>]
  </samp>]
  #<span class=sf-dump-protected title=\"Protected property\">escapeWhenCastingToString</span>: <span class=sf-dump-const>false</span>
</samp>}
</pre><script>Sfdump(\"sf-dump-105259084\", {\"maxDepth\":3,\"maxStringLength\":160})</script>
","akhir_emosi":"<pre class=sf-dump id=sf-dump-104106487 data-indent-pad=\"  \"><span class=sf-dump-note>array:4</span> [<samp data-depth=1 class=sf-dump-expanded>
  \"<span class=sf-dump-key>emotion_averages</span>\" => <span class=sf-dump-note>array:9</span> [<samp data-depth=2 class=sf-dump-compact>
    \"<span class=sf-dump-key>neutral</span>\" => <span class=sf-dump-num>93.153333333333</span>
    \"<span class=sf-dump-key>happy</span>\" => <span class=sf-dump-num>0.0</span>
    \"<span class=sf-dump-key>sad</span>\" => <span class=sf-dump-num>3.2866666666667</span>
    \"<span class=sf-dump-key>angry</span>\" => <span class=sf-dump-num>0.0</span>
    \"<span class=sf-dump-key>fearful</span>\" => <span class=sf-dump-num>0.0</span>
    \"<span class=sf-dump-key>disgusted</span>\" => <span class=sf-dump-num>0.0</span>
    \"<span class=sf-dump-key>surprised</span>\" => <span class=sf-dump-num>3.56</span>
    \"<span class=sf-dump-key>yawning</span>\" => <span class=sf-dump-num>0.0</span>
    \"<span class=sf-dump-key>sleepy</span>\" => <span class=sf-dump-num>0.0</span>
  </samp>]
  \"<span class=sf-dump-key>highest_emotion</span>\" => \"<span class=sf-dump-str title=\"7 characters\">neutral</span>\"
  \"<span class=sf-dump-key>highest_percentage</span>\" => <span class=sf-dump-num>93.153333333333</span>
  \"<span class=sf-dump-key>sleepy_percentage</span>\" => <span class=sf-dump-num>0.0</span>
</samp>]
</pre><script>Sfdump(\"sf-dump-104106487\", {\"maxDepth\":3,\"maxStringLength\":160})</script>
","userLayout":"<pre class=sf-dump id=sf-dump-1309047296 data-indent-pad=\"  \">\"<span class=sf-dump-str title=\"13 characters\">layouts.admin</span>\"
</pre><script>Sfdump(\"sf-dump-1309047296\", {\"maxDepth\":3,\"maxStringLength\":160})</script>
"}},"userId":1,"exception":"[object] (Spatie\\LaravelIgnition\\Exceptions\\ViewException(code: 0): Undefined array key \"emotion_averages\" at C:\\xampp\\htdocs\\its-tni\\resources\\views\\admin\\session\\stats.blade.php:139)
[stacktrace]
#0 C:\\xampp\\htdocs\\its-tni\\vendor\\laravel\\framework\\src\\Illuminate\\Foundation\\Bootstrap\\HandleExceptions.php(250): Illuminate\\Foundation\\Bootstrap\\HandleExceptions->handleError(2, 'Undefined array...', 'C:\\\\xampp\\\\htdocs...', 139)
#1 C:\\xampp\\htdocs\\its-tni\\resources\\views\\admin\\session\\stats.blade.php(139): Illuminate\\Foundation\\Bootstrap\\HandleExceptions->Illuminate\\Foundation\\Bootstrap\\{closure}(2, 'Undefined array...', 'C:\\\\xampp\\\\htdocs...', 139)
#2 C:\\xampp\\htdocs\\its-tni\\vendor\\laravel\\framework\\src\\Illuminate\\Filesystem\\Filesystem.php(123): require('C:\\\\xampp\\\\htdocs...')
#3 C:\\xampp\\htdocs\\its-tni\\vendor\\laravel\\framework\\src\\Illuminate\\Filesystem\\Filesystem.php(124): Illuminate\\Filesystem\\Filesystem::Illuminate\\Filesystem\\{closure}()
#4 C:\\xampp\\htdocs\\its-tni\\vendor\\laravel\\framework\\src\\Illuminate\\View\\Engines\\PhpEngine.php(58): Illuminate\\Filesystem\\Filesystem->getRequire('C:\\\\xampp\\\\htdocs...', Array)
#5 C:\\xampp\\htdocs\\its-tni\\vendor\\laravel\\framework\\src\\Illuminate\\View\\Engines\\CompilerEngine.php(70): Illuminate\\View\\Engines\\PhpEngine->evaluatePath('C:\\\\xampp\\\\htdocs...', Array)
#6 C:\\xampp\\htdocs\\its-tni\\vendor\\laravel\\framework\\src\\Illuminate\\View\\View.php(195): Illuminate\\View\\Engines\\CompilerEngine->get('C:\\\\xampp\\\\htdocs...', Array)
#7 C:\\xampp\\htdocs\\its-tni\\vendor\\laravel\\framework\\src\\Illuminate\\View\\View.php(178): Illuminate\\View\\View->getContents()
#8 C:\\xampp\\htdocs\\its-tni\\vendor\\laravel\\framework\\src\\Illuminate\\View\\View.php(147): Illuminate\\View\\View->renderContents()
#9 C:\\xampp\\htdocs\\its-tni\\vendor\\laravel\\framework\\src\\Illuminate\\Http\\Response.php(69): Illuminate\\View\\View->render()
#10 C:\\xampp\\htdocs\\its-tni\\vendor\\laravel\\framework\\src\\Illuminate\\Http\\Response.php(35): Illuminate\\Http\\Response->setContent(Object(Illuminate\\View\\View))
#11 C:\\xampp\\htdocs\\its-tni\\vendor\\laravel\\framework\\src\\Illuminate\\Routing\\Router.php(906): Illuminate\\Http\\Response->__construct(Object(Illuminate\\View\\View), 200, Array)
#12 C:\\xampp\\htdocs\\its-tni\\vendor\\laravel\\framework\\src\\Illuminate\\Routing\\Router.php(875): Illuminate\\Routing\\Router::toResponse(Object(Illuminate\\Http\\Request), Object(Illuminate\\View\\View))
#13 C:\\xampp\\htdocs\\its-tni\\vendor\\laravel\\framework\\src\\Illuminate\\Routing\\Router.php(797): Illuminate\\Routing\\Router->prepareResponse(Object(Illuminate\\Http\\Request), Object(Illuminate\\View\\View))
#14 C:\\xampp\\htdocs\\its-tni\\vendor\\laravel\\framework\\src\\Illuminate\\Pipeline\\Pipeline.php(141): Illuminate\\Routing\\Router->Illuminate\\Routing\\{closure}(Object(Illuminate\\Http\\Request))
#15 C:\\xampp\\htdocs\\its-tni\\app\\Http\\Middleware\\UserLimit.php(28): Illuminate\\Pipeline\\Pipeline->Illuminate\\Pipeline\\{closure}(Object(Illuminate\\Http\\Request))
#16 C:\\xampp\\htdocs\\its-tni\\vendor\\laravel\\framework\\src\\Illuminate\\Pipeline\\Pipeline.php(180): App\\Http\\Middleware\\UserLimit->handle(Object(Illuminate\\Http\\Request), Object(Closure))
#17 C:\\xampp\\htdocs\\its-tni\\app\\Http\\Middleware\\Admin.php(48): Illuminate\\Pipeline\\Pipeline->Illuminate\\Pipeline\\{closure}(Object(Illuminate\\Http\\Request))
#18 C:\\xampp\\htdocs\\its-tni\\vendor\\laravel\\framework\\src\\Illuminate\\Pipeline\\Pipeline.php(180): App\\Http\\Middleware\\Admin->handle(Object(Illuminate\\Http\\Request), Object(Closure))
#19 C:\\xampp\\htdocs\\its-tni\\vendor\\laravel\\framework\\src\\Illuminate\\Routing\\Middleware\\SubstituteBindings.php(50): Illuminate\\Pipeline\\Pipeline->Illuminate\\Pipeline\\{closure}(Object(Illuminate\\Http\\Request))
#20 C:\\xampp\\htdocs\\its-tni\\vendor\\laravel\\framework\\src\\Illuminate\\Pipeline\\Pipeline.php(180): Illuminate\\Routing\\Middleware\\SubstituteBindings->handle(Object(Illuminate\\Http\\Request), Object(Closure))
#21 C:\\xampp\\htdocs\\its-tni\\vendor\\laravel\\framework\\src\\Illuminate\\Auth\\Middleware\\Authenticate.php(45): Illuminate\\Pipeline\\Pipeline->Illuminate\\Pipeline\\{closure}(Object(Illuminate\\Http\\Request))
#22 C:\\xampp\\htdocs\\its-tni\\vendor\\laravel\\framework\\src\\Illuminate\\Pipeline\\Pipeline.php(180): Illuminate\\Auth\\Middleware\\Authenticate->handle(Object(Illuminate\\Http\\Request), Object(Closure))
#23 C:\\xampp\\htdocs\\its-tni\\vendor\\laravel\\framework\\src\\Illuminate\\Foundation\\Http\\Middleware\\VerifyCsrfToken.php(78): Illuminate\\Pipeline\\Pipeline->Illuminate\\Pipeline\\{closure}(Object(Illuminate\\Http\\Request))
#24 C:\\xampp\\htdocs\\its-tni\\vendor\\laravel\\framework\\src\\Illuminate\\Pipeline\\Pipeline.php(180): Illuminate\\Foundation\\Http\\Middleware\\VerifyCsrfToken->handle(Object(Illuminate\\Http\\Request), Object(Closure))
#25 C:\\xampp\\htdocs\\its-tni\\vendor\\laravel\\framework\\src\\Illuminate\\View\\Middleware\\ShareErrorsFromSession.php(49): Illuminate\\Pipeline\\Pipeline->Illuminate\\Pipeline\\{closure}(Object(Illuminate\\Http\\Request))
#26 C:\\xampp\\htdocs\\its-tni\\vendor\\laravel\\framework\\src\\Illuminate\\Pipeline\\Pipeline.php(180): Illuminate\\View\\Middleware\\ShareErrorsFromSession->handle(Object(Illuminate\\Http\\Request), Object(Closure))
#27 C:\\xampp\\htdocs\\its-tni\\vendor\\laravel\\framework\\src\\Illuminate\\Session\\Middleware\\StartSession.php(121): Illuminate\\Pipeline\\Pipeline->Illuminate\\Pipeline\\{closure}(Object(Illuminate\\Http\\Request))
#28 C:\\xampp\\htdocs\\its-tni\\vendor\\laravel\\framework\\src\\Illuminate\\Session\\Middleware\\StartSession.php(64): Illuminate\\Session\\Middleware\\StartSession->handleStatefulRequest(Object(Illuminate\\Http\\Request), Object(Illuminate\\Session\\Store), Object(Closure))
#29 C:\\xampp\\htdocs\\its-tni\\vendor\\laravel\\framework\\src\\Illuminate\\Pipeline\\Pipeline.php(180): Illuminate\\Session\\Middleware\\StartSession->handle(Object(Illuminate\\Http\\Request), Object(Closure))
#30 C:\\xampp\\htdocs\\its-tni\\vendor\\laravel\\framework\\src\\Illuminate\\Cookie\\Middleware\\AddQueuedCookiesToResponse.php(37): Illuminate\\Pipeline\\Pipeline->Illuminate\\Pipeline\\{closure}(Object(Illuminate\\Http\\Request))
#31 C:\\xampp\\htdocs\\its-tni\\vendor\\laravel\\framework\\src\\Illuminate\\Pipeline\\Pipeline.php(180): Illuminate\\Cookie\\Middleware\\AddQueuedCookiesToResponse->handle(Object(Illuminate\\Http\\Request), Object(Closure))
#32 C:\\xampp\\htdocs\\its-tni\\vendor\\laravel\\framework\\src\\Illuminate\\Cookie\\Middleware\\EncryptCookies.php(67): Illuminate\\Pipeline\\Pipeline->Illuminate\\Pipeline\\{closure}(Object(Illuminate\\Http\\Request))
#33 C:\\xampp\\htdocs\\its-tni\\vendor\\laravel\\framework\\src\\Illuminate\\Pipeline\\Pipeline.php(180): Illuminate\\Cookie\\Middleware\\EncryptCookies->handle(Object(Illuminate\\Http\\Request), Object(Closure))
#34 C:\\xampp\\htdocs\\its-tni\\vendor\\laravel\\framework\\src\\Illuminate\\Pipeline\\Pipeline.php(116): Illuminate\\Pipeline\\Pipeline->Illuminate\\Pipeline\\{closure}(Object(Illuminate\\Http\\Request))
#35 C:\\xampp\\htdocs\\its-tni\\vendor\\laravel\\framework\\src\\Illuminate\\Routing\\Router.php(797): Illuminate\\Pipeline\\Pipeline->then(Object(Closure))
#36 C:\\xampp\\htdocs\\its-tni\\vendor\\laravel\\framework\\src\\Illuminate\\Routing\\Router.php(776): Illuminate\\Routing\\Router->runRouteWithinStack(Object(Illuminate\\Routing\\Route), Object(Illuminate\\Http\\Request))
#37 C:\\xampp\\htdocs\\its-tni\\vendor\\laravel\\framework\\src\\Illuminate\\Routing\\Router.php(740): Illuminate\\Routing\\Router->runRoute(Object(Illuminate\\Http\\Request), Object(Illuminate\\Routing\\Route))
#38 C:\\xampp\\htdocs\\its-tni\\vendor\\laravel\\framework\\src\\Illuminate\\Routing\\Router.php(729): Illuminate\\Routing\\Router->dispatchToRoute(Object(Illuminate\\Http\\Request))
#39 C:\\xampp\\htdocs\\its-tni\\vendor\\laravel\\framework\\src\\Illuminate\\Foundation\\Http\\Kernel.php(200): Illuminate\\Routing\\Router->dispatch(Object(Illuminate\\Http\\Request))
#40 C:\\xampp\\htdocs\\its-tni\\vendor\\laravel\\framework\\src\\Illuminate\\Pipeline\\Pipeline.php(141): Illuminate\\Foundation\\Http\\Kernel->Illuminate\\Foundation\\Http\\{closure}(Object(Illuminate\\Http\\Request))
#41 C:\\xampp\\htdocs\\its-tni\\vendor\\laravel\\framework\\src\\Illuminate\\Foundation\\Http\\Middleware\\TransformsRequest.php(21): Illuminate\\Pipeline\\Pipeline->Illuminate\\Pipeline\\{closure}(Object(Illuminate\\Http\\Request))
#42 C:\\xampp\\htdocs\\its-tni\\vendor\\laravel\\framework\\src\\Illuminate\\Foundation\\Http\\Middleware\\ConvertEmptyStringsToNull.php(31): Illuminate\\Foundation\\Http\\Middleware\\TransformsRequest->handle(Object(Illuminate\\Http\\Request), Object(Closure))
#43 C:\\xampp\\htdocs\\its-tni\\vendor\\laravel\\framework\\src\\Illuminate\\Pipeline\\Pipeline.php(180): Illuminate\\Foundation\\Http\\Middleware\\ConvertEmptyStringsToNull->handle(Object(Illuminate\\Http\\Request), Object(Closure))
#44 C:\\xampp\\htdocs\\its-tni\\vendor\\laravel\\framework\\src\\Illuminate\\Foundation\\Http\\Middleware\\TransformsRequest.php(21): Illuminate\\Pipeline\\Pipeline->Illuminate\\Pipeline\\{closure}(Object(Illuminate\\Http\\Request))
#45 C:\\xampp\\htdocs\\its-tni\\vendor\\laravel\\framework\\src\\Illuminate\\Foundation\\Http\\Middleware\\TrimStrings.php(40): Illuminate\\Foundation\\Http\\Middleware\\TransformsRequest->handle(Object(Illuminate\\Http\\Request), Object(Closure))
#46 C:\\xampp\\htdocs\\its-tni\\vendor\\laravel\\framework\\src\\Illuminate\\Pipeline\\Pipeline.php(180): Illuminate\\Foundation\\Http\\Middleware\\TrimStrings->handle(Object(Illuminate\\Http\\Request), Object(Closure))
#47 C:\\xampp\\htdocs\\its-tni\\vendor\\laravel\\framework\\src\\Illuminate\\Foundation\\Http\\Middleware\\ValidatePostSize.php(27): Illuminate\\Pipeline\\Pipeline->Illuminate\\Pipeline\\{closure}(Object(Illuminate\\Http\\Request))
#48 C:\\xampp\\htdocs\\its-tni\\vendor\\laravel\\framework\\src\\Illuminate\\Pipeline\\Pipeline.php(180): Illuminate\\Foundation\\Http\\Middleware\\ValidatePostSize->handle(Object(Illuminate\\Http\\Request), Object(Closure))
#49 C:\\xampp\\htdocs\\its-tni\\vendor\\laravel\\framework\\src\\Illuminate\\Foundation\\Http\\Middleware\\PreventRequestsDuringMaintenance.php(86): Illuminate\\Pipeline\\Pipeline->Illuminate\\Pipeline\\{closure}(Object(Illuminate\\Http\\Request))
#50 C:\\xampp\\htdocs\\its-tni\\vendor\\laravel\\framework\\src\\Illuminate\\Pipeline\\Pipeline.php(180): Illuminate\\Foundation\\Http\\Middleware\\PreventRequestsDuringMaintenance->handle(Object(Illuminate\\Http\\Request), Object(Closure))
#51 C:\\xampp\\htdocs\\its-tni\\vendor\\laravel\\framework\\src\\Illuminate\\Http\\Middleware\\HandleCors.php(49): Illuminate\\Pipeline\\Pipeline->Illuminate\\Pipeline\\{closure}(Object(Illuminate\\Http\\Request))
#52 C:\\xampp\\htdocs\\its-tni\\vendor\\laravel\\framework\\src\\Illuminate\\Pipeline\\Pipeline.php(180): Illuminate\\Http\\Middleware\\HandleCors->handle(Object(Illuminate\\Http\\Request), Object(Closure))
#53 C:\\xampp\\htdocs\\its-tni\\vendor\\laravel\\framework\\src\\Illuminate\\Http\\Middleware\\TrustProxies.php(39): Illuminate\\Pipeline\\Pipeline->Illuminate\\Pipeline\\{closure}(Object(Illuminate\\Http\\Request))
#54 C:\\xampp\\htdocs\\its-tni\\vendor\\laravel\\framework\\src\\Illuminate\\Pipeline\\Pipeline.php(180): Illuminate\\Http\\Middleware\\TrustProxies->handle(Object(Illuminate\\Http\\Request), Object(Closure))
#55 C:\\xampp\\htdocs\\its-tni\\vendor\\laravel\\framework\\src\\Illuminate\\Pipeline\\Pipeline.php(116): Illuminate\\Pipeline\\Pipeline->Illuminate\\Pipeline\\{closure}(Object(Illuminate\\Http\\Request))
#56 C:\\xampp\\htdocs\\its-tni\\vendor\\laravel\\framework\\src\\Illuminate\\Foundation\\Http\\Kernel.php(175): Illuminate\\Pipeline\\Pipeline->then(Object(Closure))
#57 C:\\xampp\\htdocs\\its-tni\\vendor\\laravel\\framework\\src\\Illuminate\\Foundation\\Http\\Kernel.php(144): Illuminate\\Foundation\\Http\\Kernel->sendRequestThroughRouter(Object(Illuminate\\Http\\Request))
#58 C:\\xampp\\htdocs\\its-tni\\public\\index.php(54): Illuminate\\Foundation\\Http\\Kernel->handle(Object(Illuminate\\Http\\Request))
#59 {main}

[previous exception] [object] (ErrorException(code: 0): Undefined array key \"emotion_averages\" at C:\\xampp\\htdocs\\its-tni\\storage\\framework\\views\\41fe75ee9661bacfdaec9c0a05dd1337.php:139)
[stacktrace]
#0 C:\\xampp\\htdocs\\its-tni\\vendor\\laravel\\framework\\src\\Illuminate\\Foundation\\Bootstrap\\HandleExceptions.php(250): Illuminate\\Foundation\\Bootstrap\\HandleExceptions->handleError(2, 'Undefined array...', 'C:\\\\xampp\\\\htdocs...', 139)
#1 C:\\xampp\\htdocs\\its-tni\\storage\\framework\\views\\41fe75ee9661bacfdaec9c0a05dd1337.php(139): Illuminate\\Foundation\\Bootstrap\\HandleExceptions->Illuminate\\Foundation\\Bootstrap\\{closure}(2, 'Undefined array...', 'C:\\\\xampp\\\\htdocs...', 139)
#2 C:\\xampp\\htdocs\\its-tni\\vendor\\laravel\\framework\\src\\Illuminate\\Filesystem\\Filesystem.php(123): require('C:\\\\xampp\\\\htdocs...')
#3 C:\\xampp\\htdocs\\its-tni\\vendor\\laravel\\framework\\src\\Illuminate\\Filesystem\\Filesystem.php(124): Illuminate\\Filesystem\\Filesystem::Illuminate\\Filesystem\\{closure}()
#4 C:\\xampp\\htdocs\\its-tni\\vendor\\laravel\\framework\\src\\Illuminate\\View\\Engines\\PhpEngine.php(58): Illuminate\\Filesystem\\Filesystem->getRequire('C:\\\\xampp\\\\htdocs...', Array)
#5 C:\\xampp\\htdocs\\its-tni\\vendor\\laravel\\framework\\src\\Illuminate\\View\\Engines\\CompilerEngine.php(70): Illuminate\\View\\Engines\\PhpEngine->evaluatePath('C:\\\\xampp\\\\htdocs...', Array)
#6 C:\\xampp\\htdocs\\its-tni\\vendor\\laravel\\framework\\src\\Illuminate\\View\\View.php(195): Illuminate\\View\\Engines\\CompilerEngine->get('C:\\\\xampp\\\\htdocs...', Array)
#7 C:\\xampp\\htdocs\\its-tni\\vendor\\laravel\\framework\\src\\Illuminate\\View\\View.php(178): Illuminate\\View\\View->getContents()
#8 C:\\xampp\\htdocs\\its-tni\\vendor\\laravel\\framework\\src\\Illuminate\\View\\View.php(147): Illuminate\\View\\View->renderContents()
#9 C:\\xampp\\htdocs\\its-tni\\vendor\\laravel\\framework\\src\\Illuminate\\Http\\Response.php(69): Illuminate\\View\\View->render()
#10 C:\\xampp\\htdocs\\its-tni\\vendor\\laravel\\framework\\src\\Illuminate\\Http\\Response.php(35): Illuminate\\Http\\Response->setContent(Object(Illuminate\\View\\View))
#11 C:\\xampp\\htdocs\\its-tni\\vendor\\laravel\\framework\\src\\Illuminate\\Routing\\Router.php(906): Illuminate\\Http\\Response->__construct(Object(Illuminate\\View\\View), 200, Array)
#12 C:\\xampp\\htdocs\\its-tni\\vendor\\laravel\\framework\\src\\Illuminate\\Routing\\Router.php(875): Illuminate\\Routing\\Router::toResponse(Object(Illuminate\\Http\\Request), Object(Illuminate\\View\\View))
#13 C:\\xampp\\htdocs\\its-tni\\vendor\\laravel\\framework\\src\\Illuminate\\Routing\\Router.php(797): Illuminate\\Routing\\Router->prepareResponse(Object(Illuminate\\Http\\Request), Object(Illuminate\\View\\View))
#14 C:\\xampp\\htdocs\\its-tni\\vendor\\laravel\\framework\\src\\Illuminate\\Pipeline\\Pipeline.php(141): Illuminate\\Routing\\Router->Illuminate\\Routing\\{closure}(Object(Illuminate\\Http\\Request))
#15 C:\\xampp\\htdocs\\its-tni\\app\\Http\\Middleware\\UserLimit.php(28): Illuminate\\Pipeline\\Pipeline->Illuminate\\Pipeline\\{closure}(Object(Illuminate\\Http\\Request))
#16 C:\\xampp\\htdocs\\its-tni\\vendor\\laravel\\framework\\src\\Illuminate\\Pipeline\\Pipeline.php(180): App\\Http\\Middleware\\UserLimit->handle(Object(Illuminate\\Http\\Request), Object(Closure))
#17 C:\\xampp\\htdocs\\its-tni\\app\\Http\\Middleware\\Admin.php(48): Illuminate\\Pipeline\\Pipeline->Illuminate\\Pipeline\\{closure}(Object(Illuminate\\Http\\Request))
#18 C:\\xampp\\htdocs\\its-tni\\vendor\\laravel\\framework\\src\\Illuminate\\Pipeline\\Pipeline.php(180): App\\Http\\Middleware\\Admin->handle(Object(Illuminate\\Http\\Request), Object(Closure))
#19 C:\\xampp\\htdocs\\its-tni\\vendor\\laravel\\framework\\src\\Illuminate\\Routing\\Middleware\\SubstituteBindings.php(50): Illuminate\\Pipeline\\Pipeline->Illuminate\\Pipeline\\{closure}(Object(Illuminate\\Http\\Request))
#20 C:\\xampp\\htdocs\\its-tni\\vendor\\laravel\\framework\\src\\Illuminate\\Pipeline\\Pipeline.php(180): Illuminate\\Routing\\Middleware\\SubstituteBindings->handle(Object(Illuminate\\Http\\Request), Object(Closure))
#21 C:\\xampp\\htdocs\\its-tni\\vendor\\laravel\\framework\\src\\Illuminate\\Auth\\Middleware\\Authenticate.php(45): Illuminate\\Pipeline\\Pipeline->Illuminate\\Pipeline\\{closure}(Object(Illuminate\\Http\\Request))
#22 C:\\xampp\\htdocs\\its-tni\\vendor\\laravel\\framework\\src\\Illuminate\\Pipeline\\Pipeline.php(180): Illuminate\\Auth\\Middleware\\Authenticate->handle(Object(Illuminate\\Http\\Request), Object(Closure))
#23 C:\\xampp\\htdocs\\its-tni\\vendor\\laravel\\framework\\src\\Illuminate\\Foundation\\Http\\Middleware\\VerifyCsrfToken.php(78): Illuminate\\Pipeline\\Pipeline->Illuminate\\Pipeline\\{closure}(Object(Illuminate\\Http\\Request))
#24 C:\\xampp\\htdocs\\its-tni\\vendor\\laravel\\framework\\src\\Illuminate\\Pipeline\\Pipeline.php(180): Illuminate\\Foundation\\Http\\Middleware\\VerifyCsrfToken->handle(Object(Illuminate\\Http\\Request), Object(Closure))
#25 C:\\xampp\\htdocs\\its-tni\\vendor\\laravel\\framework\\src\\Illuminate\\View\\Middleware\\ShareErrorsFromSession.php(49): Illuminate\\Pipeline\\Pipeline->Illuminate\\Pipeline\\{closure}(Object(Illuminate\\Http\\Request))
#26 C:\\xampp\\htdocs\\its-tni\\vendor\\laravel\\framework\\src\\Illuminate\\Pipeline\\Pipeline.php(180): Illuminate\\View\\Middleware\\ShareErrorsFromSession->handle(Object(Illuminate\\Http\\Request), Object(Closure))
#27 C:\\xampp\\htdocs\\its-tni\\vendor\\laravel\\framework\\src\\Illuminate\\Session\\Middleware\\StartSession.php(121): Illuminate\\Pipeline\\Pipeline->Illuminate\\Pipeline\\{closure}(Object(Illuminate\\Http\\Request))
#28 C:\\xampp\\htdocs\\its-tni\\vendor\\laravel\\framework\\src\\Illuminate\\Session\\Middleware\\StartSession.php(64): Illuminate\\Session\\Middleware\\StartSession->handleStatefulRequest(Object(Illuminate\\Http\\Request), Object(Illuminate\\Session\\Store), Object(Closure))
#29 C:\\xampp\\htdocs\\its-tni\\vendor\\laravel\\framework\\src\\Illuminate\\Pipeline\\Pipeline.php(180): Illuminate\\Session\\Middleware\\StartSession->handle(Object(Illuminate\\Http\\Request), Object(Closure))
#30 C:\\xampp\\htdocs\\its-tni\\vendor\\laravel\\framework\\src\\Illuminate\\Cookie\\Middleware\\AddQueuedCookiesToResponse.php(37): Illuminate\\Pipeline\\Pipeline->Illuminate\\Pipeline\\{closure}(Object(Illuminate\\Http\\Request))
#31 C:\\xampp\\htdocs\\its-tni\\vendor\\laravel\\framework\\src\\Illuminate\\Pipeline\\Pipeline.php(180): Illuminate\\Cookie\\Middleware\\AddQueuedCookiesToResponse->handle(Object(Illuminate\\Http\\Request), Object(Closure))
#32 C:\\xampp\\htdocs\\its-tni\\vendor\\laravel\\framework\\src\\Illuminate\\Cookie\\Middleware\\EncryptCookies.php(67): Illuminate\\Pipeline\\Pipeline->Illuminate\\Pipeline\\{closure}(Object(Illuminate\\Http\\Request))
#33 C:\\xampp\\htdocs\\its-tni\\vendor\\laravel\\framework\\src\\Illuminate\\Pipeline\\Pipeline.php(180): Illuminate\\Cookie\\Middleware\\EncryptCookies->handle(Object(Illuminate\\Http\\Request), Object(Closure))
#34 C:\\xampp\\htdocs\\its-tni\\vendor\\laravel\\framework\\src\\Illuminate\\Pipeline\\Pipeline.php(116): Illuminate\\Pipeline\\Pipeline->Illuminate\\Pipeline\\{closure}(Object(Illuminate\\Http\\Request))
#35 C:\\xampp\\htdocs\\its-tni\\vendor\\laravel\\framework\\src\\Illuminate\\Routing\\Router.php(797): Illuminate\\Pipeline\\Pipeline->then(Object(Closure))
#36 C:\\xampp\\htdocs\\its-tni\\vendor\\laravel\\framework\\src\\Illuminate\\Routing\\Router.php(776): Illuminate\\Routing\\Router->runRouteWithinStack(Object(Illuminate\\Routing\\Route), Object(Illuminate\\Http\\Request))
#37 C:\\xampp\\htdocs\\its-tni\\vendor\\laravel\\framework\\src\\Illuminate\\Routing\\Router.php(740): Illuminate\\Routing\\Router->runRoute(Object(Illuminate\\Http\\Request), Object(Illuminate\\Routing\\Route))
#38 C:\\xampp\\htdocs\\its-tni\\vendor\\laravel\\framework\\src\\Illuminate\\Routing\\Router.php(729): Illuminate\\Routing\\Router->dispatchToRoute(Object(Illuminate\\Http\\Request))
#39 C:\\xampp\\htdocs\\its-tni\\vendor\\laravel\\framework\\src\\Illuminate\\Foundation\\Http\\Kernel.php(200): Illuminate\\Routing\\Router->dispatch(Object(Illuminate\\Http\\Request))
#40 C:\\xampp\\htdocs\\its-tni\\vendor\\laravel\\framework\\src\\Illuminate\\Pipeline\\Pipeline.php(141): Illuminate\\Foundation\\Http\\Kernel->Illuminate\\Foundation\\Http\\{closure}(Object(Illuminate\\Http\\Request))
#41 C:\\xampp\\htdocs\\its-tni\\vendor\\laravel\\framework\\src\\Illuminate\\Foundation\\Http\\Middleware\\TransformsRequest.php(21): Illuminate\\Pipeline\\Pipeline->Illuminate\\Pipeline\\{closure}(Object(Illuminate\\Http\\Request))
#42 C:\\xampp\\htdocs\\its-tni\\vendor\\laravel\\framework\\src\\Illuminate\\Foundation\\Http\\Middleware\\ConvertEmptyStringsToNull.php(31): Illuminate\\Foundation\\Http\\Middleware\\TransformsRequest->handle(Object(Illuminate\\Http\\Request), Object(Closure))
#43 C:\\xampp\\htdocs\\its-tni\\vendor\\laravel\\framework\\src\\Illuminate\\Pipeline\\Pipeline.php(180): Illuminate\\Foundation\\Http\\Middleware\\ConvertEmptyStringsToNull->handle(Object(Illuminate\\Http\\Request), Object(Closure))
#44 C:\\xampp\\htdocs\\its-tni\\vendor\\laravel\\framework\\src\\Illuminate\\Foundation\\Http\\Middleware\\TransformsRequest.php(21): Illuminate\\Pipeline\\Pipeline->Illuminate\\Pipeline\\{closure}(Object(Illuminate\\Http\\Request))
#45 C:\\xampp\\htdocs\\its-tni\\vendor\\laravel\\framework\\src\\Illuminate\\Foundation\\Http\\Middleware\\TrimStrings.php(40): Illuminate\\Foundation\\Http\\Middleware\\TransformsRequest->handle(Object(Illuminate\\Http\\Request), Object(Closure))
#46 C:\\xampp\\htdocs\\its-tni\\vendor\\laravel\\framework\\src\\Illuminate\\Pipeline\\Pipeline.php(180): Illuminate\\Foundation\\Http\\Middleware\\TrimStrings->handle(Object(Illuminate\\Http\\Request), Object(Closure))
#47 C:\\xampp\\htdocs\\its-tni\\vendor\\laravel\\framework\\src\\Illuminate\\Foundation\\Http\\Middleware\\ValidatePostSize.php(27): Illuminate\\Pipeline\\Pipeline->Illuminate\\Pipeline\\{closure}(Object(Illuminate\\Http\\Request))
#48 C:\\xampp\\htdocs\\its-tni\\vendor\\laravel\\framework\\src\\Illuminate\\Pipeline\\Pipeline.php(180): Illuminate\\Foundation\\Http\\Middleware\\ValidatePostSize->handle(Object(Illuminate\\Http\\Request), Object(Closure))
#49 C:\\xampp\\htdocs\\its-tni\\vendor\\laravel\\framework\\src\\Illuminate\\Foundation\\Http\\Middleware\\PreventRequestsDuringMaintenance.php(86): Illuminate\\Pipeline\\Pipeline->Illuminate\\Pipeline\\{closure}(Object(Illuminate\\Http\\Request))
#50 C:\\xampp\\htdocs\\its-tni\\vendor\\laravel\\framework\\src\\Illuminate\\Pipeline\\Pipeline.php(180): Illuminate\\Foundation\\Http\\Middleware\\PreventRequestsDuringMaintenance->handle(Object(Illuminate\\Http\\Request), Object(Closure))
#51 C:\\xampp\\htdocs\\its-tni\\vendor\\laravel\\framework\\src\\Illuminate\\Http\\Middleware\\HandleCors.php(49): Illuminate\\Pipeline\\Pipeline->Illuminate\\Pipeline\\{closure}(Object(Illuminate\\Http\\Request))
#52 C:\\xampp\\htdocs\\its-tni\\vendor\\laravel\\framework\\src\\Illuminate\\Pipeline\\Pipeline.php(180): Illuminate\\Http\\Middleware\\HandleCors->handle(Object(Illuminate\\Http\\Request), Object(Closure))
#53 C:\\xampp\\htdocs\\its-tni\\vendor\\laravel\\framework\\src\\Illuminate\\Http\\Middleware\\TrustProxies.php(39): Illuminate\\Pipeline\\Pipeline->Illuminate\\Pipeline\\{closure}(Object(Illuminate\\Http\\Request))
#54 C:\\xampp\\htdocs\\its-tni\\vendor\\laravel\\framework\\src\\Illuminate\\Pipeline\\Pipeline.php(180): Illuminate\\Http\\Middleware\\TrustProxies->handle(Object(Illuminate\\Http\\Request), Object(Closure))
#55 C:\\xampp\\htdocs\\its-tni\\vendor\\laravel\\framework\\src\\Illuminate\\Pipeline\\Pipeline.php(116): Illuminate\\Pipeline\\Pipeline->Illuminate\\Pipeline\\{closure}(Object(Illuminate\\Http\\Request))
#56 C:\\xampp\\htdocs\\its-tni\\vendor\\laravel\\framework\\src\\Illuminate\\Foundation\\Http\\Kernel.php(175): Illuminate\\Pipeline\\Pipeline->then(Object(Closure))
#57 C:\\xampp\\htdocs\\its-tni\\vendor\\laravel\\framework\\src\\Illuminate\\Foundation\\Http\\Kernel.php(144): Illuminate\\Foundation\\Http\\Kernel->sendRequestThroughRouter(Object(Illuminate\\Http\\Request))
#58 C:\\xampp\\htdocs\\its-tni\\public\\index.php(54): Illuminate\\Foundation\\Http\\Kernel->handle(Object(Illuminate\\Http\\Request))
#59 {main}
"} 
[2024-09-07 03:18:15] local.ERROR: Undefined array key "emotion_averages" {"view":{"view":"C:\\xampp\\htdocs\\its-tni\\resources\\views\\admin\\session\\stats.blade.php","data":{"errors":"<pre class=sf-dump id=sf-dump-437260834 data-indent-pad=\"  \"><span class=sf-dump-note>Illuminate\\Support\\ViewErrorBag</span> {<a class=sf-dump-ref>#2109</a><samp data-depth=1 class=sf-dump-expanded>
  #<span class=sf-dump-protected title=\"Protected property\">bags</span>: []
</samp>}
</pre><script>Sfdump(\"sf-dump-437260834\", {\"maxDepth\":3,\"maxStringLength\":160})</script>
","row":"<pre class=sf-dump id=sf-dump-1901210520 data-indent-pad=\"  \"><span class=sf-dump-note>ArrayObject</span> {<a class=sf-dump-ref>#2311</a><samp data-depth=1 class=sf-dump-expanded>
  -<span class=sf-dump-private title=\"Private property defined in class:&#10;`ArrayObject`\">storage</span>: <span class=sf-dump-note>array:17</span> [<samp data-depth=2 class=sf-dump-compact>
    \"<span class=sf-dump-key>id</span>\" => <span class=sf-dump-num>1</span>
    \"<span class=sf-dump-key>created_at</span>\" => \"<span class=sf-dump-str title=\"19 characters\">2024-03-29 17:50:06</span>\"
    \"<span class=sf-dump-key>updated_at</span>\" => \"<span class=sf-dump-str title=\"19 characters\">2024-03-29 17:50:06</span>\"
    \"<span class=sf-dump-key>student_id</span>\" => <span class=sf-dump-num>1</span>
    \"<span class=sf-dump-key>course_id</span>\" => <span class=sf-dump-num>12</span>
    \"<span class=sf-dump-key>reg_code</span>\" => <span class=sf-dump-const>null</span>
    \"<span class=sf-dump-key>completed</span>\" => <span class=sf-dump-num>1</span>
    \"<span class=sf-dump-key>user_id</span>\" => <span class=sf-dump-num>2</span>
    \"<span class=sf-dump-key>nim</span>\" => <span class=sf-dump-const>null</span>
    \"<span class=sf-dump-key>department</span>\" => <span class=sf-dump-const>null</span>
    \"<span class=sf-dump-key>mobile_number</span>\" => \"<span class=sf-dump-str title=\"11 characters\">89602910492</span>\"
    \"<span class=sf-dump-key>api_token</span>\" => <span class=sf-dump-const>null</span>
    \"<span class=sf-dump-key>token_expires</span>\" => <span class=sf-dump-const>null</span>
    \"<span class=sf-dump-key>name</span>\" => \"<span class=sf-dump-str title=\"5 characters\">sandi</span>\"
    \"<span class=sf-dump-key>last_name</span>\" => \"<span class=sf-dump-str title=\"6 characters\">komara</span>\"
    \"<span class=sf-dump-key>email</span>\" => \"<span class=sf-dump-str title=\"23 characters\">sandikomara01@gmail.com</span>\"
    \"<span class=sf-dump-key>course_name</span>\" => \"<span class=sf-dump-str title=\"24 characters\">Internet Of Things (IOT)</span>\"
  </samp>]
  <span class=sf-dump-meta>flag::STD_PROP_LIST</span>: <span class=sf-dump-const>false</span>
  <span class=sf-dump-meta>flag::ARRAY_AS_PROPS</span>: <span class=sf-dump-const>true</span>
  <span class=sf-dump-meta>iteratorClass</span>: \"<span class=sf-dump-str title=\"13 characters\">ArrayIterator</span>\"
</samp>}
</pre><script>Sfdump(\"sf-dump-1901210520\", {\"maxDepth\":3,\"maxStringLength\":160})</script>
","totalLessons":"<pre class=sf-dump id=sf-dump-349211534 data-indent-pad=\"  \"><span class=sf-dump-num>6</span>
</pre><script>Sfdump(\"sf-dump-349211534\", {\"maxDepth\":3,\"maxStringLength\":160})</script>
","attended":"<pre class=sf-dump id=sf-dump-25194623 data-indent-pad=\"  \"><span class=sf-dump-note>Laminas\\Db\\ResultSet\\ResultSet</span> {<a class=sf-dump-ref>#2252</a><samp data-depth=1 class=sf-dump-expanded>
  #<span class=sf-dump-protected title=\"Protected property\">buffer</span>: <span class=sf-dump-num>-2</span>
  #<span class=sf-dump-protected title=\"Protected property\">count</span>: <span class=sf-dump-num>3</span>
  #<span class=sf-dump-protected title=\"Protected property\">dataSource</span>: <span class=sf-dump-note title=\"Laminas\\Db\\Adapter\\Driver\\Pdo\\Result
\"><span class=\"sf-dump-ellipsis sf-dump-ellipsis-note\">Laminas\\Db\\Adapter\\Driver\\Pdo</span><span class=\"sf-dump-ellipsis sf-dump-ellipsis-note\">\\</span>Result</span> {<a class=sf-dump-ref>#2251</a><samp data-depth=2 class=sf-dump-compact>
    #<span class=sf-dump-protected title=\"Protected property\">statementMode</span>: \"<span class=sf-dump-str title=\"7 characters\">forward</span>\"
    #<span class=sf-dump-protected title=\"Protected property\">fetchMode</span>: <span class=sf-dump-num>2</span>
    #<span class=sf-dump-protected title=\"Protected property\">resource</span>: <span class=sf-dump-note>PDOStatement</span> {<a class=sf-dump-ref>#2253</a><samp data-depth=3 class=sf-dump-compact>
      +<span class=sf-dump-public title=\"Public property\">queryString</span>: \"<span class=sf-dump-str title=\"189 characters\">SELECT `attendances`.*, `lessons`.`name` AS `name` FROM `attendances` INNER JOIN `lessons` ON `attendances`.`lesson_id`=`lessons`.`id` WHERE `student_id` = :where1 AND `course_id` = :where2</span>\"
    </samp>}
    #<span class=sf-dump-protected title=\"Protected property\">options</span>: <span class=sf-dump-const>null</span>
    #<span class=sf-dump-protected title=\"Protected property\">currentComplete</span>: <span class=sf-dump-const>true</span>
    #<span class=sf-dump-protected title=\"Protected property\">currentData</span>: <span class=sf-dump-const>false</span>
    #<span class=sf-dump-protected title=\"Protected property\">position</span>: <span class=sf-dump-num>3</span>
    #<span class=sf-dump-protected title=\"Protected property\">generatedValue</span>: \"<span class=sf-dump-str>0</span>\"
    #<span class=sf-dump-protected title=\"Protected property\">rowCount</span>: <span class=sf-dump-num>3</span>
  </samp>}
  #<span class=sf-dump-protected title=\"Protected property\">fieldCount</span>: <span class=sf-dump-num>8</span>
  #<span class=sf-dump-protected title=\"Protected property\">position</span>: <span class=sf-dump-num>3</span>
  #<span class=sf-dump-protected title=\"Protected property\">allowedReturnTypes</span>: <span class=sf-dump-note>array:2</span> [<samp data-depth=2 class=sf-dump-compact>
    <span class=sf-dump-index>0</span> => \"<span class=sf-dump-str title=\"11 characters\">arrayobject</span>\"
    <span class=sf-dump-index>1</span> => \"<span class=sf-dump-str title=\"5 characters\">array</span>\"
  </samp>]
  #<span class=sf-dump-protected title=\"Protected property\">arrayObjectPrototype</span>: <span class=sf-dump-note>ArrayObject</span> {<a class=sf-dump-ref>#2246</a><samp data-depth=2 class=sf-dump-compact>
    -<span class=sf-dump-private title=\"Private property defined in class:&#10;`ArrayObject`\">storage</span>: []
    <span class=sf-dump-meta>flag::STD_PROP_LIST</span>: <span class=sf-dump-const>false</span>
    <span class=sf-dump-meta>flag::ARRAY_AS_PROPS</span>: <span class=sf-dump-const>true</span>
    <span class=sf-dump-meta>iteratorClass</span>: \"<span class=sf-dump-str title=\"13 characters\">ArrayIterator</span>\"
  </samp>}
  #<span class=sf-dump-protected title=\"Protected property\">returnType</span>: \"<span class=sf-dump-str title=\"11 characters\">arrayobject</span>\"
</samp>}
</pre><script>Sfdump(\"sf-dump-25194623\", {\"maxDepth\":3,\"maxStringLength\":160})</script>
","percentage":"<pre class=sf-dump id=sf-dump-1653760985 data-indent-pad=\"  \"><span class=sf-dump-num>50.0</span>
</pre><script>Sfdump(\"sf-dump-1653760985\", {\"maxDepth\":3,\"maxStringLength\":160})</script>
","testResults":"<pre class=sf-dump id=sf-dump-288380689 data-indent-pad=\"  \">[]
</pre><script>Sfdump(\"sf-dump-288380689\", {\"maxDepth\":3,\"maxStringLength\":160})</script>
","pageTitle":"<pre class=sf-dump id=sf-dump-1032332623 data-indent-pad=\"  \">\"<span class=sf-dump-str title=\"28 characters\">Kemajuan Siswa: sandi komara</span>\"
</pre><script>Sfdump(\"sf-dump-1032332623\", {\"maxDepth\":3,\"maxStringLength\":160})</script>
","customCrumbs":"<pre class=sf-dump id=sf-dump-1510504490 data-indent-pad=\"  \"><span class=sf-dump-note>array:4</span> [<samp data-depth=1 class=sf-dump-expanded>
  \"<span class=sf-dump-key>http://localhost/its-tni/public/admin</span>\" => \"<span class=sf-dump-str title=\"6 characters\">Dasbor</span>\"
  \"<span class=sf-dump-key>http://localhost/its-tni/public/admin/student/sessions</span>\" => \"<span class=sf-dump-str title=\"13 characters\">Sesi &amp; Kursus</span>\"
  \"<span class=sf-dump-key>http://localhost/its-tni/public/admin/student/sessionstudents/12</span>\" => \"<span class=sf-dump-str title=\"15 characters\">Siswa Terdaftar</span>\"
  \"<span class=sf-dump-key>#</span>\" => \"<span class=sf-dump-str title=\"14 characters\">Kemajuan Siswa</span>\"
</samp>]
</pre><script>Sfdump(\"sf-dump-1510504490\", {\"maxDepth\":3,\"maxStringLength\":160})</script>
","emosi":"<pre class=sf-dump id=sf-dump-1874567074 data-indent-pad=\"  \"><span class=sf-dump-note>Illuminate\\Support\\Collection</span> {<a class=sf-dump-ref>#2356</a><samp data-depth=1 class=sf-dump-expanded>
  #<span class=sf-dump-protected title=\"Protected property\">items</span>: <span class=sf-dump-note>array:3</span> [<samp data-depth=2 class=sf-dump-compact>
    <span class=sf-dump-index>0</span> => <span class=sf-dump-note>array:13</span> [<samp data-depth=3 class=sf-dump-compact>
      \"<span class=sf-dump-key>student_id</span>\" => <span class=sf-dump-num>1</span>
      \"<span class=sf-dump-key>lecture_id</span>\" => <span class=sf-dump-num>29</span>
      \"<span class=sf-dump-key>course_name</span>\" => \"<span class=sf-dump-str title=\"24 characters\">Internet Of Things (IOT)</span>\"
      \"<span class=sf-dump-key>lama</span>\" => \"<span class=sf-dump-str title=\"7 characters\">0 Menit</span>\"
      \"<span class=sf-dump-key>name</span>\" => \"<span class=sf-dump-str title=\"5 characters\">sandi</span>\"
      \"<span class=sf-dump-key>lecture_title</span>\" => \"<span class=sf-dump-str title=\"25 characters\">Pengenalan IOT Kinestetik</span>\"
      \"<span class=sf-dump-key>emotion</span>\" => \"<span class=sf-dump-str title=\"139 characters\">neutral: 89.72%; happy: 0.00%; sad: 0.00%; angry: 0.00%; fearful: 0.00%; disgusted: 0.00%; surprised: 10.28%; yawning: 0.00%; sleepy: 0.00%</span>\"
      \"<span class=sf-dump-key>emotion_encode</span>\" => <span class=sf-dump-note>array:9</span> [ &#8230;9]
      \"<span class=sf-dump-key>average</span>\" => \"<span class=sf-dump-str title=\"6 characters\">11.11%</span>\"
      \"<span class=sf-dump-key>highestEmotion</span>\" => \"<span class=sf-dump-str title=\"16 characters\">Neutral (89.72%)</span>\"
      \"<span class=sf-dump-key>yawnPercentage</span>\" => \"<span class=sf-dump-str title=\"5 characters\">0.00%</span>\"
      \"<span class=sf-dump-key>sleepyPercentage</span>\" => \"<span class=sf-dump-str title=\"5 characters\">0.00%</span>\"
      \"<span class=sf-dump-key>combinedSleepyYawnPercentage</span>\" => \"<span class=sf-dump-str title=\"5 characters\">0.00%</span>\"
    </samp>]
    <span class=sf-dump-index>1</span> => <span class=sf-dump-note>array:13</span> [<samp data-depth=3 class=sf-dump-compact>
      \"<span class=sf-dump-key>student_id</span>\" => <span class=sf-dump-num>1</span>
      \"<span class=sf-dump-key>lecture_id</span>\" => <span class=sf-dump-num>31</span>
      \"<span class=sf-dump-key>course_name</span>\" => \"<span class=sf-dump-str title=\"24 characters\">Internet Of Things (IOT)</span>\"
      \"<span class=sf-dump-key>lama</span>\" => \"<span class=sf-dump-str title=\"7 characters\">0 Menit</span>\"
      \"<span class=sf-dump-key>name</span>\" => \"<span class=sf-dump-str title=\"5 characters\">sandi</span>\"
      \"<span class=sf-dump-key>lecture_title</span>\" => \"<span class=sf-dump-str title=\"26 characters\">Monitoring Suhu Kinestetik</span>\"
      \"<span class=sf-dump-key>emotion</span>\" => \"<span class=sf-dump-str title=\"138 characters\">neutral: 99.89%; happy: 0.00%; sad: 0.00%; angry: 0.00%; fearful: 0.00%; disgusted: 0.00%; surprised: 0.11%; yawning: 0.00%; sleepy: 0.00%</span>\"
      \"<span class=sf-dump-key>emotion_encode</span>\" => <span class=sf-dump-note>array:9</span> [ &#8230;9]
      \"<span class=sf-dump-key>average</span>\" => \"<span class=sf-dump-str title=\"6 characters\">11.11%</span>\"
      \"<span class=sf-dump-key>highestEmotion</span>\" => \"<span class=sf-dump-str title=\"16 characters\">Neutral (99.89%)</span>\"
      \"<span class=sf-dump-key>yawnPercentage</span>\" => \"<span class=sf-dump-str title=\"5 characters\">0.00%</span>\"
      \"<span class=sf-dump-key>sleepyPercentage</span>\" => \"<span class=sf-dump-str title=\"5 characters\">0.00%</span>\"
      \"<span class=sf-dump-key>combinedSleepyYawnPercentage</span>\" => \"<span class=sf-dump-str title=\"5 characters\">0.00%</span>\"
    </samp>]
    <span class=sf-dump-index>2</span> => <span class=sf-dump-note>array:13</span> [<samp data-depth=3 class=sf-dump-compact>
      \"<span class=sf-dump-key>student_id</span>\" => <span class=sf-dump-num>1</span>
      \"<span class=sf-dump-key>lecture_id</span>\" => <span class=sf-dump-num>40</span>
      \"<span class=sf-dump-key>course_name</span>\" => \"<span class=sf-dump-str title=\"24 characters\">Internet Of Things (IOT)</span>\"
      \"<span class=sf-dump-key>lama</span>\" => \"<span class=sf-dump-str title=\"7 characters\">0 Menit</span>\"
      \"<span class=sf-dump-key>name</span>\" => \"<span class=sf-dump-str title=\"5 characters\">sandi</span>\"
      \"<span class=sf-dump-key>lecture_title</span>\" => \"<span class=sf-dump-str title=\"17 characters\">Kontrol LED Blynk</span>\"
      \"<span class=sf-dump-key>emotion</span>\" => \"<span class=sf-dump-str title=\"138 characters\">neutral: 89.85%; happy: 0.00%; sad: 9.86%; angry: 0.00%; fearful: 0.00%; disgusted: 0.00%; surprised: 0.29%; yawning: 0.00%; sleepy: 0.00%</span>\"
      \"<span class=sf-dump-key>emotion_encode</span>\" => <span class=sf-dump-note>array:9</span> [ &#8230;9]
      \"<span class=sf-dump-key>average</span>\" => \"<span class=sf-dump-str title=\"6 characters\">11.11%</span>\"
      \"<span class=sf-dump-key>highestEmotion</span>\" => \"<span class=sf-dump-str title=\"16 characters\">Neutral (89.85%)</span>\"
      \"<span class=sf-dump-key>yawnPercentage</span>\" => \"<span class=sf-dump-str title=\"5 characters\">0.00%</span>\"
      \"<span class=sf-dump-key>sleepyPercentage</span>\" => \"<span class=sf-dump-str title=\"5 characters\">0.00%</span>\"
      \"<span class=sf-dump-key>combinedSleepyYawnPercentage</span>\" => \"<span class=sf-dump-str title=\"5 characters\">0.00%</span>\"
    </samp>]
  </samp>]
  #<span class=sf-dump-protected title=\"Protected property\">escapeWhenCastingToString</span>: <span class=sf-dump-const>false</span>
</samp>}
</pre><script>Sfdump(\"sf-dump-1874567074\", {\"maxDepth\":3,\"maxStringLength\":160})</script>
","akhir_emosi":"<pre class=sf-dump id=sf-dump-797245509 data-indent-pad=\"  \"><span class=sf-dump-note>array:4</span> [<samp data-depth=1 class=sf-dump-expanded>
  \"<span class=sf-dump-key>emotion_averages</span>\" => <span class=sf-dump-note>array:9</span> [<samp data-depth=2 class=sf-dump-compact>
    \"<span class=sf-dump-key>neutral</span>\" => <span class=sf-dump-num>93.153333333333</span>
    \"<span class=sf-dump-key>happy</span>\" => <span class=sf-dump-num>0.0</span>
    \"<span class=sf-dump-key>sad</span>\" => <span class=sf-dump-num>3.2866666666667</span>
    \"<span class=sf-dump-key>angry</span>\" => <span class=sf-dump-num>0.0</span>
    \"<span class=sf-dump-key>fearful</span>\" => <span class=sf-dump-num>0.0</span>
    \"<span class=sf-dump-key>disgusted</span>\" => <span class=sf-dump-num>0.0</span>
    \"<span class=sf-dump-key>surprised</span>\" => <span class=sf-dump-num>3.56</span>
    \"<span class=sf-dump-key>yawning</span>\" => <span class=sf-dump-num>0.0</span>
    \"<span class=sf-dump-key>sleepy</span>\" => <span class=sf-dump-num>0.0</span>
  </samp>]
  \"<span class=sf-dump-key>highest_emotion</span>\" => \"<span class=sf-dump-str title=\"7 characters\">neutral</span>\"
  \"<span class=sf-dump-key>highest_percentage</span>\" => <span class=sf-dump-num>93.153333333333</span>
  \"<span class=sf-dump-key>sleepy_percentage</span>\" => <span class=sf-dump-num>0.0</span>
</samp>]
</pre><script>Sfdump(\"sf-dump-797245509\", {\"maxDepth\":3,\"maxStringLength\":160})</script>
","userLayout":"<pre class=sf-dump id=sf-dump-256559651 data-indent-pad=\"  \">\"<span class=sf-dump-str title=\"13 characters\">layouts.admin</span>\"
</pre><script>Sfdump(\"sf-dump-256559651\", {\"maxDepth\":3,\"maxStringLength\":160})</script>
"}},"userId":1,"exception":"[object] (Spatie\\LaravelIgnition\\Exceptions\\ViewException(code: 0): Undefined array key \"emotion_averages\" at C:\\xampp\\htdocs\\its-tni\\resources\\views\\admin\\session\\stats.blade.php:139)
[stacktrace]
#0 C:\\xampp\\htdocs\\its-tni\\vendor\\laravel\\framework\\src\\Illuminate\\Foundation\\Bootstrap\\HandleExceptions.php(250): Illuminate\\Foundation\\Bootstrap\\HandleExceptions->handleError(2, 'Undefined array...', 'C:\\\\xampp\\\\htdocs...', 139)
#1 C:\\xampp\\htdocs\\its-tni\\resources\\views\\admin\\session\\stats.blade.php(139): Illuminate\\Foundation\\Bootstrap\\HandleExceptions->Illuminate\\Foundation\\Bootstrap\\{closure}(2, 'Undefined array...', 'C:\\\\xampp\\\\htdocs...', 139)
#2 C:\\xampp\\htdocs\\its-tni\\vendor\\laravel\\framework\\src\\Illuminate\\Filesystem\\Filesystem.php(123): require('C:\\\\xampp\\\\htdocs...')
#3 C:\\xampp\\htdocs\\its-tni\\vendor\\laravel\\framework\\src\\Illuminate\\Filesystem\\Filesystem.php(124): Illuminate\\Filesystem\\Filesystem::Illuminate\\Filesystem\\{closure}()
#4 C:\\xampp\\htdocs\\its-tni\\vendor\\laravel\\framework\\src\\Illuminate\\View\\Engines\\PhpEngine.php(58): Illuminate\\Filesystem\\Filesystem->getRequire('C:\\\\xampp\\\\htdocs...', Array)
#5 C:\\xampp\\htdocs\\its-tni\\vendor\\laravel\\framework\\src\\Illuminate\\View\\Engines\\CompilerEngine.php(70): Illuminate\\View\\Engines\\PhpEngine->evaluatePath('C:\\\\xampp\\\\htdocs...', Array)
#6 C:\\xampp\\htdocs\\its-tni\\vendor\\laravel\\framework\\src\\Illuminate\\View\\View.php(195): Illuminate\\View\\Engines\\CompilerEngine->get('C:\\\\xampp\\\\htdocs...', Array)
#7 C:\\xampp\\htdocs\\its-tni\\vendor\\laravel\\framework\\src\\Illuminate\\View\\View.php(178): Illuminate\\View\\View->getContents()
#8 C:\\xampp\\htdocs\\its-tni\\vendor\\laravel\\framework\\src\\Illuminate\\View\\View.php(147): Illuminate\\View\\View->renderContents()
#9 C:\\xampp\\htdocs\\its-tni\\vendor\\laravel\\framework\\src\\Illuminate\\Http\\Response.php(69): Illuminate\\View\\View->render()
#10 C:\\xampp\\htdocs\\its-tni\\vendor\\laravel\\framework\\src\\Illuminate\\Http\\Response.php(35): Illuminate\\Http\\Response->setContent(Object(Illuminate\\View\\View))
#11 C:\\xampp\\htdocs\\its-tni\\vendor\\laravel\\framework\\src\\Illuminate\\Routing\\Router.php(906): Illuminate\\Http\\Response->__construct(Object(Illuminate\\View\\View), 200, Array)
#12 C:\\xampp\\htdocs\\its-tni\\vendor\\laravel\\framework\\src\\Illuminate\\Routing\\Router.php(875): Illuminate\\Routing\\Router::toResponse(Object(Illuminate\\Http\\Request), Object(Illuminate\\View\\View))
#13 C:\\xampp\\htdocs\\its-tni\\vendor\\laravel\\framework\\src\\Illuminate\\Routing\\Router.php(797): Illuminate\\Routing\\Router->prepareResponse(Object(Illuminate\\Http\\Request), Object(Illuminate\\View\\View))
#14 C:\\xampp\\htdocs\\its-tni\\vendor\\laravel\\framework\\src\\Illuminate\\Pipeline\\Pipeline.php(141): Illuminate\\Routing\\Router->Illuminate\\Routing\\{closure}(Object(Illuminate\\Http\\Request))
#15 C:\\xampp\\htdocs\\its-tni\\app\\Http\\Middleware\\UserLimit.php(28): Illuminate\\Pipeline\\Pipeline->Illuminate\\Pipeline\\{closure}(Object(Illuminate\\Http\\Request))
#16 C:\\xampp\\htdocs\\its-tni\\vendor\\laravel\\framework\\src\\Illuminate\\Pipeline\\Pipeline.php(180): App\\Http\\Middleware\\UserLimit->handle(Object(Illuminate\\Http\\Request), Object(Closure))
#17 C:\\xampp\\htdocs\\its-tni\\app\\Http\\Middleware\\Admin.php(48): Illuminate\\Pipeline\\Pipeline->Illuminate\\Pipeline\\{closure}(Object(Illuminate\\Http\\Request))
#18 C:\\xampp\\htdocs\\its-tni\\vendor\\laravel\\framework\\src\\Illuminate\\Pipeline\\Pipeline.php(180): App\\Http\\Middleware\\Admin->handle(Object(Illuminate\\Http\\Request), Object(Closure))
#19 C:\\xampp\\htdocs\\its-tni\\vendor\\laravel\\framework\\src\\Illuminate\\Routing\\Middleware\\SubstituteBindings.php(50): Illuminate\\Pipeline\\Pipeline->Illuminate\\Pipeline\\{closure}(Object(Illuminate\\Http\\Request))
#20 C:\\xampp\\htdocs\\its-tni\\vendor\\laravel\\framework\\src\\Illuminate\\Pipeline\\Pipeline.php(180): Illuminate\\Routing\\Middleware\\SubstituteBindings->handle(Object(Illuminate\\Http\\Request), Object(Closure))
#21 C:\\xampp\\htdocs\\its-tni\\vendor\\laravel\\framework\\src\\Illuminate\\Auth\\Middleware\\Authenticate.php(45): Illuminate\\Pipeline\\Pipeline->Illuminate\\Pipeline\\{closure}(Object(Illuminate\\Http\\Request))
#22 C:\\xampp\\htdocs\\its-tni\\vendor\\laravel\\framework\\src\\Illuminate\\Pipeline\\Pipeline.php(180): Illuminate\\Auth\\Middleware\\Authenticate->handle(Object(Illuminate\\Http\\Request), Object(Closure))
#23 C:\\xampp\\htdocs\\its-tni\\vendor\\laravel\\framework\\src\\Illuminate\\Foundation\\Http\\Middleware\\VerifyCsrfToken.php(78): Illuminate\\Pipeline\\Pipeline->Illuminate\\Pipeline\\{closure}(Object(Illuminate\\Http\\Request))
#24 C:\\xampp\\htdocs\\its-tni\\vendor\\laravel\\framework\\src\\Illuminate\\Pipeline\\Pipeline.php(180): Illuminate\\Foundation\\Http\\Middleware\\VerifyCsrfToken->handle(Object(Illuminate\\Http\\Request), Object(Closure))
#25 C:\\xampp\\htdocs\\its-tni\\vendor\\laravel\\framework\\src\\Illuminate\\View\\Middleware\\ShareErrorsFromSession.php(49): Illuminate\\Pipeline\\Pipeline->Illuminate\\Pipeline\\{closure}(Object(Illuminate\\Http\\Request))
#26 C:\\xampp\\htdocs\\its-tni\\vendor\\laravel\\framework\\src\\Illuminate\\Pipeline\\Pipeline.php(180): Illuminate\\View\\Middleware\\ShareErrorsFromSession->handle(Object(Illuminate\\Http\\Request), Object(Closure))
#27 C:\\xampp\\htdocs\\its-tni\\vendor\\laravel\\framework\\src\\Illuminate\\Session\\Middleware\\StartSession.php(121): Illuminate\\Pipeline\\Pipeline->Illuminate\\Pipeline\\{closure}(Object(Illuminate\\Http\\Request))
#28 C:\\xampp\\htdocs\\its-tni\\vendor\\laravel\\framework\\src\\Illuminate\\Session\\Middleware\\StartSession.php(64): Illuminate\\Session\\Middleware\\StartSession->handleStatefulRequest(Object(Illuminate\\Http\\Request), Object(Illuminate\\Session\\Store), Object(Closure))
#29 C:\\xampp\\htdocs\\its-tni\\vendor\\laravel\\framework\\src\\Illuminate\\Pipeline\\Pipeline.php(180): Illuminate\\Session\\Middleware\\StartSession->handle(Object(Illuminate\\Http\\Request), Object(Closure))
#30 C:\\xampp\\htdocs\\its-tni\\vendor\\laravel\\framework\\src\\Illuminate\\Cookie\\Middleware\\AddQueuedCookiesToResponse.php(37): Illuminate\\Pipeline\\Pipeline->Illuminate\\Pipeline\\{closure}(Object(Illuminate\\Http\\Request))
#31 C:\\xampp\\htdocs\\its-tni\\vendor\\laravel\\framework\\src\\Illuminate\\Pipeline\\Pipeline.php(180): Illuminate\\Cookie\\Middleware\\AddQueuedCookiesToResponse->handle(Object(Illuminate\\Http\\Request), Object(Closure))
#32 C:\\xampp\\htdocs\\its-tni\\vendor\\laravel\\framework\\src\\Illuminate\\Cookie\\Middleware\\EncryptCookies.php(67): Illuminate\\Pipeline\\Pipeline->Illuminate\\Pipeline\\{closure}(Object(Illuminate\\Http\\Request))
#33 C:\\xampp\\htdocs\\its-tni\\vendor\\laravel\\framework\\src\\Illuminate\\Pipeline\\Pipeline.php(180): Illuminate\\Cookie\\Middleware\\EncryptCookies->handle(Object(Illuminate\\Http\\Request), Object(Closure))
#34 C:\\xampp\\htdocs\\its-tni\\vendor\\laravel\\framework\\src\\Illuminate\\Pipeline\\Pipeline.php(116): Illuminate\\Pipeline\\Pipeline->Illuminate\\Pipeline\\{closure}(Object(Illuminate\\Http\\Request))
#35 C:\\xampp\\htdocs\\its-tni\\vendor\\laravel\\framework\\src\\Illuminate\\Routing\\Router.php(797): Illuminate\\Pipeline\\Pipeline->then(Object(Closure))
#36 C:\\xampp\\htdocs\\its-tni\\vendor\\laravel\\framework\\src\\Illuminate\\Routing\\Router.php(776): Illuminate\\Routing\\Router->runRouteWithinStack(Object(Illuminate\\Routing\\Route), Object(Illuminate\\Http\\Request))
#37 C:\\xampp\\htdocs\\its-tni\\vendor\\laravel\\framework\\src\\Illuminate\\Routing\\Router.php(740): Illuminate\\Routing\\Router->runRoute(Object(Illuminate\\Http\\Request), Object(Illuminate\\Routing\\Route))
#38 C:\\xampp\\htdocs\\its-tni\\vendor\\laravel\\framework\\src\\Illuminate\\Routing\\Router.php(729): Illuminate\\Routing\\Router->dispatchToRoute(Object(Illuminate\\Http\\Request))
#39 C:\\xampp\\htdocs\\its-tni\\vendor\\laravel\\framework\\src\\Illuminate\\Foundation\\Http\\Kernel.php(200): Illuminate\\Routing\\Router->dispatch(Object(Illuminate\\Http\\Request))
#40 C:\\xampp\\htdocs\\its-tni\\vendor\\laravel\\framework\\src\\Illuminate\\Pipeline\\Pipeline.php(141): Illuminate\\Foundation\\Http\\Kernel->Illuminate\\Foundation\\Http\\{closure}(Object(Illuminate\\Http\\Request))
#41 C:\\xampp\\htdocs\\its-tni\\vendor\\laravel\\framework\\src\\Illuminate\\Foundation\\Http\\Middleware\\TransformsRequest.php(21): Illuminate\\Pipeline\\Pipeline->Illuminate\\Pipeline\\{closure}(Object(Illuminate\\Http\\Request))
#42 C:\\xampp\\htdocs\\its-tni\\vendor\\laravel\\framework\\src\\Illuminate\\Foundation\\Http\\Middleware\\ConvertEmptyStringsToNull.php(31): Illuminate\\Foundation\\Http\\Middleware\\TransformsRequest->handle(Object(Illuminate\\Http\\Request), Object(Closure))
#43 C:\\xampp\\htdocs\\its-tni\\vendor\\laravel\\framework\\src\\Illuminate\\Pipeline\\Pipeline.php(180): Illuminate\\Foundation\\Http\\Middleware\\ConvertEmptyStringsToNull->handle(Object(Illuminate\\Http\\Request), Object(Closure))
#44 C:\\xampp\\htdocs\\its-tni\\vendor\\laravel\\framework\\src\\Illuminate\\Foundation\\Http\\Middleware\\TransformsRequest.php(21): Illuminate\\Pipeline\\Pipeline->Illuminate\\Pipeline\\{closure}(Object(Illuminate\\Http\\Request))
#45 C:\\xampp\\htdocs\\its-tni\\vendor\\laravel\\framework\\src\\Illuminate\\Foundation\\Http\\Middleware\\TrimStrings.php(40): Illuminate\\Foundation\\Http\\Middleware\\TransformsRequest->handle(Object(Illuminate\\Http\\Request), Object(Closure))
#46 C:\\xampp\\htdocs\\its-tni\\vendor\\laravel\\framework\\src\\Illuminate\\Pipeline\\Pipeline.php(180): Illuminate\\Foundation\\Http\\Middleware\\TrimStrings->handle(Object(Illuminate\\Http\\Request), Object(Closure))
#47 C:\\xampp\\htdocs\\its-tni\\vendor\\laravel\\framework\\src\\Illuminate\\Foundation\\Http\\Middleware\\ValidatePostSize.php(27): Illuminate\\Pipeline\\Pipeline->Illuminate\\Pipeline\\{closure}(Object(Illuminate\\Http\\Request))
#48 C:\\xampp\\htdocs\\its-tni\\vendor\\laravel\\framework\\src\\Illuminate\\Pipeline\\Pipeline.php(180): Illuminate\\Foundation\\Http\\Middleware\\ValidatePostSize->handle(Object(Illuminate\\Http\\Request), Object(Closure))
#49 C:\\xampp\\htdocs\\its-tni\\vendor\\laravel\\framework\\src\\Illuminate\\Foundation\\Http\\Middleware\\PreventRequestsDuringMaintenance.php(86): Illuminate\\Pipeline\\Pipeline->Illuminate\\Pipeline\\{closure}(Object(Illuminate\\Http\\Request))
#50 C:\\xampp\\htdocs\\its-tni\\vendor\\laravel\\framework\\src\\Illuminate\\Pipeline\\Pipeline.php(180): Illuminate\\Foundation\\Http\\Middleware\\PreventRequestsDuringMaintenance->handle(Object(Illuminate\\Http\\Request), Object(Closure))
#51 C:\\xampp\\htdocs\\its-tni\\vendor\\laravel\\framework\\src\\Illuminate\\Http\\Middleware\\HandleCors.php(49): Illuminate\\Pipeline\\Pipeline->Illuminate\\Pipeline\\{closure}(Object(Illuminate\\Http\\Request))
#52 C:\\xampp\\htdocs\\its-tni\\vendor\\laravel\\framework\\src\\Illuminate\\Pipeline\\Pipeline.php(180): Illuminate\\Http\\Middleware\\HandleCors->handle(Object(Illuminate\\Http\\Request), Object(Closure))
#53 C:\\xampp\\htdocs\\its-tni\\vendor\\laravel\\framework\\src\\Illuminate\\Http\\Middleware\\TrustProxies.php(39): Illuminate\\Pipeline\\Pipeline->Illuminate\\Pipeline\\{closure}(Object(Illuminate\\Http\\Request))
#54 C:\\xampp\\htdocs\\its-tni\\vendor\\laravel\\framework\\src\\Illuminate\\Pipeline\\Pipeline.php(180): Illuminate\\Http\\Middleware\\TrustProxies->handle(Object(Illuminate\\Http\\Request), Object(Closure))
#55 C:\\xampp\\htdocs\\its-tni\\vendor\\laravel\\framework\\src\\Illuminate\\Pipeline\\Pipeline.php(116): Illuminate\\Pipeline\\Pipeline->Illuminate\\Pipeline\\{closure}(Object(Illuminate\\Http\\Request))
#56 C:\\xampp\\htdocs\\its-tni\\vendor\\laravel\\framework\\src\\Illuminate\\Foundation\\Http\\Kernel.php(175): Illuminate\\Pipeline\\Pipeline->then(Object(Closure))
#57 C:\\xampp\\htdocs\\its-tni\\vendor\\laravel\\framework\\src\\Illuminate\\Foundation\\Http\\Kernel.php(144): Illuminate\\Foundation\\Http\\Kernel->sendRequestThroughRouter(Object(Illuminate\\Http\\Request))
#58 C:\\xampp\\htdocs\\its-tni\\public\\index.php(54): Illuminate\\Foundation\\Http\\Kernel->handle(Object(Illuminate\\Http\\Request))
#59 {main}

[previous exception] [object] (ErrorException(code: 0): Undefined array key \"emotion_averages\" at C:\\xampp\\htdocs\\its-tni\\storage\\framework\\views\\41fe75ee9661bacfdaec9c0a05dd1337.php:139)
[stacktrace]
#0 C:\\xampp\\htdocs\\its-tni\\vendor\\laravel\\framework\\src\\Illuminate\\Foundation\\Bootstrap\\HandleExceptions.php(250): Illuminate\\Foundation\\Bootstrap\\HandleExceptions->handleError(2, 'Undefined array...', 'C:\\\\xampp\\\\htdocs...', 139)
#1 C:\\xampp\\htdocs\\its-tni\\storage\\framework\\views\\41fe75ee9661bacfdaec9c0a05dd1337.php(139): Illuminate\\Foundation\\Bootstrap\\HandleExceptions->Illuminate\\Foundation\\Bootstrap\\{closure}(2, 'Undefined array...', 'C:\\\\xampp\\\\htdocs...', 139)
#2 C:\\xampp\\htdocs\\its-tni\\vendor\\laravel\\framework\\src\\Illuminate\\Filesystem\\Filesystem.php(123): require('C:\\\\xampp\\\\htdocs...')
#3 C:\\xampp\\htdocs\\its-tni\\vendor\\laravel\\framework\\src\\Illuminate\\Filesystem\\Filesystem.php(124): Illuminate\\Filesystem\\Filesystem::Illuminate\\Filesystem\\{closure}()
#4 C:\\xampp\\htdocs\\its-tni\\vendor\\laravel\\framework\\src\\Illuminate\\View\\Engines\\PhpEngine.php(58): Illuminate\\Filesystem\\Filesystem->getRequire('C:\\\\xampp\\\\htdocs...', Array)
#5 C:\\xampp\\htdocs\\its-tni\\vendor\\laravel\\framework\\src\\Illuminate\\View\\Engines\\CompilerEngine.php(70): Illuminate\\View\\Engines\\PhpEngine->evaluatePath('C:\\\\xampp\\\\htdocs...', Array)
#6 C:\\xampp\\htdocs\\its-tni\\vendor\\laravel\\framework\\src\\Illuminate\\View\\View.php(195): Illuminate\\View\\Engines\\CompilerEngine->get('C:\\\\xampp\\\\htdocs...', Array)
#7 C:\\xampp\\htdocs\\its-tni\\vendor\\laravel\\framework\\src\\Illuminate\\View\\View.php(178): Illuminate\\View\\View->getContents()
#8 C:\\xampp\\htdocs\\its-tni\\vendor\\laravel\\framework\\src\\Illuminate\\View\\View.php(147): Illuminate\\View\\View->renderContents()
#9 C:\\xampp\\htdocs\\its-tni\\vendor\\laravel\\framework\\src\\Illuminate\\Http\\Response.php(69): Illuminate\\View\\View->render()
#10 C:\\xampp\\htdocs\\its-tni\\vendor\\laravel\\framework\\src\\Illuminate\\Http\\Response.php(35): Illuminate\\Http\\Response->setContent(Object(Illuminate\\View\\View))
#11 C:\\xampp\\htdocs\\its-tni\\vendor\\laravel\\framework\\src\\Illuminate\\Routing\\Router.php(906): Illuminate\\Http\\Response->__construct(Object(Illuminate\\View\\View), 200, Array)
#12 C:\\xampp\\htdocs\\its-tni\\vendor\\laravel\\framework\\src\\Illuminate\\Routing\\Router.php(875): Illuminate\\Routing\\Router::toResponse(Object(Illuminate\\Http\\Request), Object(Illuminate\\View\\View))
#13 C:\\xampp\\htdocs\\its-tni\\vendor\\laravel\\framework\\src\\Illuminate\\Routing\\Router.php(797): Illuminate\\Routing\\Router->prepareResponse(Object(Illuminate\\Http\\Request), Object(Illuminate\\View\\View))
#14 C:\\xampp\\htdocs\\its-tni\\vendor\\laravel\\framework\\src\\Illuminate\\Pipeline\\Pipeline.php(141): Illuminate\\Routing\\Router->Illuminate\\Routing\\{closure}(Object(Illuminate\\Http\\Request))
#15 C:\\xampp\\htdocs\\its-tni\\app\\Http\\Middleware\\UserLimit.php(28): Illuminate\\Pipeline\\Pipeline->Illuminate\\Pipeline\\{closure}(Object(Illuminate\\Http\\Request))
#16 C:\\xampp\\htdocs\\its-tni\\vendor\\laravel\\framework\\src\\Illuminate\\Pipeline\\Pipeline.php(180): App\\Http\\Middleware\\UserLimit->handle(Object(Illuminate\\Http\\Request), Object(Closure))
#17 C:\\xampp\\htdocs\\its-tni\\app\\Http\\Middleware\\Admin.php(48): Illuminate\\Pipeline\\Pipeline->Illuminate\\Pipeline\\{closure}(Object(Illuminate\\Http\\Request))
#18 C:\\xampp\\htdocs\\its-tni\\vendor\\laravel\\framework\\src\\Illuminate\\Pipeline\\Pipeline.php(180): App\\Http\\Middleware\\Admin->handle(Object(Illuminate\\Http\\Request), Object(Closure))
#19 C:\\xampp\\htdocs\\its-tni\\vendor\\laravel\\framework\\src\\Illuminate\\Routing\\Middleware\\SubstituteBindings.php(50): Illuminate\\Pipeline\\Pipeline->Illuminate\\Pipeline\\{closure}(Object(Illuminate\\Http\\Request))
#20 C:\\xampp\\htdocs\\its-tni\\vendor\\laravel\\framework\\src\\Illuminate\\Pipeline\\Pipeline.php(180): Illuminate\\Routing\\Middleware\\SubstituteBindings->handle(Object(Illuminate\\Http\\Request), Object(Closure))
#21 C:\\xampp\\htdocs\\its-tni\\vendor\\laravel\\framework\\src\\Illuminate\\Auth\\Middleware\\Authenticate.php(45): Illuminate\\Pipeline\\Pipeline->Illuminate\\Pipeline\\{closure}(Object(Illuminate\\Http\\Request))
#22 C:\\xampp\\htdocs\\its-tni\\vendor\\laravel\\framework\\src\\Illuminate\\Pipeline\\Pipeline.php(180): Illuminate\\Auth\\Middleware\\Authenticate->handle(Object(Illuminate\\Http\\Request), Object(Closure))
#23 C:\\xampp\\htdocs\\its-tni\\vendor\\laravel\\framework\\src\\Illuminate\\Foundation\\Http\\Middleware\\VerifyCsrfToken.php(78): Illuminate\\Pipeline\\Pipeline->Illuminate\\Pipeline\\{closure}(Object(Illuminate\\Http\\Request))
#24 C:\\xampp\\htdocs\\its-tni\\vendor\\laravel\\framework\\src\\Illuminate\\Pipeline\\Pipeline.php(180): Illuminate\\Foundation\\Http\\Middleware\\VerifyCsrfToken->handle(Object(Illuminate\\Http\\Request), Object(Closure))
#25 C:\\xampp\\htdocs\\its-tni\\vendor\\laravel\\framework\\src\\Illuminate\\View\\Middleware\\ShareErrorsFromSession.php(49): Illuminate\\Pipeline\\Pipeline->Illuminate\\Pipeline\\{closure}(Object(Illuminate\\Http\\Request))
#26 C:\\xampp\\htdocs\\its-tni\\vendor\\laravel\\framework\\src\\Illuminate\\Pipeline\\Pipeline.php(180): Illuminate\\View\\Middleware\\ShareErrorsFromSession->handle(Object(Illuminate\\Http\\Request), Object(Closure))
#27 C:\\xampp\\htdocs\\its-tni\\vendor\\laravel\\framework\\src\\Illuminate\\Session\\Middleware\\StartSession.php(121): Illuminate\\Pipeline\\Pipeline->Illuminate\\Pipeline\\{closure}(Object(Illuminate\\Http\\Request))
#28 C:\\xampp\\htdocs\\its-tni\\vendor\\laravel\\framework\\src\\Illuminate\\Session\\Middleware\\StartSession.php(64): Illuminate\\Session\\Middleware\\StartSession->handleStatefulRequest(Object(Illuminate\\Http\\Request), Object(Illuminate\\Session\\Store), Object(Closure))
#29 C:\\xampp\\htdocs\\its-tni\\vendor\\laravel\\framework\\src\\Illuminate\\Pipeline\\Pipeline.php(180): Illuminate\\Session\\Middleware\\StartSession->handle(Object(Illuminate\\Http\\Request), Object(Closure))
#30 C:\\xampp\\htdocs\\its-tni\\vendor\\laravel\\framework\\src\\Illuminate\\Cookie\\Middleware\\AddQueuedCookiesToResponse.php(37): Illuminate\\Pipeline\\Pipeline->Illuminate\\Pipeline\\{closure}(Object(Illuminate\\Http\\Request))
#31 C:\\xampp\\htdocs\\its-tni\\vendor\\laravel\\framework\\src\\Illuminate\\Pipeline\\Pipeline.php(180): Illuminate\\Cookie\\Middleware\\AddQueuedCookiesToResponse->handle(Object(Illuminate\\Http\\Request), Object(Closure))
#32 C:\\xampp\\htdocs\\its-tni\\vendor\\laravel\\framework\\src\\Illuminate\\Cookie\\Middleware\\EncryptCookies.php(67): Illuminate\\Pipeline\\Pipeline->Illuminate\\Pipeline\\{closure}(Object(Illuminate\\Http\\Request))
#33 C:\\xampp\\htdocs\\its-tni\\vendor\\laravel\\framework\\src\\Illuminate\\Pipeline\\Pipeline.php(180): Illuminate\\Cookie\\Middleware\\EncryptCookies->handle(Object(Illuminate\\Http\\Request), Object(Closure))
#34 C:\\xampp\\htdocs\\its-tni\\vendor\\laravel\\framework\\src\\Illuminate\\Pipeline\\Pipeline.php(116): Illuminate\\Pipeline\\Pipeline->Illuminate\\Pipeline\\{closure}(Object(Illuminate\\Http\\Request))
#35 C:\\xampp\\htdocs\\its-tni\\vendor\\laravel\\framework\\src\\Illuminate\\Routing\\Router.php(797): Illuminate\\Pipeline\\Pipeline->then(Object(Closure))
#36 C:\\xampp\\htdocs\\its-tni\\vendor\\laravel\\framework\\src\\Illuminate\\Routing\\Router.php(776): Illuminate\\Routing\\Router->runRouteWithinStack(Object(Illuminate\\Routing\\Route), Object(Illuminate\\Http\\Request))
#37 C:\\xampp\\htdocs\\its-tni\\vendor\\laravel\\framework\\src\\Illuminate\\Routing\\Router.php(740): Illuminate\\Routing\\Router->runRoute(Object(Illuminate\\Http\\Request), Object(Illuminate\\Routing\\Route))
#38 C:\\xampp\\htdocs\\its-tni\\vendor\\laravel\\framework\\src\\Illuminate\\Routing\\Router.php(729): Illuminate\\Routing\\Router->dispatchToRoute(Object(Illuminate\\Http\\Request))
#39 C:\\xampp\\htdocs\\its-tni\\vendor\\laravel\\framework\\src\\Illuminate\\Foundation\\Http\\Kernel.php(200): Illuminate\\Routing\\Router->dispatch(Object(Illuminate\\Http\\Request))
#40 C:\\xampp\\htdocs\\its-tni\\vendor\\laravel\\framework\\src\\Illuminate\\Pipeline\\Pipeline.php(141): Illuminate\\Foundation\\Http\\Kernel->Illuminate\\Foundation\\Http\\{closure}(Object(Illuminate\\Http\\Request))
#41 C:\\xampp\\htdocs\\its-tni\\vendor\\laravel\\framework\\src\\Illuminate\\Foundation\\Http\\Middleware\\TransformsRequest.php(21): Illuminate\\Pipeline\\Pipeline->Illuminate\\Pipeline\\{closure}(Object(Illuminate\\Http\\Request))
#42 C:\\xampp\\htdocs\\its-tni\\vendor\\laravel\\framework\\src\\Illuminate\\Foundation\\Http\\Middleware\\ConvertEmptyStringsToNull.php(31): Illuminate\\Foundation\\Http\\Middleware\\TransformsRequest->handle(Object(Illuminate\\Http\\Request), Object(Closure))
#43 C:\\xampp\\htdocs\\its-tni\\vendor\\laravel\\framework\\src\\Illuminate\\Pipeline\\Pipeline.php(180): Illuminate\\Foundation\\Http\\Middleware\\ConvertEmptyStringsToNull->handle(Object(Illuminate\\Http\\Request), Object(Closure))
#44 C:\\xampp\\htdocs\\its-tni\\vendor\\laravel\\framework\\src\\Illuminate\\Foundation\\Http\\Middleware\\TransformsRequest.php(21): Illuminate\\Pipeline\\Pipeline->Illuminate\\Pipeline\\{closure}(Object(Illuminate\\Http\\Request))
#45 C:\\xampp\\htdocs\\its-tni\\vendor\\laravel\\framework\\src\\Illuminate\\Foundation\\Http\\Middleware\\TrimStrings.php(40): Illuminate\\Foundation\\Http\\Middleware\\TransformsRequest->handle(Object(Illuminate\\Http\\Request), Object(Closure))
#46 C:\\xampp\\htdocs\\its-tni\\vendor\\laravel\\framework\\src\\Illuminate\\Pipeline\\Pipeline.php(180): Illuminate\\Foundation\\Http\\Middleware\\TrimStrings->handle(Object(Illuminate\\Http\\Request), Object(Closure))
#47 C:\\xampp\\htdocs\\its-tni\\vendor\\laravel\\framework\\src\\Illuminate\\Foundation\\Http\\Middleware\\ValidatePostSize.php(27): Illuminate\\Pipeline\\Pipeline->Illuminate\\Pipeline\\{closure}(Object(Illuminate\\Http\\Request))
#48 C:\\xampp\\htdocs\\its-tni\\vendor\\laravel\\framework\\src\\Illuminate\\Pipeline\\Pipeline.php(180): Illuminate\\Foundation\\Http\\Middleware\\ValidatePostSize->handle(Object(Illuminate\\Http\\Request), Object(Closure))
#49 C:\\xampp\\htdocs\\its-tni\\vendor\\laravel\\framework\\src\\Illuminate\\Foundation\\Http\\Middleware\\PreventRequestsDuringMaintenance.php(86): Illuminate\\Pipeline\\Pipeline->Illuminate\\Pipeline\\{closure}(Object(Illuminate\\Http\\Request))
#50 C:\\xampp\\htdocs\\its-tni\\vendor\\laravel\\framework\\src\\Illuminate\\Pipeline\\Pipeline.php(180): Illuminate\\Foundation\\Http\\Middleware\\PreventRequestsDuringMaintenance->handle(Object(Illuminate\\Http\\Request), Object(Closure))
#51 C:\\xampp\\htdocs\\its-tni\\vendor\\laravel\\framework\\src\\Illuminate\\Http\\Middleware\\HandleCors.php(49): Illuminate\\Pipeline\\Pipeline->Illuminate\\Pipeline\\{closure}(Object(Illuminate\\Http\\Request))
#52 C:\\xampp\\htdocs\\its-tni\\vendor\\laravel\\framework\\src\\Illuminate\\Pipeline\\Pipeline.php(180): Illuminate\\Http\\Middleware\\HandleCors->handle(Object(Illuminate\\Http\\Request), Object(Closure))
#53 C:\\xampp\\htdocs\\its-tni\\vendor\\laravel\\framework\\src\\Illuminate\\Http\\Middleware\\TrustProxies.php(39): Illuminate\\Pipeline\\Pipeline->Illuminate\\Pipeline\\{closure}(Object(Illuminate\\Http\\Request))
#54 C:\\xampp\\htdocs\\its-tni\\vendor\\laravel\\framework\\src\\Illuminate\\Pipeline\\Pipeline.php(180): Illuminate\\Http\\Middleware\\TrustProxies->handle(Object(Illuminate\\Http\\Request), Object(Closure))
#55 C:\\xampp\\htdocs\\its-tni\\vendor\\laravel\\framework\\src\\Illuminate\\Pipeline\\Pipeline.php(116): Illuminate\\Pipeline\\Pipeline->Illuminate\\Pipeline\\{closure}(Object(Illuminate\\Http\\Request))
#56 C:\\xampp\\htdocs\\its-tni\\vendor\\laravel\\framework\\src\\Illuminate\\Foundation\\Http\\Kernel.php(175): Illuminate\\Pipeline\\Pipeline->then(Object(Closure))
#57 C:\\xampp\\htdocs\\its-tni\\vendor\\laravel\\framework\\src\\Illuminate\\Foundation\\Http\\Kernel.php(144): Illuminate\\Foundation\\Http\\Kernel->sendRequestThroughRouter(Object(Illuminate\\Http\\Request))
#58 C:\\xampp\\htdocs\\its-tni\\public\\index.php(54): Illuminate\\Foundation\\Http\\Kernel->handle(Object(Illuminate\\Http\\Request))
#59 {main}
"} 
[2024-09-07 03:19:58] local.ERROR: htmlspecialchars(): Argument #1 ($string) must be of type string, array given {"view":{"view":"C:\\xampp\\htdocs\\its-tni\\resources\\views\\admin\\session\\stats.blade.php","data":{"errors":"<pre class=sf-dump id=sf-dump-1258240143 data-indent-pad=\"  \"><span class=sf-dump-note>Illuminate\\Support\\ViewErrorBag</span> {<a class=sf-dump-ref>#2109</a><samp data-depth=1 class=sf-dump-expanded>
  #<span class=sf-dump-protected title=\"Protected property\">bags</span>: []
</samp>}
</pre><script>Sfdump(\"sf-dump-1258240143\", {\"maxDepth\":3,\"maxStringLength\":160})</script>
","row":"<pre class=sf-dump id=sf-dump-1838286350 data-indent-pad=\"  \"><span class=sf-dump-note>ArrayObject</span> {<a class=sf-dump-ref>#2311</a><samp data-depth=1 class=sf-dump-expanded>
  -<span class=sf-dump-private title=\"Private property defined in class:&#10;`ArrayObject`\">storage</span>: <span class=sf-dump-note>array:17</span> [<samp data-depth=2 class=sf-dump-compact>
    \"<span class=sf-dump-key>id</span>\" => <span class=sf-dump-num>1</span>
    \"<span class=sf-dump-key>created_at</span>\" => \"<span class=sf-dump-str title=\"19 characters\">2024-03-29 17:50:06</span>\"
    \"<span class=sf-dump-key>updated_at</span>\" => \"<span class=sf-dump-str title=\"19 characters\">2024-03-29 17:50:06</span>\"
    \"<span class=sf-dump-key>student_id</span>\" => <span class=sf-dump-num>1</span>
    \"<span class=sf-dump-key>course_id</span>\" => <span class=sf-dump-num>12</span>
    \"<span class=sf-dump-key>reg_code</span>\" => <span class=sf-dump-const>null</span>
    \"<span class=sf-dump-key>completed</span>\" => <span class=sf-dump-num>1</span>
    \"<span class=sf-dump-key>user_id</span>\" => <span class=sf-dump-num>2</span>
    \"<span class=sf-dump-key>nim</span>\" => <span class=sf-dump-const>null</span>
    \"<span class=sf-dump-key>department</span>\" => <span class=sf-dump-const>null</span>
    \"<span class=sf-dump-key>mobile_number</span>\" => \"<span class=sf-dump-str title=\"11 characters\">89602910492</span>\"
    \"<span class=sf-dump-key>api_token</span>\" => <span class=sf-dump-const>null</span>
    \"<span class=sf-dump-key>token_expires</span>\" => <span class=sf-dump-const>null</span>
    \"<span class=sf-dump-key>name</span>\" => \"<span class=sf-dump-str title=\"5 characters\">sandi</span>\"
    \"<span class=sf-dump-key>last_name</span>\" => \"<span class=sf-dump-str title=\"6 characters\">komara</span>\"
    \"<span class=sf-dump-key>email</span>\" => \"<span class=sf-dump-str title=\"23 characters\">sandikomara01@gmail.com</span>\"
    \"<span class=sf-dump-key>course_name</span>\" => \"<span class=sf-dump-str title=\"24 characters\">Internet Of Things (IOT)</span>\"
  </samp>]
  <span class=sf-dump-meta>flag::STD_PROP_LIST</span>: <span class=sf-dump-const>false</span>
  <span class=sf-dump-meta>flag::ARRAY_AS_PROPS</span>: <span class=sf-dump-const>true</span>
  <span class=sf-dump-meta>iteratorClass</span>: \"<span class=sf-dump-str title=\"13 characters\">ArrayIterator</span>\"
</samp>}
</pre><script>Sfdump(\"sf-dump-1838286350\", {\"maxDepth\":3,\"maxStringLength\":160})</script>
","totalLessons":"<pre class=sf-dump id=sf-dump-456279522 data-indent-pad=\"  \"><span class=sf-dump-num>6</span>
</pre><script>Sfdump(\"sf-dump-456279522\", {\"maxDepth\":3,\"maxStringLength\":160})</script>
","attended":"<pre class=sf-dump id=sf-dump-221398816 data-indent-pad=\"  \"><span class=sf-dump-note>Laminas\\Db\\ResultSet\\ResultSet</span> {<a class=sf-dump-ref>#2252</a><samp data-depth=1 class=sf-dump-expanded>
  #<span class=sf-dump-protected title=\"Protected property\">buffer</span>: <span class=sf-dump-num>-2</span>
  #<span class=sf-dump-protected title=\"Protected property\">count</span>: <span class=sf-dump-num>3</span>
  #<span class=sf-dump-protected title=\"Protected property\">dataSource</span>: <span class=sf-dump-note title=\"Laminas\\Db\\Adapter\\Driver\\Pdo\\Result
\"><span class=\"sf-dump-ellipsis sf-dump-ellipsis-note\">Laminas\\Db\\Adapter\\Driver\\Pdo</span><span class=\"sf-dump-ellipsis sf-dump-ellipsis-note\">\\</span>Result</span> {<a class=sf-dump-ref>#2251</a><samp data-depth=2 class=sf-dump-compact>
    #<span class=sf-dump-protected title=\"Protected property\">statementMode</span>: \"<span class=sf-dump-str title=\"7 characters\">forward</span>\"
    #<span class=sf-dump-protected title=\"Protected property\">fetchMode</span>: <span class=sf-dump-num>2</span>
    #<span class=sf-dump-protected title=\"Protected property\">resource</span>: <span class=sf-dump-note>PDOStatement</span> {<a class=sf-dump-ref>#2253</a><samp data-depth=3 class=sf-dump-compact>
      +<span class=sf-dump-public title=\"Public property\">queryString</span>: \"<span class=sf-dump-str title=\"189 characters\">SELECT `attendances`.*, `lessons`.`name` AS `name` FROM `attendances` INNER JOIN `lessons` ON `attendances`.`lesson_id`=`lessons`.`id` WHERE `student_id` = :where1 AND `course_id` = :where2</span>\"
    </samp>}
    #<span class=sf-dump-protected title=\"Protected property\">options</span>: <span class=sf-dump-const>null</span>
    #<span class=sf-dump-protected title=\"Protected property\">currentComplete</span>: <span class=sf-dump-const>true</span>
    #<span class=sf-dump-protected title=\"Protected property\">currentData</span>: <span class=sf-dump-const>false</span>
    #<span class=sf-dump-protected title=\"Protected property\">position</span>: <span class=sf-dump-num>3</span>
    #<span class=sf-dump-protected title=\"Protected property\">generatedValue</span>: \"<span class=sf-dump-str>0</span>\"
    #<span class=sf-dump-protected title=\"Protected property\">rowCount</span>: <span class=sf-dump-num>3</span>
  </samp>}
  #<span class=sf-dump-protected title=\"Protected property\">fieldCount</span>: <span class=sf-dump-num>8</span>
  #<span class=sf-dump-protected title=\"Protected property\">position</span>: <span class=sf-dump-num>3</span>
  #<span class=sf-dump-protected title=\"Protected property\">allowedReturnTypes</span>: <span class=sf-dump-note>array:2</span> [<samp data-depth=2 class=sf-dump-compact>
    <span class=sf-dump-index>0</span> => \"<span class=sf-dump-str title=\"11 characters\">arrayobject</span>\"
    <span class=sf-dump-index>1</span> => \"<span class=sf-dump-str title=\"5 characters\">array</span>\"
  </samp>]
  #<span class=sf-dump-protected title=\"Protected property\">arrayObjectPrototype</span>: <span class=sf-dump-note>ArrayObject</span> {<a class=sf-dump-ref>#2246</a><samp data-depth=2 class=sf-dump-compact>
    -<span class=sf-dump-private title=\"Private property defined in class:&#10;`ArrayObject`\">storage</span>: []
    <span class=sf-dump-meta>flag::STD_PROP_LIST</span>: <span class=sf-dump-const>false</span>
    <span class=sf-dump-meta>flag::ARRAY_AS_PROPS</span>: <span class=sf-dump-const>true</span>
    <span class=sf-dump-meta>iteratorClass</span>: \"<span class=sf-dump-str title=\"13 characters\">ArrayIterator</span>\"
  </samp>}
  #<span class=sf-dump-protected title=\"Protected property\">returnType</span>: \"<span class=sf-dump-str title=\"11 characters\">arrayobject</span>\"
</samp>}
</pre><script>Sfdump(\"sf-dump-221398816\", {\"maxDepth\":3,\"maxStringLength\":160})</script>
","percentage":"<pre class=sf-dump id=sf-dump-28871671 data-indent-pad=\"  \"><span class=sf-dump-num>50.0</span>
</pre><script>Sfdump(\"sf-dump-28871671\", {\"maxDepth\":3,\"maxStringLength\":160})</script>
","testResults":"<pre class=sf-dump id=sf-dump-848561221 data-indent-pad=\"  \">[]
</pre><script>Sfdump(\"sf-dump-848561221\", {\"maxDepth\":3,\"maxStringLength\":160})</script>
","pageTitle":"<pre class=sf-dump id=sf-dump-1890865764 data-indent-pad=\"  \">\"<span class=sf-dump-str title=\"28 characters\">Kemajuan Siswa: sandi komara</span>\"
</pre><script>Sfdump(\"sf-dump-1890865764\", {\"maxDepth\":3,\"maxStringLength\":160})</script>
","customCrumbs":"<pre class=sf-dump id=sf-dump-285454848 data-indent-pad=\"  \"><span class=sf-dump-note>array:4</span> [<samp data-depth=1 class=sf-dump-expanded>
  \"<span class=sf-dump-key>http://localhost/its-tni/public/admin</span>\" => \"<span class=sf-dump-str title=\"6 characters\">Dasbor</span>\"
  \"<span class=sf-dump-key>http://localhost/its-tni/public/admin/student/sessions</span>\" => \"<span class=sf-dump-str title=\"13 characters\">Sesi &amp; Kursus</span>\"
  \"<span class=sf-dump-key>http://localhost/its-tni/public/admin/student/sessionstudents/12</span>\" => \"<span class=sf-dump-str title=\"15 characters\">Siswa Terdaftar</span>\"
  \"<span class=sf-dump-key>#</span>\" => \"<span class=sf-dump-str title=\"14 characters\">Kemajuan Siswa</span>\"
</samp>]
</pre><script>Sfdump(\"sf-dump-285454848\", {\"maxDepth\":3,\"maxStringLength\":160})</script>
","emosi":"<pre class=sf-dump id=sf-dump-1543613560 data-indent-pad=\"  \"><span class=sf-dump-note>Illuminate\\Support\\Collection</span> {<a class=sf-dump-ref>#2356</a><samp data-depth=1 class=sf-dump-expanded>
  #<span class=sf-dump-protected title=\"Protected property\">items</span>: <span class=sf-dump-note>array:3</span> [<samp data-depth=2 class=sf-dump-compact>
    <span class=sf-dump-index>0</span> => <span class=sf-dump-note>array:13</span> [<samp data-depth=3 class=sf-dump-compact>
      \"<span class=sf-dump-key>student_id</span>\" => <span class=sf-dump-num>1</span>
      \"<span class=sf-dump-key>lecture_id</span>\" => <span class=sf-dump-num>29</span>
      \"<span class=sf-dump-key>course_name</span>\" => \"<span class=sf-dump-str title=\"24 characters\">Internet Of Things (IOT)</span>\"
      \"<span class=sf-dump-key>lama</span>\" => \"<span class=sf-dump-str title=\"7 characters\">0 Menit</span>\"
      \"<span class=sf-dump-key>name</span>\" => \"<span class=sf-dump-str title=\"5 characters\">sandi</span>\"
      \"<span class=sf-dump-key>lecture_title</span>\" => \"<span class=sf-dump-str title=\"25 characters\">Pengenalan IOT Kinestetik</span>\"
      \"<span class=sf-dump-key>emotion</span>\" => \"<span class=sf-dump-str title=\"139 characters\">neutral: 89.72%; happy: 0.00%; sad: 0.00%; angry: 0.00%; fearful: 0.00%; disgusted: 0.00%; surprised: 10.28%; yawning: 0.00%; sleepy: 0.00%</span>\"
      \"<span class=sf-dump-key>emotion_encode</span>\" => <span class=sf-dump-note>array:9</span> [ &#8230;9]
      \"<span class=sf-dump-key>average</span>\" => \"<span class=sf-dump-str title=\"6 characters\">11.11%</span>\"
      \"<span class=sf-dump-key>highestEmotion</span>\" => \"<span class=sf-dump-str title=\"16 characters\">Neutral (89.72%)</span>\"
      \"<span class=sf-dump-key>yawnPercentage</span>\" => \"<span class=sf-dump-str title=\"5 characters\">0.00%</span>\"
      \"<span class=sf-dump-key>sleepyPercentage</span>\" => \"<span class=sf-dump-str title=\"5 characters\">0.00%</span>\"
      \"<span class=sf-dump-key>combinedSleepyYawnPercentage</span>\" => \"<span class=sf-dump-str title=\"5 characters\">0.00%</span>\"
    </samp>]
    <span class=sf-dump-index>1</span> => <span class=sf-dump-note>array:13</span> [<samp data-depth=3 class=sf-dump-compact>
      \"<span class=sf-dump-key>student_id</span>\" => <span class=sf-dump-num>1</span>
      \"<span class=sf-dump-key>lecture_id</span>\" => <span class=sf-dump-num>31</span>
      \"<span class=sf-dump-key>course_name</span>\" => \"<span class=sf-dump-str title=\"24 characters\">Internet Of Things (IOT)</span>\"
      \"<span class=sf-dump-key>lama</span>\" => \"<span class=sf-dump-str title=\"7 characters\">0 Menit</span>\"
      \"<span class=sf-dump-key>name</span>\" => \"<span class=sf-dump-str title=\"5 characters\">sandi</span>\"
      \"<span class=sf-dump-key>lecture_title</span>\" => \"<span class=sf-dump-str title=\"26 characters\">Monitoring Suhu Kinestetik</span>\"
      \"<span class=sf-dump-key>emotion</span>\" => \"<span class=sf-dump-str title=\"138 characters\">neutral: 99.89%; happy: 0.00%; sad: 0.00%; angry: 0.00%; fearful: 0.00%; disgusted: 0.00%; surprised: 0.11%; yawning: 0.00%; sleepy: 0.00%</span>\"
      \"<span class=sf-dump-key>emotion_encode</span>\" => <span class=sf-dump-note>array:9</span> [ &#8230;9]
      \"<span class=sf-dump-key>average</span>\" => \"<span class=sf-dump-str title=\"6 characters\">11.11%</span>\"
      \"<span class=sf-dump-key>highestEmotion</span>\" => \"<span class=sf-dump-str title=\"16 characters\">Neutral (99.89%)</span>\"
      \"<span class=sf-dump-key>yawnPercentage</span>\" => \"<span class=sf-dump-str title=\"5 characters\">0.00%</span>\"
      \"<span class=sf-dump-key>sleepyPercentage</span>\" => \"<span class=sf-dump-str title=\"5 characters\">0.00%</span>\"
      \"<span class=sf-dump-key>combinedSleepyYawnPercentage</span>\" => \"<span class=sf-dump-str title=\"5 characters\">0.00%</span>\"
    </samp>]
    <span class=sf-dump-index>2</span> => <span class=sf-dump-note>array:13</span> [<samp data-depth=3 class=sf-dump-compact>
      \"<span class=sf-dump-key>student_id</span>\" => <span class=sf-dump-num>1</span>
      \"<span class=sf-dump-key>lecture_id</span>\" => <span class=sf-dump-num>40</span>
      \"<span class=sf-dump-key>course_name</span>\" => \"<span class=sf-dump-str title=\"24 characters\">Internet Of Things (IOT)</span>\"
      \"<span class=sf-dump-key>lama</span>\" => \"<span class=sf-dump-str title=\"7 characters\">0 Menit</span>\"
      \"<span class=sf-dump-key>name</span>\" => \"<span class=sf-dump-str title=\"5 characters\">sandi</span>\"
      \"<span class=sf-dump-key>lecture_title</span>\" => \"<span class=sf-dump-str title=\"17 characters\">Kontrol LED Blynk</span>\"
      \"<span class=sf-dump-key>emotion</span>\" => \"<span class=sf-dump-str title=\"138 characters\">neutral: 89.85%; happy: 0.00%; sad: 9.86%; angry: 0.00%; fearful: 0.00%; disgusted: 0.00%; surprised: 0.29%; yawning: 0.00%; sleepy: 0.00%</span>\"
      \"<span class=sf-dump-key>emotion_encode</span>\" => <span class=sf-dump-note>array:9</span> [ &#8230;9]
      \"<span class=sf-dump-key>average</span>\" => \"<span class=sf-dump-str title=\"6 characters\">11.11%</span>\"
      \"<span class=sf-dump-key>highestEmotion</span>\" => \"<span class=sf-dump-str title=\"16 characters\">Neutral (89.85%)</span>\"
      \"<span class=sf-dump-key>yawnPercentage</span>\" => \"<span class=sf-dump-str title=\"5 characters\">0.00%</span>\"
      \"<span class=sf-dump-key>sleepyPercentage</span>\" => \"<span class=sf-dump-str title=\"5 characters\">0.00%</span>\"
      \"<span class=sf-dump-key>combinedSleepyYawnPercentage</span>\" => \"<span class=sf-dump-str title=\"5 characters\">0.00%</span>\"
    </samp>]
  </samp>]
  #<span class=sf-dump-protected title=\"Protected property\">escapeWhenCastingToString</span>: <span class=sf-dump-const>false</span>
</samp>}
</pre><script>Sfdump(\"sf-dump-1543613560\", {\"maxDepth\":3,\"maxStringLength\":160})</script>
","akhir_emosi":"<pre class=sf-dump id=sf-dump-1158134469 data-indent-pad=\"  \"><span class=sf-dump-note>array:4</span> [<samp data-depth=1 class=sf-dump-expanded>
  \"<span class=sf-dump-key>emotion_averages</span>\" => <span class=sf-dump-note>array:9</span> [<samp data-depth=2 class=sf-dump-compact>
    \"<span class=sf-dump-key>neutral</span>\" => <span class=sf-dump-num>93.153333333333</span>
    \"<span class=sf-dump-key>happy</span>\" => <span class=sf-dump-num>0.0</span>
    \"<span class=sf-dump-key>sad</span>\" => <span class=sf-dump-num>3.2866666666667</span>
    \"<span class=sf-dump-key>angry</span>\" => <span class=sf-dump-num>0.0</span>
    \"<span class=sf-dump-key>fearful</span>\" => <span class=sf-dump-num>0.0</span>
    \"<span class=sf-dump-key>disgusted</span>\" => <span class=sf-dump-num>0.0</span>
    \"<span class=sf-dump-key>surprised</span>\" => <span class=sf-dump-num>3.56</span>
    \"<span class=sf-dump-key>yawning</span>\" => <span class=sf-dump-num>0.0</span>
    \"<span class=sf-dump-key>sleepy</span>\" => <span class=sf-dump-num>0.0</span>
  </samp>]
  \"<span class=sf-dump-key>highest_emotion</span>\" => \"<span class=sf-dump-str title=\"7 characters\">neutral</span>\"
  \"<span class=sf-dump-key>highest_percentage</span>\" => <span class=sf-dump-num>93.153333333333</span>
  \"<span class=sf-dump-key>sleepy_percentage</span>\" => <span class=sf-dump-num>0.0</span>
</samp>]
</pre><script>Sfdump(\"sf-dump-1158134469\", {\"maxDepth\":3,\"maxStringLength\":160})</script>
","userLayout":"<pre class=sf-dump id=sf-dump-1700867943 data-indent-pad=\"  \">\"<span class=sf-dump-str title=\"13 characters\">layouts.admin</span>\"
</pre><script>Sfdump(\"sf-dump-1700867943\", {\"maxDepth\":3,\"maxStringLength\":160})</script>
"}},"userId":1,"exception":"[object] (Spatie\\LaravelIgnition\\Exceptions\\ViewException(code: 0): htmlspecialchars(): Argument #1 ($string) must be of type string, array given at C:\\xampp\\htdocs\\its-tni\\vendor\\laravel\\framework\\src\\Illuminate\\Support\\helpers.php:123)
[stacktrace]
#0 C:\\xampp\\htdocs\\its-tni\\vendor\\laravel\\framework\\src\\Illuminate\\Support\\helpers.php(123): htmlspecialchars(Array, 3, 'UTF-8', true)
#1 C:\\xampp\\htdocs\\its-tni\\resources\\views\\admin\\session\\stats.blade.php(138): e(Array)
#2 C:\\xampp\\htdocs\\its-tni\\vendor\\laravel\\framework\\src\\Illuminate\\Filesystem\\Filesystem.php(123): require('C:\\\\xampp\\\\htdocs...')
#3 C:\\xampp\\htdocs\\its-tni\\vendor\\laravel\\framework\\src\\Illuminate\\Filesystem\\Filesystem.php(124): Illuminate\\Filesystem\\Filesystem::Illuminate\\Filesystem\\{closure}()
#4 C:\\xampp\\htdocs\\its-tni\\vendor\\laravel\\framework\\src\\Illuminate\\View\\Engines\\PhpEngine.php(58): Illuminate\\Filesystem\\Filesystem->getRequire('C:\\\\xampp\\\\htdocs...', Array)
#5 C:\\xampp\\htdocs\\its-tni\\vendor\\laravel\\framework\\src\\Illuminate\\View\\Engines\\CompilerEngine.php(70): Illuminate\\View\\Engines\\PhpEngine->evaluatePath('C:\\\\xampp\\\\htdocs...', Array)
#6 C:\\xampp\\htdocs\\its-tni\\vendor\\laravel\\framework\\src\\Illuminate\\View\\View.php(195): Illuminate\\View\\Engines\\CompilerEngine->get('C:\\\\xampp\\\\htdocs...', Array)
#7 C:\\xampp\\htdocs\\its-tni\\vendor\\laravel\\framework\\src\\Illuminate\\View\\View.php(178): Illuminate\\View\\View->getContents()
#8 C:\\xampp\\htdocs\\its-tni\\vendor\\laravel\\framework\\src\\Illuminate\\View\\View.php(147): Illuminate\\View\\View->renderContents()
#9 C:\\xampp\\htdocs\\its-tni\\vendor\\laravel\\framework\\src\\Illuminate\\Http\\Response.php(69): Illuminate\\View\\View->render()
#10 C:\\xampp\\htdocs\\its-tni\\vendor\\laravel\\framework\\src\\Illuminate\\Http\\Response.php(35): Illuminate\\Http\\Response->setContent(Object(Illuminate\\View\\View))
#11 C:\\xampp\\htdocs\\its-tni\\vendor\\laravel\\framework\\src\\Illuminate\\Routing\\Router.php(906): Illuminate\\Http\\Response->__construct(Object(Illuminate\\View\\View), 200, Array)
#12 C:\\xampp\\htdocs\\its-tni\\vendor\\laravel\\framework\\src\\Illuminate\\Routing\\Router.php(875): Illuminate\\Routing\\Router::toResponse(Object(Illuminate\\Http\\Request), Object(Illuminate\\View\\View))
#13 C:\\xampp\\htdocs\\its-tni\\vendor\\laravel\\framework\\src\\Illuminate\\Routing\\Router.php(797): Illuminate\\Routing\\Router->prepareResponse(Object(Illuminate\\Http\\Request), Object(Illuminate\\View\\View))
#14 C:\\xampp\\htdocs\\its-tni\\vendor\\laravel\\framework\\src\\Illuminate\\Pipeline\\Pipeline.php(141): Illuminate\\Routing\\Router->Illuminate\\Routing\\{closure}(Object(Illuminate\\Http\\Request))
#15 C:\\xampp\\htdocs\\its-tni\\app\\Http\\Middleware\\UserLimit.php(28): Illuminate\\Pipeline\\Pipeline->Illuminate\\Pipeline\\{closure}(Object(Illuminate\\Http\\Request))
#16 C:\\xampp\\htdocs\\its-tni\\vendor\\laravel\\framework\\src\\Illuminate\\Pipeline\\Pipeline.php(180): App\\Http\\Middleware\\UserLimit->handle(Object(Illuminate\\Http\\Request), Object(Closure))
#17 C:\\xampp\\htdocs\\its-tni\\app\\Http\\Middleware\\Admin.php(48): Illuminate\\Pipeline\\Pipeline->Illuminate\\Pipeline\\{closure}(Object(Illuminate\\Http\\Request))
#18 C:\\xampp\\htdocs\\its-tni\\vendor\\laravel\\framework\\src\\Illuminate\\Pipeline\\Pipeline.php(180): App\\Http\\Middleware\\Admin->handle(Object(Illuminate\\Http\\Request), Object(Closure))
#19 C:\\xampp\\htdocs\\its-tni\\vendor\\laravel\\framework\\src\\Illuminate\\Routing\\Middleware\\SubstituteBindings.php(50): Illuminate\\Pipeline\\Pipeline->Illuminate\\Pipeline\\{closure}(Object(Illuminate\\Http\\Request))
#20 C:\\xampp\\htdocs\\its-tni\\vendor\\laravel\\framework\\src\\Illuminate\\Pipeline\\Pipeline.php(180): Illuminate\\Routing\\Middleware\\SubstituteBindings->handle(Object(Illuminate\\Http\\Request), Object(Closure))
#21 C:\\xampp\\htdocs\\its-tni\\vendor\\laravel\\framework\\src\\Illuminate\\Auth\\Middleware\\Authenticate.php(45): Illuminate\\Pipeline\\Pipeline->Illuminate\\Pipeline\\{closure}(Object(Illuminate\\Http\\Request))
#22 C:\\xampp\\htdocs\\its-tni\\vendor\\laravel\\framework\\src\\Illuminate\\Pipeline\\Pipeline.php(180): Illuminate\\Auth\\Middleware\\Authenticate->handle(Object(Illuminate\\Http\\Request), Object(Closure))
#23 C:\\xampp\\htdocs\\its-tni\\vendor\\laravel\\framework\\src\\Illuminate\\Foundation\\Http\\Middleware\\VerifyCsrfToken.php(78): Illuminate\\Pipeline\\Pipeline->Illuminate\\Pipeline\\{closure}(Object(Illuminate\\Http\\Request))
#24 C:\\xampp\\htdocs\\its-tni\\vendor\\laravel\\framework\\src\\Illuminate\\Pipeline\\Pipeline.php(180): Illuminate\\Foundation\\Http\\Middleware\\VerifyCsrfToken->handle(Object(Illuminate\\Http\\Request), Object(Closure))
#25 C:\\xampp\\htdocs\\its-tni\\vendor\\laravel\\framework\\src\\Illuminate\\View\\Middleware\\ShareErrorsFromSession.php(49): Illuminate\\Pipeline\\Pipeline->Illuminate\\Pipeline\\{closure}(Object(Illuminate\\Http\\Request))
#26 C:\\xampp\\htdocs\\its-tni\\vendor\\laravel\\framework\\src\\Illuminate\\Pipeline\\Pipeline.php(180): Illuminate\\View\\Middleware\\ShareErrorsFromSession->handle(Object(Illuminate\\Http\\Request), Object(Closure))
#27 C:\\xampp\\htdocs\\its-tni\\vendor\\laravel\\framework\\src\\Illuminate\\Session\\Middleware\\StartSession.php(121): Illuminate\\Pipeline\\Pipeline->Illuminate\\Pipeline\\{closure}(Object(Illuminate\\Http\\Request))
#28 C:\\xampp\\htdocs\\its-tni\\vendor\\laravel\\framework\\src\\Illuminate\\Session\\Middleware\\StartSession.php(64): Illuminate\\Session\\Middleware\\StartSession->handleStatefulRequest(Object(Illuminate\\Http\\Request), Object(Illuminate\\Session\\Store), Object(Closure))
#29 C:\\xampp\\htdocs\\its-tni\\vendor\\laravel\\framework\\src\\Illuminate\\Pipeline\\Pipeline.php(180): Illuminate\\Session\\Middleware\\StartSession->handle(Object(Illuminate\\Http\\Request), Object(Closure))
#30 C:\\xampp\\htdocs\\its-tni\\vendor\\laravel\\framework\\src\\Illuminate\\Cookie\\Middleware\\AddQueuedCookiesToResponse.php(37): Illuminate\\Pipeline\\Pipeline->Illuminate\\Pipeline\\{closure}(Object(Illuminate\\Http\\Request))
#31 C:\\xampp\\htdocs\\its-tni\\vendor\\laravel\\framework\\src\\Illuminate\\Pipeline\\Pipeline.php(180): Illuminate\\Cookie\\Middleware\\AddQueuedCookiesToResponse->handle(Object(Illuminate\\Http\\Request), Object(Closure))
#32 C:\\xampp\\htdocs\\its-tni\\vendor\\laravel\\framework\\src\\Illuminate\\Cookie\\Middleware\\EncryptCookies.php(67): Illuminate\\Pipeline\\Pipeline->Illuminate\\Pipeline\\{closure}(Object(Illuminate\\Http\\Request))
#33 C:\\xampp\\htdocs\\its-tni\\vendor\\laravel\\framework\\src\\Illuminate\\Pipeline\\Pipeline.php(180): Illuminate\\Cookie\\Middleware\\EncryptCookies->handle(Object(Illuminate\\Http\\Request), Object(Closure))
#34 C:\\xampp\\htdocs\\its-tni\\vendor\\laravel\\framework\\src\\Illuminate\\Pipeline\\Pipeline.php(116): Illuminate\\Pipeline\\Pipeline->Illuminate\\Pipeline\\{closure}(Object(Illuminate\\Http\\Request))
#35 C:\\xampp\\htdocs\\its-tni\\vendor\\laravel\\framework\\src\\Illuminate\\Routing\\Router.php(797): Illuminate\\Pipeline\\Pipeline->then(Object(Closure))
#36 C:\\xampp\\htdocs\\its-tni\\vendor\\laravel\\framework\\src\\Illuminate\\Routing\\Router.php(776): Illuminate\\Routing\\Router->runRouteWithinStack(Object(Illuminate\\Routing\\Route), Object(Illuminate\\Http\\Request))
#37 C:\\xampp\\htdocs\\its-tni\\vendor\\laravel\\framework\\src\\Illuminate\\Routing\\Router.php(740): Illuminate\\Routing\\Router->runRoute(Object(Illuminate\\Http\\Request), Object(Illuminate\\Routing\\Route))
#38 C:\\xampp\\htdocs\\its-tni\\vendor\\laravel\\framework\\src\\Illuminate\\Routing\\Router.php(729): Illuminate\\Routing\\Router->dispatchToRoute(Object(Illuminate\\Http\\Request))
#39 C:\\xampp\\htdocs\\its-tni\\vendor\\laravel\\framework\\src\\Illuminate\\Foundation\\Http\\Kernel.php(200): Illuminate\\Routing\\Router->dispatch(Object(Illuminate\\Http\\Request))
#40 C:\\xampp\\htdocs\\its-tni\\vendor\\laravel\\framework\\src\\Illuminate\\Pipeline\\Pipeline.php(141): Illuminate\\Foundation\\Http\\Kernel->Illuminate\\Foundation\\Http\\{closure}(Object(Illuminate\\Http\\Request))
#41 C:\\xampp\\htdocs\\its-tni\\vendor\\laravel\\framework\\src\\Illuminate\\Foundation\\Http\\Middleware\\TransformsRequest.php(21): Illuminate\\Pipeline\\Pipeline->Illuminate\\Pipeline\\{closure}(Object(Illuminate\\Http\\Request))
#42 C:\\xampp\\htdocs\\its-tni\\vendor\\laravel\\framework\\src\\Illuminate\\Foundation\\Http\\Middleware\\ConvertEmptyStringsToNull.php(31): Illuminate\\Foundation\\Http\\Middleware\\TransformsRequest->handle(Object(Illuminate\\Http\\Request), Object(Closure))
#43 C:\\xampp\\htdocs\\its-tni\\vendor\\laravel\\framework\\src\\Illuminate\\Pipeline\\Pipeline.php(180): Illuminate\\Foundation\\Http\\Middleware\\ConvertEmptyStringsToNull->handle(Object(Illuminate\\Http\\Request), Object(Closure))
#44 C:\\xampp\\htdocs\\its-tni\\vendor\\laravel\\framework\\src\\Illuminate\\Foundation\\Http\\Middleware\\TransformsRequest.php(21): Illuminate\\Pipeline\\Pipeline->Illuminate\\Pipeline\\{closure}(Object(Illuminate\\Http\\Request))
#45 C:\\xampp\\htdocs\\its-tni\\vendor\\laravel\\framework\\src\\Illuminate\\Foundation\\Http\\Middleware\\TrimStrings.php(40): Illuminate\\Foundation\\Http\\Middleware\\TransformsRequest->handle(Object(Illuminate\\Http\\Request), Object(Closure))
#46 C:\\xampp\\htdocs\\its-tni\\vendor\\laravel\\framework\\src\\Illuminate\\Pipeline\\Pipeline.php(180): Illuminate\\Foundation\\Http\\Middleware\\TrimStrings->handle(Object(Illuminate\\Http\\Request), Object(Closure))
#47 C:\\xampp\\htdocs\\its-tni\\vendor\\laravel\\framework\\src\\Illuminate\\Foundation\\Http\\Middleware\\ValidatePostSize.php(27): Illuminate\\Pipeline\\Pipeline->Illuminate\\Pipeline\\{closure}(Object(Illuminate\\Http\\Request))
#48 C:\\xampp\\htdocs\\its-tni\\vendor\\laravel\\framework\\src\\Illuminate\\Pipeline\\Pipeline.php(180): Illuminate\\Foundation\\Http\\Middleware\\ValidatePostSize->handle(Object(Illuminate\\Http\\Request), Object(Closure))
#49 C:\\xampp\\htdocs\\its-tni\\vendor\\laravel\\framework\\src\\Illuminate\\Foundation\\Http\\Middleware\\PreventRequestsDuringMaintenance.php(86): Illuminate\\Pipeline\\Pipeline->Illuminate\\Pipeline\\{closure}(Object(Illuminate\\Http\\Request))
#50 C:\\xampp\\htdocs\\its-tni\\vendor\\laravel\\framework\\src\\Illuminate\\Pipeline\\Pipeline.php(180): Illuminate\\Foundation\\Http\\Middleware\\PreventRequestsDuringMaintenance->handle(Object(Illuminate\\Http\\Request), Object(Closure))
#51 C:\\xampp\\htdocs\\its-tni\\vendor\\laravel\\framework\\src\\Illuminate\\Http\\Middleware\\HandleCors.php(49): Illuminate\\Pipeline\\Pipeline->Illuminate\\Pipeline\\{closure}(Object(Illuminate\\Http\\Request))
#52 C:\\xampp\\htdocs\\its-tni\\vendor\\laravel\\framework\\src\\Illuminate\\Pipeline\\Pipeline.php(180): Illuminate\\Http\\Middleware\\HandleCors->handle(Object(Illuminate\\Http\\Request), Object(Closure))
#53 C:\\xampp\\htdocs\\its-tni\\vendor\\laravel\\framework\\src\\Illuminate\\Http\\Middleware\\TrustProxies.php(39): Illuminate\\Pipeline\\Pipeline->Illuminate\\Pipeline\\{closure}(Object(Illuminate\\Http\\Request))
#54 C:\\xampp\\htdocs\\its-tni\\vendor\\laravel\\framework\\src\\Illuminate\\Pipeline\\Pipeline.php(180): Illuminate\\Http\\Middleware\\TrustProxies->handle(Object(Illuminate\\Http\\Request), Object(Closure))
#55 C:\\xampp\\htdocs\\its-tni\\vendor\\laravel\\framework\\src\\Illuminate\\Pipeline\\Pipeline.php(116): Illuminate\\Pipeline\\Pipeline->Illuminate\\Pipeline\\{closure}(Object(Illuminate\\Http\\Request))
#56 C:\\xampp\\htdocs\\its-tni\\vendor\\laravel\\framework\\src\\Illuminate\\Foundation\\Http\\Kernel.php(175): Illuminate\\Pipeline\\Pipeline->then(Object(Closure))
#57 C:\\xampp\\htdocs\\its-tni\\vendor\\laravel\\framework\\src\\Illuminate\\Foundation\\Http\\Kernel.php(144): Illuminate\\Foundation\\Http\\Kernel->sendRequestThroughRouter(Object(Illuminate\\Http\\Request))
#58 C:\\xampp\\htdocs\\its-tni\\public\\index.php(54): Illuminate\\Foundation\\Http\\Kernel->handle(Object(Illuminate\\Http\\Request))
#59 {main}

[previous exception] [object] (TypeError(code: 0): htmlspecialchars(): Argument #1 ($string) must be of type string, array given at C:\\xampp\\htdocs\\its-tni\\vendor\\laravel\\framework\\src\\Illuminate\\Support\\helpers.php:123)
[stacktrace]
#0 C:\\xampp\\htdocs\\its-tni\\vendor\\laravel\\framework\\src\\Illuminate\\Support\\helpers.php(123): htmlspecialchars(Array, 3, 'UTF-8', true)
#1 C:\\xampp\\htdocs\\its-tni\\storage\\framework\\views\\41fe75ee9661bacfdaec9c0a05dd1337.php(138): e(Array)
#2 C:\\xampp\\htdocs\\its-tni\\vendor\\laravel\\framework\\src\\Illuminate\\Filesystem\\Filesystem.php(123): require('C:\\\\xampp\\\\htdocs...')
#3 C:\\xampp\\htdocs\\its-tni\\vendor\\laravel\\framework\\src\\Illuminate\\Filesystem\\Filesystem.php(124): Illuminate\\Filesystem\\Filesystem::Illuminate\\Filesystem\\{closure}()
#4 C:\\xampp\\htdocs\\its-tni\\vendor\\laravel\\framework\\src\\Illuminate\\View\\Engines\\PhpEngine.php(58): Illuminate\\Filesystem\\Filesystem->getRequire('C:\\\\xampp\\\\htdocs...', Array)
#5 C:\\xampp\\htdocs\\its-tni\\vendor\\laravel\\framework\\src\\Illuminate\\View\\Engines\\CompilerEngine.php(70): Illuminate\\View\\Engines\\PhpEngine->evaluatePath('C:\\\\xampp\\\\htdocs...', Array)
#6 C:\\xampp\\htdocs\\its-tni\\vendor\\laravel\\framework\\src\\Illuminate\\View\\View.php(195): Illuminate\\View\\Engines\\CompilerEngine->get('C:\\\\xampp\\\\htdocs...', Array)
#7 C:\\xampp\\htdocs\\its-tni\\vendor\\laravel\\framework\\src\\Illuminate\\View\\View.php(178): Illuminate\\View\\View->getContents()
#8 C:\\xampp\\htdocs\\its-tni\\vendor\\laravel\\framework\\src\\Illuminate\\View\\View.php(147): Illuminate\\View\\View->renderContents()
#9 C:\\xampp\\htdocs\\its-tni\\vendor\\laravel\\framework\\src\\Illuminate\\Http\\Response.php(69): Illuminate\\View\\View->render()
#10 C:\\xampp\\htdocs\\its-tni\\vendor\\laravel\\framework\\src\\Illuminate\\Http\\Response.php(35): Illuminate\\Http\\Response->setContent(Object(Illuminate\\View\\View))
#11 C:\\xampp\\htdocs\\its-tni\\vendor\\laravel\\framework\\src\\Illuminate\\Routing\\Router.php(906): Illuminate\\Http\\Response->__construct(Object(Illuminate\\View\\View), 200, Array)
#12 C:\\xampp\\htdocs\\its-tni\\vendor\\laravel\\framework\\src\\Illuminate\\Routing\\Router.php(875): Illuminate\\Routing\\Router::toResponse(Object(Illuminate\\Http\\Request), Object(Illuminate\\View\\View))
#13 C:\\xampp\\htdocs\\its-tni\\vendor\\laravel\\framework\\src\\Illuminate\\Routing\\Router.php(797): Illuminate\\Routing\\Router->prepareResponse(Object(Illuminate\\Http\\Request), Object(Illuminate\\View\\View))
#14 C:\\xampp\\htdocs\\its-tni\\vendor\\laravel\\framework\\src\\Illuminate\\Pipeline\\Pipeline.php(141): Illuminate\\Routing\\Router->Illuminate\\Routing\\{closure}(Object(Illuminate\\Http\\Request))
#15 C:\\xampp\\htdocs\\its-tni\\app\\Http\\Middleware\\UserLimit.php(28): Illuminate\\Pipeline\\Pipeline->Illuminate\\Pipeline\\{closure}(Object(Illuminate\\Http\\Request))
#16 C:\\xampp\\htdocs\\its-tni\\vendor\\laravel\\framework\\src\\Illuminate\\Pipeline\\Pipeline.php(180): App\\Http\\Middleware\\UserLimit->handle(Object(Illuminate\\Http\\Request), Object(Closure))
#17 C:\\xampp\\htdocs\\its-tni\\app\\Http\\Middleware\\Admin.php(48): Illuminate\\Pipeline\\Pipeline->Illuminate\\Pipeline\\{closure}(Object(Illuminate\\Http\\Request))
#18 C:\\xampp\\htdocs\\its-tni\\vendor\\laravel\\framework\\src\\Illuminate\\Pipeline\\Pipeline.php(180): App\\Http\\Middleware\\Admin->handle(Object(Illuminate\\Http\\Request), Object(Closure))
#19 C:\\xampp\\htdocs\\its-tni\\vendor\\laravel\\framework\\src\\Illuminate\\Routing\\Middleware\\SubstituteBindings.php(50): Illuminate\\Pipeline\\Pipeline->Illuminate\\Pipeline\\{closure}(Object(Illuminate\\Http\\Request))
#20 C:\\xampp\\htdocs\\its-tni\\vendor\\laravel\\framework\\src\\Illuminate\\Pipeline\\Pipeline.php(180): Illuminate\\Routing\\Middleware\\SubstituteBindings->handle(Object(Illuminate\\Http\\Request), Object(Closure))
#21 C:\\xampp\\htdocs\\its-tni\\vendor\\laravel\\framework\\src\\Illuminate\\Auth\\Middleware\\Authenticate.php(45): Illuminate\\Pipeline\\Pipeline->Illuminate\\Pipeline\\{closure}(Object(Illuminate\\Http\\Request))
#22 C:\\xampp\\htdocs\\its-tni\\vendor\\laravel\\framework\\src\\Illuminate\\Pipeline\\Pipeline.php(180): Illuminate\\Auth\\Middleware\\Authenticate->handle(Object(Illuminate\\Http\\Request), Object(Closure))
#23 C:\\xampp\\htdocs\\its-tni\\vendor\\laravel\\framework\\src\\Illuminate\\Foundation\\Http\\Middleware\\VerifyCsrfToken.php(78): Illuminate\\Pipeline\\Pipeline->Illuminate\\Pipeline\\{closure}(Object(Illuminate\\Http\\Request))
#24 C:\\xampp\\htdocs\\its-tni\\vendor\\laravel\\framework\\src\\Illuminate\\Pipeline\\Pipeline.php(180): Illuminate\\Foundation\\Http\\Middleware\\VerifyCsrfToken->handle(Object(Illuminate\\Http\\Request), Object(Closure))
#25 C:\\xampp\\htdocs\\its-tni\\vendor\\laravel\\framework\\src\\Illuminate\\View\\Middleware\\ShareErrorsFromSession.php(49): Illuminate\\Pipeline\\Pipeline->Illuminate\\Pipeline\\{closure}(Object(Illuminate\\Http\\Request))
#26 C:\\xampp\\htdocs\\its-tni\\vendor\\laravel\\framework\\src\\Illuminate\\Pipeline\\Pipeline.php(180): Illuminate\\View\\Middleware\\ShareErrorsFromSession->handle(Object(Illuminate\\Http\\Request), Object(Closure))
#27 C:\\xampp\\htdocs\\its-tni\\vendor\\laravel\\framework\\src\\Illuminate\\Session\\Middleware\\StartSession.php(121): Illuminate\\Pipeline\\Pipeline->Illuminate\\Pipeline\\{closure}(Object(Illuminate\\Http\\Request))
#28 C:\\xampp\\htdocs\\its-tni\\vendor\\laravel\\framework\\src\\Illuminate\\Session\\Middleware\\StartSession.php(64): Illuminate\\Session\\Middleware\\StartSession->handleStatefulRequest(Object(Illuminate\\Http\\Request), Object(Illuminate\\Session\\Store), Object(Closure))
#29 C:\\xampp\\htdocs\\its-tni\\vendor\\laravel\\framework\\src\\Illuminate\\Pipeline\\Pipeline.php(180): Illuminate\\Session\\Middleware\\StartSession->handle(Object(Illuminate\\Http\\Request), Object(Closure))
#30 C:\\xampp\\htdocs\\its-tni\\vendor\\laravel\\framework\\src\\Illuminate\\Cookie\\Middleware\\AddQueuedCookiesToResponse.php(37): Illuminate\\Pipeline\\Pipeline->Illuminate\\Pipeline\\{closure}(Object(Illuminate\\Http\\Request))
#31 C:\\xampp\\htdocs\\its-tni\\vendor\\laravel\\framework\\src\\Illuminate\\Pipeline\\Pipeline.php(180): Illuminate\\Cookie\\Middleware\\AddQueuedCookiesToResponse->handle(Object(Illuminate\\Http\\Request), Object(Closure))
#32 C:\\xampp\\htdocs\\its-tni\\vendor\\laravel\\framework\\src\\Illuminate\\Cookie\\Middleware\\EncryptCookies.php(67): Illuminate\\Pipeline\\Pipeline->Illuminate\\Pipeline\\{closure}(Object(Illuminate\\Http\\Request))
#33 C:\\xampp\\htdocs\\its-tni\\vendor\\laravel\\framework\\src\\Illuminate\\Pipeline\\Pipeline.php(180): Illuminate\\Cookie\\Middleware\\EncryptCookies->handle(Object(Illuminate\\Http\\Request), Object(Closure))
#34 C:\\xampp\\htdocs\\its-tni\\vendor\\laravel\\framework\\src\\Illuminate\\Pipeline\\Pipeline.php(116): Illuminate\\Pipeline\\Pipeline->Illuminate\\Pipeline\\{closure}(Object(Illuminate\\Http\\Request))
#35 C:\\xampp\\htdocs\\its-tni\\vendor\\laravel\\framework\\src\\Illuminate\\Routing\\Router.php(797): Illuminate\\Pipeline\\Pipeline->then(Object(Closure))
#36 C:\\xampp\\htdocs\\its-tni\\vendor\\laravel\\framework\\src\\Illuminate\\Routing\\Router.php(776): Illuminate\\Routing\\Router->runRouteWithinStack(Object(Illuminate\\Routing\\Route), Object(Illuminate\\Http\\Request))
#37 C:\\xampp\\htdocs\\its-tni\\vendor\\laravel\\framework\\src\\Illuminate\\Routing\\Router.php(740): Illuminate\\Routing\\Router->runRoute(Object(Illuminate\\Http\\Request), Object(Illuminate\\Routing\\Route))
#38 C:\\xampp\\htdocs\\its-tni\\vendor\\laravel\\framework\\src\\Illuminate\\Routing\\Router.php(729): Illuminate\\Routing\\Router->dispatchToRoute(Object(Illuminate\\Http\\Request))
#39 C:\\xampp\\htdocs\\its-tni\\vendor\\laravel\\framework\\src\\Illuminate\\Foundation\\Http\\Kernel.php(200): Illuminate\\Routing\\Router->dispatch(Object(Illuminate\\Http\\Request))
#40 C:\\xampp\\htdocs\\its-tni\\vendor\\laravel\\framework\\src\\Illuminate\\Pipeline\\Pipeline.php(141): Illuminate\\Foundation\\Http\\Kernel->Illuminate\\Foundation\\Http\\{closure}(Object(Illuminate\\Http\\Request))
#41 C:\\xampp\\htdocs\\its-tni\\vendor\\laravel\\framework\\src\\Illuminate\\Foundation\\Http\\Middleware\\TransformsRequest.php(21): Illuminate\\Pipeline\\Pipeline->Illuminate\\Pipeline\\{closure}(Object(Illuminate\\Http\\Request))
#42 C:\\xampp\\htdocs\\its-tni\\vendor\\laravel\\framework\\src\\Illuminate\\Foundation\\Http\\Middleware\\ConvertEmptyStringsToNull.php(31): Illuminate\\Foundation\\Http\\Middleware\\TransformsRequest->handle(Object(Illuminate\\Http\\Request), Object(Closure))
#43 C:\\xampp\\htdocs\\its-tni\\vendor\\laravel\\framework\\src\\Illuminate\\Pipeline\\Pipeline.php(180): Illuminate\\Foundation\\Http\\Middleware\\ConvertEmptyStringsToNull->handle(Object(Illuminate\\Http\\Request), Object(Closure))
#44 C:\\xampp\\htdocs\\its-tni\\vendor\\laravel\\framework\\src\\Illuminate\\Foundation\\Http\\Middleware\\TransformsRequest.php(21): Illuminate\\Pipeline\\Pipeline->Illuminate\\Pipeline\\{closure}(Object(Illuminate\\Http\\Request))
#45 C:\\xampp\\htdocs\\its-tni\\vendor\\laravel\\framework\\src\\Illuminate\\Foundation\\Http\\Middleware\\TrimStrings.php(40): Illuminate\\Foundation\\Http\\Middleware\\TransformsRequest->handle(Object(Illuminate\\Http\\Request), Object(Closure))
#46 C:\\xampp\\htdocs\\its-tni\\vendor\\laravel\\framework\\src\\Illuminate\\Pipeline\\Pipeline.php(180): Illuminate\\Foundation\\Http\\Middleware\\TrimStrings->handle(Object(Illuminate\\Http\\Request), Object(Closure))
#47 C:\\xampp\\htdocs\\its-tni\\vendor\\laravel\\framework\\src\\Illuminate\\Foundation\\Http\\Middleware\\ValidatePostSize.php(27): Illuminate\\Pipeline\\Pipeline->Illuminate\\Pipeline\\{closure}(Object(Illuminate\\Http\\Request))
#48 C:\\xampp\\htdocs\\its-tni\\vendor\\laravel\\framework\\src\\Illuminate\\Pipeline\\Pipeline.php(180): Illuminate\\Foundation\\Http\\Middleware\\ValidatePostSize->handle(Object(Illuminate\\Http\\Request), Object(Closure))
#49 C:\\xampp\\htdocs\\its-tni\\vendor\\laravel\\framework\\src\\Illuminate\\Foundation\\Http\\Middleware\\PreventRequestsDuringMaintenance.php(86): Illuminate\\Pipeline\\Pipeline->Illuminate\\Pipeline\\{closure}(Object(Illuminate\\Http\\Request))
#50 C:\\xampp\\htdocs\\its-tni\\vendor\\laravel\\framework\\src\\Illuminate\\Pipeline\\Pipeline.php(180): Illuminate\\Foundation\\Http\\Middleware\\PreventRequestsDuringMaintenance->handle(Object(Illuminate\\Http\\Request), Object(Closure))
#51 C:\\xampp\\htdocs\\its-tni\\vendor\\laravel\\framework\\src\\Illuminate\\Http\\Middleware\\HandleCors.php(49): Illuminate\\Pipeline\\Pipeline->Illuminate\\Pipeline\\{closure}(Object(Illuminate\\Http\\Request))
#52 C:\\xampp\\htdocs\\its-tni\\vendor\\laravel\\framework\\src\\Illuminate\\Pipeline\\Pipeline.php(180): Illuminate\\Http\\Middleware\\HandleCors->handle(Object(Illuminate\\Http\\Request), Object(Closure))
#53 C:\\xampp\\htdocs\\its-tni\\vendor\\laravel\\framework\\src\\Illuminate\\Http\\Middleware\\TrustProxies.php(39): Illuminate\\Pipeline\\Pipeline->Illuminate\\Pipeline\\{closure}(Object(Illuminate\\Http\\Request))
#54 C:\\xampp\\htdocs\\its-tni\\vendor\\laravel\\framework\\src\\Illuminate\\Pipeline\\Pipeline.php(180): Illuminate\\Http\\Middleware\\TrustProxies->handle(Object(Illuminate\\Http\\Request), Object(Closure))
#55 C:\\xampp\\htdocs\\its-tni\\vendor\\laravel\\framework\\src\\Illuminate\\Pipeline\\Pipeline.php(116): Illuminate\\Pipeline\\Pipeline->Illuminate\\Pipeline\\{closure}(Object(Illuminate\\Http\\Request))
#56 C:\\xampp\\htdocs\\its-tni\\vendor\\laravel\\framework\\src\\Illuminate\\Foundation\\Http\\Kernel.php(175): Illuminate\\Pipeline\\Pipeline->then(Object(Closure))
#57 C:\\xampp\\htdocs\\its-tni\\vendor\\laravel\\framework\\src\\Illuminate\\Foundation\\Http\\Kernel.php(144): Illuminate\\Foundation\\Http\\Kernel->sendRequestThroughRouter(Object(Illuminate\\Http\\Request))
#58 C:\\xampp\\htdocs\\its-tni\\public\\index.php(54): Illuminate\\Foundation\\Http\\Kernel->handle(Object(Illuminate\\Http\\Request))
#59 {main}
"} 
[2024-09-07 03:20:20] local.ERROR: Undefined variable $skhir_emosi {"view":{"view":"C:\\xampp\\htdocs\\its-tni\\resources\\views\\admin\\session\\stats.blade.php","data":{"errors":"<pre class=sf-dump id=sf-dump-974154496 data-indent-pad=\"  \"><span class=sf-dump-note>Illuminate\\Support\\ViewErrorBag</span> {<a class=sf-dump-ref>#2109</a><samp data-depth=1 class=sf-dump-expanded>
  #<span class=sf-dump-protected title=\"Protected property\">bags</span>: []
</samp>}
</pre><script>Sfdump(\"sf-dump-974154496\", {\"maxDepth\":3,\"maxStringLength\":160})</script>
","row":"<pre class=sf-dump id=sf-dump-781862729 data-indent-pad=\"  \"><span class=sf-dump-note>ArrayObject</span> {<a class=sf-dump-ref>#2311</a><samp data-depth=1 class=sf-dump-expanded>
  -<span class=sf-dump-private title=\"Private property defined in class:&#10;`ArrayObject`\">storage</span>: <span class=sf-dump-note>array:17</span> [<samp data-depth=2 class=sf-dump-compact>
    \"<span class=sf-dump-key>id</span>\" => <span class=sf-dump-num>1</span>
    \"<span class=sf-dump-key>created_at</span>\" => \"<span class=sf-dump-str title=\"19 characters\">2024-03-29 17:50:06</span>\"
    \"<span class=sf-dump-key>updated_at</span>\" => \"<span class=sf-dump-str title=\"19 characters\">2024-03-29 17:50:06</span>\"
    \"<span class=sf-dump-key>student_id</span>\" => <span class=sf-dump-num>1</span>
    \"<span class=sf-dump-key>course_id</span>\" => <span class=sf-dump-num>12</span>
    \"<span class=sf-dump-key>reg_code</span>\" => <span class=sf-dump-const>null</span>
    \"<span class=sf-dump-key>completed</span>\" => <span class=sf-dump-num>1</span>
    \"<span class=sf-dump-key>user_id</span>\" => <span class=sf-dump-num>2</span>
    \"<span class=sf-dump-key>nim</span>\" => <span class=sf-dump-const>null</span>
    \"<span class=sf-dump-key>department</span>\" => <span class=sf-dump-const>null</span>
    \"<span class=sf-dump-key>mobile_number</span>\" => \"<span class=sf-dump-str title=\"11 characters\">89602910492</span>\"
    \"<span class=sf-dump-key>api_token</span>\" => <span class=sf-dump-const>null</span>
    \"<span class=sf-dump-key>token_expires</span>\" => <span class=sf-dump-const>null</span>
    \"<span class=sf-dump-key>name</span>\" => \"<span class=sf-dump-str title=\"5 characters\">sandi</span>\"
    \"<span class=sf-dump-key>last_name</span>\" => \"<span class=sf-dump-str title=\"6 characters\">komara</span>\"
    \"<span class=sf-dump-key>email</span>\" => \"<span class=sf-dump-str title=\"23 characters\">sandikomara01@gmail.com</span>\"
    \"<span class=sf-dump-key>course_name</span>\" => \"<span class=sf-dump-str title=\"24 characters\">Internet Of Things (IOT)</span>\"
  </samp>]
  <span class=sf-dump-meta>flag::STD_PROP_LIST</span>: <span class=sf-dump-const>false</span>
  <span class=sf-dump-meta>flag::ARRAY_AS_PROPS</span>: <span class=sf-dump-const>true</span>
  <span class=sf-dump-meta>iteratorClass</span>: \"<span class=sf-dump-str title=\"13 characters\">ArrayIterator</span>\"
</samp>}
</pre><script>Sfdump(\"sf-dump-781862729\", {\"maxDepth\":3,\"maxStringLength\":160})</script>
","totalLessons":"<pre class=sf-dump id=sf-dump-237002244 data-indent-pad=\"  \"><span class=sf-dump-num>6</span>
</pre><script>Sfdump(\"sf-dump-237002244\", {\"maxDepth\":3,\"maxStringLength\":160})</script>
","attended":"<pre class=sf-dump id=sf-dump-1914980100 data-indent-pad=\"  \"><span class=sf-dump-note>Laminas\\Db\\ResultSet\\ResultSet</span> {<a class=sf-dump-ref>#2252</a><samp data-depth=1 class=sf-dump-expanded>
  #<span class=sf-dump-protected title=\"Protected property\">buffer</span>: <span class=sf-dump-num>-2</span>
  #<span class=sf-dump-protected title=\"Protected property\">count</span>: <span class=sf-dump-num>3</span>
  #<span class=sf-dump-protected title=\"Protected property\">dataSource</span>: <span class=sf-dump-note title=\"Laminas\\Db\\Adapter\\Driver\\Pdo\\Result
\"><span class=\"sf-dump-ellipsis sf-dump-ellipsis-note\">Laminas\\Db\\Adapter\\Driver\\Pdo</span><span class=\"sf-dump-ellipsis sf-dump-ellipsis-note\">\\</span>Result</span> {<a class=sf-dump-ref>#2251</a><samp data-depth=2 class=sf-dump-compact>
    #<span class=sf-dump-protected title=\"Protected property\">statementMode</span>: \"<span class=sf-dump-str title=\"7 characters\">forward</span>\"
    #<span class=sf-dump-protected title=\"Protected property\">fetchMode</span>: <span class=sf-dump-num>2</span>
    #<span class=sf-dump-protected title=\"Protected property\">resource</span>: <span class=sf-dump-note>PDOStatement</span> {<a class=sf-dump-ref>#2253</a><samp data-depth=3 class=sf-dump-compact>
      +<span class=sf-dump-public title=\"Public property\">queryString</span>: \"<span class=sf-dump-str title=\"189 characters\">SELECT `attendances`.*, `lessons`.`name` AS `name` FROM `attendances` INNER JOIN `lessons` ON `attendances`.`lesson_id`=`lessons`.`id` WHERE `student_id` = :where1 AND `course_id` = :where2</span>\"
    </samp>}
    #<span class=sf-dump-protected title=\"Protected property\">options</span>: <span class=sf-dump-const>null</span>
    #<span class=sf-dump-protected title=\"Protected property\">currentComplete</span>: <span class=sf-dump-const>true</span>
    #<span class=sf-dump-protected title=\"Protected property\">currentData</span>: <span class=sf-dump-const>false</span>
    #<span class=sf-dump-protected title=\"Protected property\">position</span>: <span class=sf-dump-num>3</span>
    #<span class=sf-dump-protected title=\"Protected property\">generatedValue</span>: \"<span class=sf-dump-str>0</span>\"
    #<span class=sf-dump-protected title=\"Protected property\">rowCount</span>: <span class=sf-dump-num>3</span>
  </samp>}
  #<span class=sf-dump-protected title=\"Protected property\">fieldCount</span>: <span class=sf-dump-num>8</span>
  #<span class=sf-dump-protected title=\"Protected property\">position</span>: <span class=sf-dump-num>3</span>
  #<span class=sf-dump-protected title=\"Protected property\">allowedReturnTypes</span>: <span class=sf-dump-note>array:2</span> [<samp data-depth=2 class=sf-dump-compact>
    <span class=sf-dump-index>0</span> => \"<span class=sf-dump-str title=\"11 characters\">arrayobject</span>\"
    <span class=sf-dump-index>1</span> => \"<span class=sf-dump-str title=\"5 characters\">array</span>\"
  </samp>]
  #<span class=sf-dump-protected title=\"Protected property\">arrayObjectPrototype</span>: <span class=sf-dump-note>ArrayObject</span> {<a class=sf-dump-ref>#2246</a><samp data-depth=2 class=sf-dump-compact>
    -<span class=sf-dump-private title=\"Private property defined in class:&#10;`ArrayObject`\">storage</span>: []
    <span class=sf-dump-meta>flag::STD_PROP_LIST</span>: <span class=sf-dump-const>false</span>
    <span class=sf-dump-meta>flag::ARRAY_AS_PROPS</span>: <span class=sf-dump-const>true</span>
    <span class=sf-dump-meta>iteratorClass</span>: \"<span class=sf-dump-str title=\"13 characters\">ArrayIterator</span>\"
  </samp>}
  #<span class=sf-dump-protected title=\"Protected property\">returnType</span>: \"<span class=sf-dump-str title=\"11 characters\">arrayobject</span>\"
</samp>}
</pre><script>Sfdump(\"sf-dump-1914980100\", {\"maxDepth\":3,\"maxStringLength\":160})</script>
","percentage":"<pre class=sf-dump id=sf-dump-412303909 data-indent-pad=\"  \"><span class=sf-dump-num>50.0</span>
</pre><script>Sfdump(\"sf-dump-412303909\", {\"maxDepth\":3,\"maxStringLength\":160})</script>
","testResults":"<pre class=sf-dump id=sf-dump-2125173326 data-indent-pad=\"  \">[]
</pre><script>Sfdump(\"sf-dump-2125173326\", {\"maxDepth\":3,\"maxStringLength\":160})</script>
","pageTitle":"<pre class=sf-dump id=sf-dump-1452210873 data-indent-pad=\"  \">\"<span class=sf-dump-str title=\"28 characters\">Kemajuan Siswa: sandi komara</span>\"
</pre><script>Sfdump(\"sf-dump-1452210873\", {\"maxDepth\":3,\"maxStringLength\":160})</script>
","customCrumbs":"<pre class=sf-dump id=sf-dump-1057734756 data-indent-pad=\"  \"><span class=sf-dump-note>array:4</span> [<samp data-depth=1 class=sf-dump-expanded>
  \"<span class=sf-dump-key>http://localhost/its-tni/public/admin</span>\" => \"<span class=sf-dump-str title=\"6 characters\">Dasbor</span>\"
  \"<span class=sf-dump-key>http://localhost/its-tni/public/admin/student/sessions</span>\" => \"<span class=sf-dump-str title=\"13 characters\">Sesi &amp; Kursus</span>\"
  \"<span class=sf-dump-key>http://localhost/its-tni/public/admin/student/sessionstudents/12</span>\" => \"<span class=sf-dump-str title=\"15 characters\">Siswa Terdaftar</span>\"
  \"<span class=sf-dump-key>#</span>\" => \"<span class=sf-dump-str title=\"14 characters\">Kemajuan Siswa</span>\"
</samp>]
</pre><script>Sfdump(\"sf-dump-1057734756\", {\"maxDepth\":3,\"maxStringLength\":160})</script>
","emosi":"<pre class=sf-dump id=sf-dump-1245664429 data-indent-pad=\"  \"><span class=sf-dump-note>Illuminate\\Support\\Collection</span> {<a class=sf-dump-ref>#2356</a><samp data-depth=1 class=sf-dump-expanded>
  #<span class=sf-dump-protected title=\"Protected property\">items</span>: <span class=sf-dump-note>array:3</span> [<samp data-depth=2 class=sf-dump-compact>
    <span class=sf-dump-index>0</span> => <span class=sf-dump-note>array:13</span> [<samp data-depth=3 class=sf-dump-compact>
      \"<span class=sf-dump-key>student_id</span>\" => <span class=sf-dump-num>1</span>
      \"<span class=sf-dump-key>lecture_id</span>\" => <span class=sf-dump-num>29</span>
      \"<span class=sf-dump-key>course_name</span>\" => \"<span class=sf-dump-str title=\"24 characters\">Internet Of Things (IOT)</span>\"
      \"<span class=sf-dump-key>lama</span>\" => \"<span class=sf-dump-str title=\"7 characters\">0 Menit</span>\"
      \"<span class=sf-dump-key>name</span>\" => \"<span class=sf-dump-str title=\"5 characters\">sandi</span>\"
      \"<span class=sf-dump-key>lecture_title</span>\" => \"<span class=sf-dump-str title=\"25 characters\">Pengenalan IOT Kinestetik</span>\"
      \"<span class=sf-dump-key>emotion</span>\" => \"<span class=sf-dump-str title=\"139 characters\">neutral: 89.72%; happy: 0.00%; sad: 0.00%; angry: 0.00%; fearful: 0.00%; disgusted: 0.00%; surprised: 10.28%; yawning: 0.00%; sleepy: 0.00%</span>\"
      \"<span class=sf-dump-key>emotion_encode</span>\" => <span class=sf-dump-note>array:9</span> [ &#8230;9]
      \"<span class=sf-dump-key>average</span>\" => \"<span class=sf-dump-str title=\"6 characters\">11.11%</span>\"
      \"<span class=sf-dump-key>highestEmotion</span>\" => \"<span class=sf-dump-str title=\"16 characters\">Neutral (89.72%)</span>\"
      \"<span class=sf-dump-key>yawnPercentage</span>\" => \"<span class=sf-dump-str title=\"5 characters\">0.00%</span>\"
      \"<span class=sf-dump-key>sleepyPercentage</span>\" => \"<span class=sf-dump-str title=\"5 characters\">0.00%</span>\"
      \"<span class=sf-dump-key>combinedSleepyYawnPercentage</span>\" => \"<span class=sf-dump-str title=\"5 characters\">0.00%</span>\"
    </samp>]
    <span class=sf-dump-index>1</span> => <span class=sf-dump-note>array:13</span> [<samp data-depth=3 class=sf-dump-compact>
      \"<span class=sf-dump-key>student_id</span>\" => <span class=sf-dump-num>1</span>
      \"<span class=sf-dump-key>lecture_id</span>\" => <span class=sf-dump-num>31</span>
      \"<span class=sf-dump-key>course_name</span>\" => \"<span class=sf-dump-str title=\"24 characters\">Internet Of Things (IOT)</span>\"
      \"<span class=sf-dump-key>lama</span>\" => \"<span class=sf-dump-str title=\"7 characters\">0 Menit</span>\"
      \"<span class=sf-dump-key>name</span>\" => \"<span class=sf-dump-str title=\"5 characters\">sandi</span>\"
      \"<span class=sf-dump-key>lecture_title</span>\" => \"<span class=sf-dump-str title=\"26 characters\">Monitoring Suhu Kinestetik</span>\"
      \"<span class=sf-dump-key>emotion</span>\" => \"<span class=sf-dump-str title=\"138 characters\">neutral: 99.89%; happy: 0.00%; sad: 0.00%; angry: 0.00%; fearful: 0.00%; disgusted: 0.00%; surprised: 0.11%; yawning: 0.00%; sleepy: 0.00%</span>\"
      \"<span class=sf-dump-key>emotion_encode</span>\" => <span class=sf-dump-note>array:9</span> [ &#8230;9]
      \"<span class=sf-dump-key>average</span>\" => \"<span class=sf-dump-str title=\"6 characters\">11.11%</span>\"
      \"<span class=sf-dump-key>highestEmotion</span>\" => \"<span class=sf-dump-str title=\"16 characters\">Neutral (99.89%)</span>\"
      \"<span class=sf-dump-key>yawnPercentage</span>\" => \"<span class=sf-dump-str title=\"5 characters\">0.00%</span>\"
      \"<span class=sf-dump-key>sleepyPercentage</span>\" => \"<span class=sf-dump-str title=\"5 characters\">0.00%</span>\"
      \"<span class=sf-dump-key>combinedSleepyYawnPercentage</span>\" => \"<span class=sf-dump-str title=\"5 characters\">0.00%</span>\"
    </samp>]
    <span class=sf-dump-index>2</span> => <span class=sf-dump-note>array:13</span> [<samp data-depth=3 class=sf-dump-compact>
      \"<span class=sf-dump-key>student_id</span>\" => <span class=sf-dump-num>1</span>
      \"<span class=sf-dump-key>lecture_id</span>\" => <span class=sf-dump-num>40</span>
      \"<span class=sf-dump-key>course_name</span>\" => \"<span class=sf-dump-str title=\"24 characters\">Internet Of Things (IOT)</span>\"
      \"<span class=sf-dump-key>lama</span>\" => \"<span class=sf-dump-str title=\"7 characters\">0 Menit</span>\"
      \"<span class=sf-dump-key>name</span>\" => \"<span class=sf-dump-str title=\"5 characters\">sandi</span>\"
      \"<span class=sf-dump-key>lecture_title</span>\" => \"<span class=sf-dump-str title=\"17 characters\">Kontrol LED Blynk</span>\"
      \"<span class=sf-dump-key>emotion</span>\" => \"<span class=sf-dump-str title=\"138 characters\">neutral: 89.85%; happy: 0.00%; sad: 9.86%; angry: 0.00%; fearful: 0.00%; disgusted: 0.00%; surprised: 0.29%; yawning: 0.00%; sleepy: 0.00%</span>\"
      \"<span class=sf-dump-key>emotion_encode</span>\" => <span class=sf-dump-note>array:9</span> [ &#8230;9]
      \"<span class=sf-dump-key>average</span>\" => \"<span class=sf-dump-str title=\"6 characters\">11.11%</span>\"
      \"<span class=sf-dump-key>highestEmotion</span>\" => \"<span class=sf-dump-str title=\"16 characters\">Neutral (89.85%)</span>\"
      \"<span class=sf-dump-key>yawnPercentage</span>\" => \"<span class=sf-dump-str title=\"5 characters\">0.00%</span>\"
      \"<span class=sf-dump-key>sleepyPercentage</span>\" => \"<span class=sf-dump-str title=\"5 characters\">0.00%</span>\"
      \"<span class=sf-dump-key>combinedSleepyYawnPercentage</span>\" => \"<span class=sf-dump-str title=\"5 characters\">0.00%</span>\"
    </samp>]
  </samp>]
  #<span class=sf-dump-protected title=\"Protected property\">escapeWhenCastingToString</span>: <span class=sf-dump-const>false</span>
</samp>}
</pre><script>Sfdump(\"sf-dump-1245664429\", {\"maxDepth\":3,\"maxStringLength\":160})</script>
","akhir_emosi":"<pre class=sf-dump id=sf-dump-1165620535 data-indent-pad=\"  \"><span class=sf-dump-note>array:4</span> [<samp data-depth=1 class=sf-dump-expanded>
  \"<span class=sf-dump-key>emotion_averages</span>\" => <span class=sf-dump-note>array:9</span> [<samp data-depth=2 class=sf-dump-compact>
    \"<span class=sf-dump-key>neutral</span>\" => <span class=sf-dump-num>93.153333333333</span>
    \"<span class=sf-dump-key>happy</span>\" => <span class=sf-dump-num>0.0</span>
    \"<span class=sf-dump-key>sad</span>\" => <span class=sf-dump-num>3.2866666666667</span>
    \"<span class=sf-dump-key>angry</span>\" => <span class=sf-dump-num>0.0</span>
    \"<span class=sf-dump-key>fearful</span>\" => <span class=sf-dump-num>0.0</span>
    \"<span class=sf-dump-key>disgusted</span>\" => <span class=sf-dump-num>0.0</span>
    \"<span class=sf-dump-key>surprised</span>\" => <span class=sf-dump-num>3.56</span>
    \"<span class=sf-dump-key>yawning</span>\" => <span class=sf-dump-num>0.0</span>
    \"<span class=sf-dump-key>sleepy</span>\" => <span class=sf-dump-num>0.0</span>
  </samp>]
  \"<span class=sf-dump-key>highest_emotion</span>\" => \"<span class=sf-dump-str title=\"7 characters\">neutral</span>\"
  \"<span class=sf-dump-key>highest_percentage</span>\" => <span class=sf-dump-num>93.153333333333</span>
  \"<span class=sf-dump-key>sleepy_percentage</span>\" => <span class=sf-dump-num>0.0</span>
</samp>]
</pre><script>Sfdump(\"sf-dump-1165620535\", {\"maxDepth\":3,\"maxStringLength\":160})</script>
","userLayout":"<pre class=sf-dump id=sf-dump-962224699 data-indent-pad=\"  \">\"<span class=sf-dump-str title=\"13 characters\">layouts.admin</span>\"
</pre><script>Sfdump(\"sf-dump-962224699\", {\"maxDepth\":3,\"maxStringLength\":160})</script>
"}},"userId":1,"exception":"[object] (Spatie\\LaravelIgnition\\Exceptions\\ViewException(code: 0): Undefined variable $skhir_emosi at C:\\xampp\\htdocs\\its-tni\\resources\\views\\admin\\session\\stats.blade.php:140)
[stacktrace]
#0 C:\\xampp\\htdocs\\its-tni\\vendor\\laravel\\framework\\src\\Illuminate\\Foundation\\Bootstrap\\HandleExceptions.php(250): Illuminate\\Foundation\\Bootstrap\\HandleExceptions->handleError(2, 'Undefined varia...', 'C:\\\\xampp\\\\htdocs...', 140)
#1 C:\\xampp\\htdocs\\its-tni\\resources\\views\\admin\\session\\stats.blade.php(140): Illuminate\\Foundation\\Bootstrap\\HandleExceptions->Illuminate\\Foundation\\Bootstrap\\{closure}(2, 'Undefined varia...', 'C:\\\\xampp\\\\htdocs...', 140)
#2 C:\\xampp\\htdocs\\its-tni\\vendor\\laravel\\framework\\src\\Illuminate\\Filesystem\\Filesystem.php(123): require('C:\\\\xampp\\\\htdocs...')
#3 C:\\xampp\\htdocs\\its-tni\\vendor\\laravel\\framework\\src\\Illuminate\\Filesystem\\Filesystem.php(124): Illuminate\\Filesystem\\Filesystem::Illuminate\\Filesystem\\{closure}()
#4 C:\\xampp\\htdocs\\its-tni\\vendor\\laravel\\framework\\src\\Illuminate\\View\\Engines\\PhpEngine.php(58): Illuminate\\Filesystem\\Filesystem->getRequire('C:\\\\xampp\\\\htdocs...', Array)
#5 C:\\xampp\\htdocs\\its-tni\\vendor\\laravel\\framework\\src\\Illuminate\\View\\Engines\\CompilerEngine.php(70): Illuminate\\View\\Engines\\PhpEngine->evaluatePath('C:\\\\xampp\\\\htdocs...', Array)
#6 C:\\xampp\\htdocs\\its-tni\\vendor\\laravel\\framework\\src\\Illuminate\\View\\View.php(195): Illuminate\\View\\Engines\\CompilerEngine->get('C:\\\\xampp\\\\htdocs...', Array)
#7 C:\\xampp\\htdocs\\its-tni\\vendor\\laravel\\framework\\src\\Illuminate\\View\\View.php(178): Illuminate\\View\\View->getContents()
#8 C:\\xampp\\htdocs\\its-tni\\vendor\\laravel\\framework\\src\\Illuminate\\View\\View.php(147): Illuminate\\View\\View->renderContents()
#9 C:\\xampp\\htdocs\\its-tni\\vendor\\laravel\\framework\\src\\Illuminate\\Http\\Response.php(69): Illuminate\\View\\View->render()
#10 C:\\xampp\\htdocs\\its-tni\\vendor\\laravel\\framework\\src\\Illuminate\\Http\\Response.php(35): Illuminate\\Http\\Response->setContent(Object(Illuminate\\View\\View))
#11 C:\\xampp\\htdocs\\its-tni\\vendor\\laravel\\framework\\src\\Illuminate\\Routing\\Router.php(906): Illuminate\\Http\\Response->__construct(Object(Illuminate\\View\\View), 200, Array)
#12 C:\\xampp\\htdocs\\its-tni\\vendor\\laravel\\framework\\src\\Illuminate\\Routing\\Router.php(875): Illuminate\\Routing\\Router::toResponse(Object(Illuminate\\Http\\Request), Object(Illuminate\\View\\View))
#13 C:\\xampp\\htdocs\\its-tni\\vendor\\laravel\\framework\\src\\Illuminate\\Routing\\Router.php(797): Illuminate\\Routing\\Router->prepareResponse(Object(Illuminate\\Http\\Request), Object(Illuminate\\View\\View))
#14 C:\\xampp\\htdocs\\its-tni\\vendor\\laravel\\framework\\src\\Illuminate\\Pipeline\\Pipeline.php(141): Illuminate\\Routing\\Router->Illuminate\\Routing\\{closure}(Object(Illuminate\\Http\\Request))
#15 C:\\xampp\\htdocs\\its-tni\\app\\Http\\Middleware\\UserLimit.php(28): Illuminate\\Pipeline\\Pipeline->Illuminate\\Pipeline\\{closure}(Object(Illuminate\\Http\\Request))
#16 C:\\xampp\\htdocs\\its-tni\\vendor\\laravel\\framework\\src\\Illuminate\\Pipeline\\Pipeline.php(180): App\\Http\\Middleware\\UserLimit->handle(Object(Illuminate\\Http\\Request), Object(Closure))
#17 C:\\xampp\\htdocs\\its-tni\\app\\Http\\Middleware\\Admin.php(48): Illuminate\\Pipeline\\Pipeline->Illuminate\\Pipeline\\{closure}(Object(Illuminate\\Http\\Request))
#18 C:\\xampp\\htdocs\\its-tni\\vendor\\laravel\\framework\\src\\Illuminate\\Pipeline\\Pipeline.php(180): App\\Http\\Middleware\\Admin->handle(Object(Illuminate\\Http\\Request), Object(Closure))
#19 C:\\xampp\\htdocs\\its-tni\\vendor\\laravel\\framework\\src\\Illuminate\\Routing\\Middleware\\SubstituteBindings.php(50): Illuminate\\Pipeline\\Pipeline->Illuminate\\Pipeline\\{closure}(Object(Illuminate\\Http\\Request))
#20 C:\\xampp\\htdocs\\its-tni\\vendor\\laravel\\framework\\src\\Illuminate\\Pipeline\\Pipeline.php(180): Illuminate\\Routing\\Middleware\\SubstituteBindings->handle(Object(Illuminate\\Http\\Request), Object(Closure))
#21 C:\\xampp\\htdocs\\its-tni\\vendor\\laravel\\framework\\src\\Illuminate\\Auth\\Middleware\\Authenticate.php(45): Illuminate\\Pipeline\\Pipeline->Illuminate\\Pipeline\\{closure}(Object(Illuminate\\Http\\Request))
#22 C:\\xampp\\htdocs\\its-tni\\vendor\\laravel\\framework\\src\\Illuminate\\Pipeline\\Pipeline.php(180): Illuminate\\Auth\\Middleware\\Authenticate->handle(Object(Illuminate\\Http\\Request), Object(Closure))
#23 C:\\xampp\\htdocs\\its-tni\\vendor\\laravel\\framework\\src\\Illuminate\\Foundation\\Http\\Middleware\\VerifyCsrfToken.php(78): Illuminate\\Pipeline\\Pipeline->Illuminate\\Pipeline\\{closure}(Object(Illuminate\\Http\\Request))
#24 C:\\xampp\\htdocs\\its-tni\\vendor\\laravel\\framework\\src\\Illuminate\\Pipeline\\Pipeline.php(180): Illuminate\\Foundation\\Http\\Middleware\\VerifyCsrfToken->handle(Object(Illuminate\\Http\\Request), Object(Closure))
#25 C:\\xampp\\htdocs\\its-tni\\vendor\\laravel\\framework\\src\\Illuminate\\View\\Middleware\\ShareErrorsFromSession.php(49): Illuminate\\Pipeline\\Pipeline->Illuminate\\Pipeline\\{closure}(Object(Illuminate\\Http\\Request))
#26 C:\\xampp\\htdocs\\its-tni\\vendor\\laravel\\framework\\src\\Illuminate\\Pipeline\\Pipeline.php(180): Illuminate\\View\\Middleware\\ShareErrorsFromSession->handle(Object(Illuminate\\Http\\Request), Object(Closure))
#27 C:\\xampp\\htdocs\\its-tni\\vendor\\laravel\\framework\\src\\Illuminate\\Session\\Middleware\\StartSession.php(121): Illuminate\\Pipeline\\Pipeline->Illuminate\\Pipeline\\{closure}(Object(Illuminate\\Http\\Request))
#28 C:\\xampp\\htdocs\\its-tni\\vendor\\laravel\\framework\\src\\Illuminate\\Session\\Middleware\\StartSession.php(64): Illuminate\\Session\\Middleware\\StartSession->handleStatefulRequest(Object(Illuminate\\Http\\Request), Object(Illuminate\\Session\\Store), Object(Closure))
#29 C:\\xampp\\htdocs\\its-tni\\vendor\\laravel\\framework\\src\\Illuminate\\Pipeline\\Pipeline.php(180): Illuminate\\Session\\Middleware\\StartSession->handle(Object(Illuminate\\Http\\Request), Object(Closure))
#30 C:\\xampp\\htdocs\\its-tni\\vendor\\laravel\\framework\\src\\Illuminate\\Cookie\\Middleware\\AddQueuedCookiesToResponse.php(37): Illuminate\\Pipeline\\Pipeline->Illuminate\\Pipeline\\{closure}(Object(Illuminate\\Http\\Request))
#31 C:\\xampp\\htdocs\\its-tni\\vendor\\laravel\\framework\\src\\Illuminate\\Pipeline\\Pipeline.php(180): Illuminate\\Cookie\\Middleware\\AddQueuedCookiesToResponse->handle(Object(Illuminate\\Http\\Request), Object(Closure))
#32 C:\\xampp\\htdocs\\its-tni\\vendor\\laravel\\framework\\src\\Illuminate\\Cookie\\Middleware\\EncryptCookies.php(67): Illuminate\\Pipeline\\Pipeline->Illuminate\\Pipeline\\{closure}(Object(Illuminate\\Http\\Request))
#33 C:\\xampp\\htdocs\\its-tni\\vendor\\laravel\\framework\\src\\Illuminate\\Pipeline\\Pipeline.php(180): Illuminate\\Cookie\\Middleware\\EncryptCookies->handle(Object(Illuminate\\Http\\Request), Object(Closure))
#34 C:\\xampp\\htdocs\\its-tni\\vendor\\laravel\\framework\\src\\Illuminate\\Pipeline\\Pipeline.php(116): Illuminate\\Pipeline\\Pipeline->Illuminate\\Pipeline\\{closure}(Object(Illuminate\\Http\\Request))
#35 C:\\xampp\\htdocs\\its-tni\\vendor\\laravel\\framework\\src\\Illuminate\\Routing\\Router.php(797): Illuminate\\Pipeline\\Pipeline->then(Object(Closure))
#36 C:\\xampp\\htdocs\\its-tni\\vendor\\laravel\\framework\\src\\Illuminate\\Routing\\Router.php(776): Illuminate\\Routing\\Router->runRouteWithinStack(Object(Illuminate\\Routing\\Route), Object(Illuminate\\Http\\Request))
#37 C:\\xampp\\htdocs\\its-tni\\vendor\\laravel\\framework\\src\\Illuminate\\Routing\\Router.php(740): Illuminate\\Routing\\Router->runRoute(Object(Illuminate\\Http\\Request), Object(Illuminate\\Routing\\Route))
#38 C:\\xampp\\htdocs\\its-tni\\vendor\\laravel\\framework\\src\\Illuminate\\Routing\\Router.php(729): Illuminate\\Routing\\Router->dispatchToRoute(Object(Illuminate\\Http\\Request))
#39 C:\\xampp\\htdocs\\its-tni\\vendor\\laravel\\framework\\src\\Illuminate\\Foundation\\Http\\Kernel.php(200): Illuminate\\Routing\\Router->dispatch(Object(Illuminate\\Http\\Request))
#40 C:\\xampp\\htdocs\\its-tni\\vendor\\laravel\\framework\\src\\Illuminate\\Pipeline\\Pipeline.php(141): Illuminate\\Foundation\\Http\\Kernel->Illuminate\\Foundation\\Http\\{closure}(Object(Illuminate\\Http\\Request))
#41 C:\\xampp\\htdocs\\its-tni\\vendor\\laravel\\framework\\src\\Illuminate\\Foundation\\Http\\Middleware\\TransformsRequest.php(21): Illuminate\\Pipeline\\Pipeline->Illuminate\\Pipeline\\{closure}(Object(Illuminate\\Http\\Request))
#42 C:\\xampp\\htdocs\\its-tni\\vendor\\laravel\\framework\\src\\Illuminate\\Foundation\\Http\\Middleware\\ConvertEmptyStringsToNull.php(31): Illuminate\\Foundation\\Http\\Middleware\\TransformsRequest->handle(Object(Illuminate\\Http\\Request), Object(Closure))
#43 C:\\xampp\\htdocs\\its-tni\\vendor\\laravel\\framework\\src\\Illuminate\\Pipeline\\Pipeline.php(180): Illuminate\\Foundation\\Http\\Middleware\\ConvertEmptyStringsToNull->handle(Object(Illuminate\\Http\\Request), Object(Closure))
#44 C:\\xampp\\htdocs\\its-tni\\vendor\\laravel\\framework\\src\\Illuminate\\Foundation\\Http\\Middleware\\TransformsRequest.php(21): Illuminate\\Pipeline\\Pipeline->Illuminate\\Pipeline\\{closure}(Object(Illuminate\\Http\\Request))
#45 C:\\xampp\\htdocs\\its-tni\\vendor\\laravel\\framework\\src\\Illuminate\\Foundation\\Http\\Middleware\\TrimStrings.php(40): Illuminate\\Foundation\\Http\\Middleware\\TransformsRequest->handle(Object(Illuminate\\Http\\Request), Object(Closure))
#46 C:\\xampp\\htdocs\\its-tni\\vendor\\laravel\\framework\\src\\Illuminate\\Pipeline\\Pipeline.php(180): Illuminate\\Foundation\\Http\\Middleware\\TrimStrings->handle(Object(Illuminate\\Http\\Request), Object(Closure))
#47 C:\\xampp\\htdocs\\its-tni\\vendor\\laravel\\framework\\src\\Illuminate\\Foundation\\Http\\Middleware\\ValidatePostSize.php(27): Illuminate\\Pipeline\\Pipeline->Illuminate\\Pipeline\\{closure}(Object(Illuminate\\Http\\Request))
#48 C:\\xampp\\htdocs\\its-tni\\vendor\\laravel\\framework\\src\\Illuminate\\Pipeline\\Pipeline.php(180): Illuminate\\Foundation\\Http\\Middleware\\ValidatePostSize->handle(Object(Illuminate\\Http\\Request), Object(Closure))
#49 C:\\xampp\\htdocs\\its-tni\\vendor\\laravel\\framework\\src\\Illuminate\\Foundation\\Http\\Middleware\\PreventRequestsDuringMaintenance.php(86): Illuminate\\Pipeline\\Pipeline->Illuminate\\Pipeline\\{closure}(Object(Illuminate\\Http\\Request))
#50 C:\\xampp\\htdocs\\its-tni\\vendor\\laravel\\framework\\src\\Illuminate\\Pipeline\\Pipeline.php(180): Illuminate\\Foundation\\Http\\Middleware\\PreventRequestsDuringMaintenance->handle(Object(Illuminate\\Http\\Request), Object(Closure))
#51 C:\\xampp\\htdocs\\its-tni\\vendor\\laravel\\framework\\src\\Illuminate\\Http\\Middleware\\HandleCors.php(49): Illuminate\\Pipeline\\Pipeline->Illuminate\\Pipeline\\{closure}(Object(Illuminate\\Http\\Request))
#52 C:\\xampp\\htdocs\\its-tni\\vendor\\laravel\\framework\\src\\Illuminate\\Pipeline\\Pipeline.php(180): Illuminate\\Http\\Middleware\\HandleCors->handle(Object(Illuminate\\Http\\Request), Object(Closure))
#53 C:\\xampp\\htdocs\\its-tni\\vendor\\laravel\\framework\\src\\Illuminate\\Http\\Middleware\\TrustProxies.php(39): Illuminate\\Pipeline\\Pipeline->Illuminate\\Pipeline\\{closure}(Object(Illuminate\\Http\\Request))
#54 C:\\xampp\\htdocs\\its-tni\\vendor\\laravel\\framework\\src\\Illuminate\\Pipeline\\Pipeline.php(180): Illuminate\\Http\\Middleware\\TrustProxies->handle(Object(Illuminate\\Http\\Request), Object(Closure))
#55 C:\\xampp\\htdocs\\its-tni\\vendor\\laravel\\framework\\src\\Illuminate\\Pipeline\\Pipeline.php(116): Illuminate\\Pipeline\\Pipeline->Illuminate\\Pipeline\\{closure}(Object(Illuminate\\Http\\Request))
#56 C:\\xampp\\htdocs\\its-tni\\vendor\\laravel\\framework\\src\\Illuminate\\Foundation\\Http\\Kernel.php(175): Illuminate\\Pipeline\\Pipeline->then(Object(Closure))
#57 C:\\xampp\\htdocs\\its-tni\\vendor\\laravel\\framework\\src\\Illuminate\\Foundation\\Http\\Kernel.php(144): Illuminate\\Foundation\\Http\\Kernel->sendRequestThroughRouter(Object(Illuminate\\Http\\Request))
#58 C:\\xampp\\htdocs\\its-tni\\public\\index.php(54): Illuminate\\Foundation\\Http\\Kernel->handle(Object(Illuminate\\Http\\Request))
#59 {main}

[previous exception] [object] (ErrorException(code: 0): Undefined variable $skhir_emosi at C:\\xampp\\htdocs\\its-tni\\storage\\framework\\views\\41fe75ee9661bacfdaec9c0a05dd1337.php:140)
[stacktrace]
#0 C:\\xampp\\htdocs\\its-tni\\vendor\\laravel\\framework\\src\\Illuminate\\Foundation\\Bootstrap\\HandleExceptions.php(250): Illuminate\\Foundation\\Bootstrap\\HandleExceptions->handleError(2, 'Undefined varia...', 'C:\\\\xampp\\\\htdocs...', 140)
#1 C:\\xampp\\htdocs\\its-tni\\storage\\framework\\views\\41fe75ee9661bacfdaec9c0a05dd1337.php(140): Illuminate\\Foundation\\Bootstrap\\HandleExceptions->Illuminate\\Foundation\\Bootstrap\\{closure}(2, 'Undefined varia...', 'C:\\\\xampp\\\\htdocs...', 140)
#2 C:\\xampp\\htdocs\\its-tni\\vendor\\laravel\\framework\\src\\Illuminate\\Filesystem\\Filesystem.php(123): require('C:\\\\xampp\\\\htdocs...')
#3 C:\\xampp\\htdocs\\its-tni\\vendor\\laravel\\framework\\src\\Illuminate\\Filesystem\\Filesystem.php(124): Illuminate\\Filesystem\\Filesystem::Illuminate\\Filesystem\\{closure}()
#4 C:\\xampp\\htdocs\\its-tni\\vendor\\laravel\\framework\\src\\Illuminate\\View\\Engines\\PhpEngine.php(58): Illuminate\\Filesystem\\Filesystem->getRequire('C:\\\\xampp\\\\htdocs...', Array)
#5 C:\\xampp\\htdocs\\its-tni\\vendor\\laravel\\framework\\src\\Illuminate\\View\\Engines\\CompilerEngine.php(70): Illuminate\\View\\Engines\\PhpEngine->evaluatePath('C:\\\\xampp\\\\htdocs...', Array)
#6 C:\\xampp\\htdocs\\its-tni\\vendor\\laravel\\framework\\src\\Illuminate\\View\\View.php(195): Illuminate\\View\\Engines\\CompilerEngine->get('C:\\\\xampp\\\\htdocs...', Array)
#7 C:\\xampp\\htdocs\\its-tni\\vendor\\laravel\\framework\\src\\Illuminate\\View\\View.php(178): Illuminate\\View\\View->getContents()
#8 C:\\xampp\\htdocs\\its-tni\\vendor\\laravel\\framework\\src\\Illuminate\\View\\View.php(147): Illuminate\\View\\View->renderContents()
#9 C:\\xampp\\htdocs\\its-tni\\vendor\\laravel\\framework\\src\\Illuminate\\Http\\Response.php(69): Illuminate\\View\\View->render()
#10 C:\\xampp\\htdocs\\its-tni\\vendor\\laravel\\framework\\src\\Illuminate\\Http\\Response.php(35): Illuminate\\Http\\Response->setContent(Object(Illuminate\\View\\View))
#11 C:\\xampp\\htdocs\\its-tni\\vendor\\laravel\\framework\\src\\Illuminate\\Routing\\Router.php(906): Illuminate\\Http\\Response->__construct(Object(Illuminate\\View\\View), 200, Array)
#12 C:\\xampp\\htdocs\\its-tni\\vendor\\laravel\\framework\\src\\Illuminate\\Routing\\Router.php(875): Illuminate\\Routing\\Router::toResponse(Object(Illuminate\\Http\\Request), Object(Illuminate\\View\\View))
#13 C:\\xampp\\htdocs\\its-tni\\vendor\\laravel\\framework\\src\\Illuminate\\Routing\\Router.php(797): Illuminate\\Routing\\Router->prepareResponse(Object(Illuminate\\Http\\Request), Object(Illuminate\\View\\View))
#14 C:\\xampp\\htdocs\\its-tni\\vendor\\laravel\\framework\\src\\Illuminate\\Pipeline\\Pipeline.php(141): Illuminate\\Routing\\Router->Illuminate\\Routing\\{closure}(Object(Illuminate\\Http\\Request))
#15 C:\\xampp\\htdocs\\its-tni\\app\\Http\\Middleware\\UserLimit.php(28): Illuminate\\Pipeline\\Pipeline->Illuminate\\Pipeline\\{closure}(Object(Illuminate\\Http\\Request))
#16 C:\\xampp\\htdocs\\its-tni\\vendor\\laravel\\framework\\src\\Illuminate\\Pipeline\\Pipeline.php(180): App\\Http\\Middleware\\UserLimit->handle(Object(Illuminate\\Http\\Request), Object(Closure))
#17 C:\\xampp\\htdocs\\its-tni\\app\\Http\\Middleware\\Admin.php(48): Illuminate\\Pipeline\\Pipeline->Illuminate\\Pipeline\\{closure}(Object(Illuminate\\Http\\Request))
#18 C:\\xampp\\htdocs\\its-tni\\vendor\\laravel\\framework\\src\\Illuminate\\Pipeline\\Pipeline.php(180): App\\Http\\Middleware\\Admin->handle(Object(Illuminate\\Http\\Request), Object(Closure))
#19 C:\\xampp\\htdocs\\its-tni\\vendor\\laravel\\framework\\src\\Illuminate\\Routing\\Middleware\\SubstituteBindings.php(50): Illuminate\\Pipeline\\Pipeline->Illuminate\\Pipeline\\{closure}(Object(Illuminate\\Http\\Request))
#20 C:\\xampp\\htdocs\\its-tni\\vendor\\laravel\\framework\\src\\Illuminate\\Pipeline\\Pipeline.php(180): Illuminate\\Routing\\Middleware\\SubstituteBindings->handle(Object(Illuminate\\Http\\Request), Object(Closure))
#21 C:\\xampp\\htdocs\\its-tni\\vendor\\laravel\\framework\\src\\Illuminate\\Auth\\Middleware\\Authenticate.php(45): Illuminate\\Pipeline\\Pipeline->Illuminate\\Pipeline\\{closure}(Object(Illuminate\\Http\\Request))
#22 C:\\xampp\\htdocs\\its-tni\\vendor\\laravel\\framework\\src\\Illuminate\\Pipeline\\Pipeline.php(180): Illuminate\\Auth\\Middleware\\Authenticate->handle(Object(Illuminate\\Http\\Request), Object(Closure))
#23 C:\\xampp\\htdocs\\its-tni\\vendor\\laravel\\framework\\src\\Illuminate\\Foundation\\Http\\Middleware\\VerifyCsrfToken.php(78): Illuminate\\Pipeline\\Pipeline->Illuminate\\Pipeline\\{closure}(Object(Illuminate\\Http\\Request))
#24 C:\\xampp\\htdocs\\its-tni\\vendor\\laravel\\framework\\src\\Illuminate\\Pipeline\\Pipeline.php(180): Illuminate\\Foundation\\Http\\Middleware\\VerifyCsrfToken->handle(Object(Illuminate\\Http\\Request), Object(Closure))
#25 C:\\xampp\\htdocs\\its-tni\\vendor\\laravel\\framework\\src\\Illuminate\\View\\Middleware\\ShareErrorsFromSession.php(49): Illuminate\\Pipeline\\Pipeline->Illuminate\\Pipeline\\{closure}(Object(Illuminate\\Http\\Request))
#26 C:\\xampp\\htdocs\\its-tni\\vendor\\laravel\\framework\\src\\Illuminate\\Pipeline\\Pipeline.php(180): Illuminate\\View\\Middleware\\ShareErrorsFromSession->handle(Object(Illuminate\\Http\\Request), Object(Closure))
#27 C:\\xampp\\htdocs\\its-tni\\vendor\\laravel\\framework\\src\\Illuminate\\Session\\Middleware\\StartSession.php(121): Illuminate\\Pipeline\\Pipeline->Illuminate\\Pipeline\\{closure}(Object(Illuminate\\Http\\Request))
#28 C:\\xampp\\htdocs\\its-tni\\vendor\\laravel\\framework\\src\\Illuminate\\Session\\Middleware\\StartSession.php(64): Illuminate\\Session\\Middleware\\StartSession->handleStatefulRequest(Object(Illuminate\\Http\\Request), Object(Illuminate\\Session\\Store), Object(Closure))
#29 C:\\xampp\\htdocs\\its-tni\\vendor\\laravel\\framework\\src\\Illuminate\\Pipeline\\Pipeline.php(180): Illuminate\\Session\\Middleware\\StartSession->handle(Object(Illuminate\\Http\\Request), Object(Closure))
#30 C:\\xampp\\htdocs\\its-tni\\vendor\\laravel\\framework\\src\\Illuminate\\Cookie\\Middleware\\AddQueuedCookiesToResponse.php(37): Illuminate\\Pipeline\\Pipeline->Illuminate\\Pipeline\\{closure}(Object(Illuminate\\Http\\Request))
#31 C:\\xampp\\htdocs\\its-tni\\vendor\\laravel\\framework\\src\\Illuminate\\Pipeline\\Pipeline.php(180): Illuminate\\Cookie\\Middleware\\AddQueuedCookiesToResponse->handle(Object(Illuminate\\Http\\Request), Object(Closure))
#32 C:\\xampp\\htdocs\\its-tni\\vendor\\laravel\\framework\\src\\Illuminate\\Cookie\\Middleware\\EncryptCookies.php(67): Illuminate\\Pipeline\\Pipeline->Illuminate\\Pipeline\\{closure}(Object(Illuminate\\Http\\Request))
#33 C:\\xampp\\htdocs\\its-tni\\vendor\\laravel\\framework\\src\\Illuminate\\Pipeline\\Pipeline.php(180): Illuminate\\Cookie\\Middleware\\EncryptCookies->handle(Object(Illuminate\\Http\\Request), Object(Closure))
#34 C:\\xampp\\htdocs\\its-tni\\vendor\\laravel\\framework\\src\\Illuminate\\Pipeline\\Pipeline.php(116): Illuminate\\Pipeline\\Pipeline->Illuminate\\Pipeline\\{closure}(Object(Illuminate\\Http\\Request))
#35 C:\\xampp\\htdocs\\its-tni\\vendor\\laravel\\framework\\src\\Illuminate\\Routing\\Router.php(797): Illuminate\\Pipeline\\Pipeline->then(Object(Closure))
#36 C:\\xampp\\htdocs\\its-tni\\vendor\\laravel\\framework\\src\\Illuminate\\Routing\\Router.php(776): Illuminate\\Routing\\Router->runRouteWithinStack(Object(Illuminate\\Routing\\Route), Object(Illuminate\\Http\\Request))
#37 C:\\xampp\\htdocs\\its-tni\\vendor\\laravel\\framework\\src\\Illuminate\\Routing\\Router.php(740): Illuminate\\Routing\\Router->runRoute(Object(Illuminate\\Http\\Request), Object(Illuminate\\Routing\\Route))
#38 C:\\xampp\\htdocs\\its-tni\\vendor\\laravel\\framework\\src\\Illuminate\\Routing\\Router.php(729): Illuminate\\Routing\\Router->dispatchToRoute(Object(Illuminate\\Http\\Request))
#39 C:\\xampp\\htdocs\\its-tni\\vendor\\laravel\\framework\\src\\Illuminate\\Foundation\\Http\\Kernel.php(200): Illuminate\\Routing\\Router->dispatch(Object(Illuminate\\Http\\Request))
#40 C:\\xampp\\htdocs\\its-tni\\vendor\\laravel\\framework\\src\\Illuminate\\Pipeline\\Pipeline.php(141): Illuminate\\Foundation\\Http\\Kernel->Illuminate\\Foundation\\Http\\{closure}(Object(Illuminate\\Http\\Request))
#41 C:\\xampp\\htdocs\\its-tni\\vendor\\laravel\\framework\\src\\Illuminate\\Foundation\\Http\\Middleware\\TransformsRequest.php(21): Illuminate\\Pipeline\\Pipeline->Illuminate\\Pipeline\\{closure}(Object(Illuminate\\Http\\Request))
#42 C:\\xampp\\htdocs\\its-tni\\vendor\\laravel\\framework\\src\\Illuminate\\Foundation\\Http\\Middleware\\ConvertEmptyStringsToNull.php(31): Illuminate\\Foundation\\Http\\Middleware\\TransformsRequest->handle(Object(Illuminate\\Http\\Request), Object(Closure))
#43 C:\\xampp\\htdocs\\its-tni\\vendor\\laravel\\framework\\src\\Illuminate\\Pipeline\\Pipeline.php(180): Illuminate\\Foundation\\Http\\Middleware\\ConvertEmptyStringsToNull->handle(Object(Illuminate\\Http\\Request), Object(Closure))
#44 C:\\xampp\\htdocs\\its-tni\\vendor\\laravel\\framework\\src\\Illuminate\\Foundation\\Http\\Middleware\\TransformsRequest.php(21): Illuminate\\Pipeline\\Pipeline->Illuminate\\Pipeline\\{closure}(Object(Illuminate\\Http\\Request))
#45 C:\\xampp\\htdocs\\its-tni\\vendor\\laravel\\framework\\src\\Illuminate\\Foundation\\Http\\Middleware\\TrimStrings.php(40): Illuminate\\Foundation\\Http\\Middleware\\TransformsRequest->handle(Object(Illuminate\\Http\\Request), Object(Closure))
#46 C:\\xampp\\htdocs\\its-tni\\vendor\\laravel\\framework\\src\\Illuminate\\Pipeline\\Pipeline.php(180): Illuminate\\Foundation\\Http\\Middleware\\TrimStrings->handle(Object(Illuminate\\Http\\Request), Object(Closure))
#47 C:\\xampp\\htdocs\\its-tni\\vendor\\laravel\\framework\\src\\Illuminate\\Foundation\\Http\\Middleware\\ValidatePostSize.php(27): Illuminate\\Pipeline\\Pipeline->Illuminate\\Pipeline\\{closure}(Object(Illuminate\\Http\\Request))
#48 C:\\xampp\\htdocs\\its-tni\\vendor\\laravel\\framework\\src\\Illuminate\\Pipeline\\Pipeline.php(180): Illuminate\\Foundation\\Http\\Middleware\\ValidatePostSize->handle(Object(Illuminate\\Http\\Request), Object(Closure))
#49 C:\\xampp\\htdocs\\its-tni\\vendor\\laravel\\framework\\src\\Illuminate\\Foundation\\Http\\Middleware\\PreventRequestsDuringMaintenance.php(86): Illuminate\\Pipeline\\Pipeline->Illuminate\\Pipeline\\{closure}(Object(Illuminate\\Http\\Request))
#50 C:\\xampp\\htdocs\\its-tni\\vendor\\laravel\\framework\\src\\Illuminate\\Pipeline\\Pipeline.php(180): Illuminate\\Foundation\\Http\\Middleware\\PreventRequestsDuringMaintenance->handle(Object(Illuminate\\Http\\Request), Object(Closure))
#51 C:\\xampp\\htdocs\\its-tni\\vendor\\laravel\\framework\\src\\Illuminate\\Http\\Middleware\\HandleCors.php(49): Illuminate\\Pipeline\\Pipeline->Illuminate\\Pipeline\\{closure}(Object(Illuminate\\Http\\Request))
#52 C:\\xampp\\htdocs\\its-tni\\vendor\\laravel\\framework\\src\\Illuminate\\Pipeline\\Pipeline.php(180): Illuminate\\Http\\Middleware\\HandleCors->handle(Object(Illuminate\\Http\\Request), Object(Closure))
#53 C:\\xampp\\htdocs\\its-tni\\vendor\\laravel\\framework\\src\\Illuminate\\Http\\Middleware\\TrustProxies.php(39): Illuminate\\Pipeline\\Pipeline->Illuminate\\Pipeline\\{closure}(Object(Illuminate\\Http\\Request))
#54 C:\\xampp\\htdocs\\its-tni\\vendor\\laravel\\framework\\src\\Illuminate\\Pipeline\\Pipeline.php(180): Illuminate\\Http\\Middleware\\TrustProxies->handle(Object(Illuminate\\Http\\Request), Object(Closure))
#55 C:\\xampp\\htdocs\\its-tni\\vendor\\laravel\\framework\\src\\Illuminate\\Pipeline\\Pipeline.php(116): Illuminate\\Pipeline\\Pipeline->Illuminate\\Pipeline\\{closure}(Object(Illuminate\\Http\\Request))
#56 C:\\xampp\\htdocs\\its-tni\\vendor\\laravel\\framework\\src\\Illuminate\\Foundation\\Http\\Kernel.php(175): Illuminate\\Pipeline\\Pipeline->then(Object(Closure))
#57 C:\\xampp\\htdocs\\its-tni\\vendor\\laravel\\framework\\src\\Illuminate\\Foundation\\Http\\Kernel.php(144): Illuminate\\Foundation\\Http\\Kernel->sendRequestThroughRouter(Object(Illuminate\\Http\\Request))
#58 C:\\xampp\\htdocs\\its-tni\\public\\index.php(54): Illuminate\\Foundation\\Http\\Kernel->handle(Object(Illuminate\\Http\\Request))
#59 {main}
"} 
