[2024-07-12 01:03:49] local.ERROR: Undefined variable $materi {"view":{"view":"C:\\xampp\\htdocs\\its-tni\\resources\\views\\student\\course\\class.blade.php","data":{"errors":"<pre class=sf-dump id=sf-dump-1227260610 data-indent-pad=\"  \"><span class=sf-dump-note>Illuminate\\Support\\ViewErrorBag</span> {<a class=sf-dump-ref>#1988</a><samp data-depth=1 class=sf-dump-expanded>
  #<span class=sf-dump-protected title=\"Protected property\">bags</span>: []
</samp>}
</pre><script>Sfdump(\"sf-dump-1227260610\", {\"maxDepth\":3,\"maxStringLength\":160})</script>
","pageTitle":"<pre class=sf-dump id=sf-dump-1499546235 data-indent-pad=\"  \">\"<span class=sf-dump-str title=\"29 characters\">Kelas : Pengenalan IOT Visual</span>\"
</pre><script>Sfdump(\"sf-dump-1499546235\", {\"maxDepth\":3,\"maxStringLength\":160})</script>
","lectures":"<pre class=sf-dump id=sf-dump-561265534 data-indent-pad=\"  \"><span class=sf-dump-note>Laminas\\Db\\ResultSet\\ResultSet</span> {<a class=sf-dump-ref>#2066</a><samp data-depth=1 class=sf-dump-expanded>
  #<span class=sf-dump-protected title=\"Protected property\">buffer</span>: []
  #<span class=sf-dump-protected title=\"Protected property\">count</span>: <span class=sf-dump-const>null</span>
  #<span class=sf-dump-protected title=\"Protected property\">dataSource</span>: <span class=sf-dump-note title=\"Laminas\\Db\\Adapter\\Driver\\Pdo\\Result
\"><span class=\"sf-dump-ellipsis sf-dump-ellipsis-note\">Laminas\\Db\\Adapter\\Driver\\Pdo</span><span class=\"sf-dump-ellipsis sf-dump-ellipsis-note\">\\</span>Result</span> {<a class=sf-dump-ref>#2065</a><samp data-depth=2 class=sf-dump-compact>
    #<span class=sf-dump-protected title=\"Protected property\">statementMode</span>: \"<span class=sf-dump-str title=\"7 characters\">forward</span>\"
    #<span class=sf-dump-protected title=\"Protected property\">fetchMode</span>: <span class=sf-dump-num>2</span>
    #<span class=sf-dump-protected title=\"Protected property\">resource</span>: <span class=sf-dump-note>PDOStatement</span> {<a class=sf-dump-ref>#2067</a><samp data-depth=3 class=sf-dump-compact>
      +<span class=sf-dump-public title=\"Public property\">queryString</span>: \"<span class=sf-dump-str title=\"89 characters\">SELECT `lectures`.* FROM `lectures` WHERE `lesson_id` = :where1 ORDER BY `sort_order` ASC</span>\"
    </samp>}
    #<span class=sf-dump-protected title=\"Protected property\">options</span>: <span class=sf-dump-const>null</span>
    #<span class=sf-dump-protected title=\"Protected property\">currentComplete</span>: <span class=sf-dump-const>true</span>
    #<span class=sf-dump-protected title=\"Protected property\">currentData</span>: <span class=sf-dump-const>false</span>
    #<span class=sf-dump-protected title=\"Protected property\">position</span>: <span class=sf-dump-num>0</span>
    #<span class=sf-dump-protected title=\"Protected property\">generatedValue</span>: \"<span class=sf-dump-str>0</span>\"
    #<span class=sf-dump-protected title=\"Protected property\">rowCount</span>: <span class=sf-dump-const>null</span>
  </samp>}
  #<span class=sf-dump-protected title=\"Protected property\">fieldCount</span>: <span class=sf-dump-num>6</span>
  #<span class=sf-dump-protected title=\"Protected property\">position</span>: <span class=sf-dump-num>0</span>
  #<span class=sf-dump-protected title=\"Protected property\">allowedReturnTypes</span>: <span class=sf-dump-note>array:2</span> [<samp data-depth=2 class=sf-dump-compact>
    <span class=sf-dump-index>0</span> => \"<span class=sf-dump-str title=\"11 characters\">arrayobject</span>\"
    <span class=sf-dump-index>1</span> => \"<span class=sf-dump-str title=\"5 characters\">array</span>\"
  </samp>]
  #<span class=sf-dump-protected title=\"Protected property\">arrayObjectPrototype</span>: <span class=sf-dump-note>ArrayObject</span> {<a class=sf-dump-ref>#2060</a><samp data-depth=2 class=sf-dump-compact>
    -<span class=sf-dump-private title=\"Private property defined in class:&#10;`ArrayObject`\">storage</span>: []
    <span class=sf-dump-meta>flag::STD_PROP_LIST</span>: <span class=sf-dump-const>false</span>
    <span class=sf-dump-meta>flag::ARRAY_AS_PROPS</span>: <span class=sf-dump-const>true</span>
    <span class=sf-dump-meta>iteratorClass</span>: \"<span class=sf-dump-str title=\"13 characters\">ArrayIterator</span>\"
  </samp>}
  #<span class=sf-dump-protected title=\"Protected property\">returnType</span>: \"<span class=sf-dump-str title=\"11 characters\">arrayobject</span>\"
</samp>}
</pre><script>Sfdump(\"sf-dump-561265534\", {\"maxDepth\":3,\"maxStringLength\":160})</script>
","lectureTable":"<pre class=sf-dump id=sf-dump-1577416755 data-indent-pad=\"  \"><span class=sf-dump-note>App\\V2\\Model\\LectureTable</span> {<a class=sf-dump-ref>#2032</a><samp data-depth=1 class=sf-dump-expanded>
  #<span class=sf-dump-protected title=\"Protected property\">tableName</span>: \"<span class=sf-dump-str title=\"8 characters\">lectures</span>\"
  +<span class=sf-dump-public title=\"Public property\">tableGateway</span>: <span class=sf-dump-note title=\"Laminas\\Db\\TableGateway\\TableGateway
\"><span class=\"sf-dump-ellipsis sf-dump-ellipsis-note\">Laminas\\Db\\TableGateway</span><span class=\"sf-dump-ellipsis sf-dump-ellipsis-note\">\\</span>TableGateway</span> {<a class=sf-dump-ref href=#sf-dump-1577416755-ref22031 title=\"2 occurrences\">#2031</a><samp data-depth=2 id=sf-dump-1577416755-ref22031 class=sf-dump-compact>
    #<span class=sf-dump-protected title=\"Protected property\">isInitialized</span>: <span class=sf-dump-const>true</span>
    #<span class=sf-dump-protected title=\"Protected property\">adapter</span>: <span class=sf-dump-note title=\"Laminas\\Db\\Adapter\\Adapter
\"><span class=\"sf-dump-ellipsis sf-dump-ellipsis-note\">Laminas\\Db\\Adapter</span><span class=\"sf-dump-ellipsis sf-dump-ellipsis-note\">\\</span>Adapter</span> {<a class=sf-dump-ref href=#sf-dump-1577416755-ref22001 title=\"4 occurrences\">#2001</a><samp data-depth=3 id=sf-dump-1577416755-ref22001 class=sf-dump-compact>
      #<span class=sf-dump-protected title=\"Protected property\">driver</span>: <span class=sf-dump-note title=\"Laminas\\Db\\Adapter\\Driver\\Pdo\\Pdo
\"><span class=\"sf-dump-ellipsis sf-dump-ellipsis-note\">Laminas\\Db\\Adapter\\Driver\\Pdo</span><span class=\"sf-dump-ellipsis sf-dump-ellipsis-note\">\\</span>Pdo</span> {<a class=sf-dump-ref href=#sf-dump-1577416755-ref22015 title=\"4 occurrences\">#2015</a> &#8230;5}
      #<span class=sf-dump-protected title=\"Protected property\">platform</span>: <span class=sf-dump-note title=\"Laminas\\Db\\Adapter\\Platform\\Mysql
\"><span class=\"sf-dump-ellipsis sf-dump-ellipsis-note\">Laminas\\Db\\Adapter\\Platform</span><span class=\"sf-dump-ellipsis sf-dump-ellipsis-note\">\\</span>Mysql</span> {<a class=sf-dump-ref href=#sf-dump-1577416755-ref22026 title=\"2 occurrences\">#2026</a> &#8230;5}
      #<span class=sf-dump-protected title=\"Protected property\">profiler</span>: <span class=sf-dump-const>null</span>
      #<span class=sf-dump-protected title=\"Protected property\">queryResultSetPrototype</span>: <span class=sf-dump-note title=\"Laminas\\Db\\ResultSet\\ResultSet
\"><span class=\"sf-dump-ellipsis sf-dump-ellipsis-note\">Laminas\\Db\\ResultSet</span><span class=\"sf-dump-ellipsis sf-dump-ellipsis-note\">\\</span>ResultSet</span> {<a class=sf-dump-ref>#2029</a> &#8230;8}
      #<span class=sf-dump-protected title=\"Protected property\">lastPreparedStatement</span>: <span class=sf-dump-const>null</span>
    </samp>}
    #<span class=sf-dump-protected title=\"Protected property\">table</span>: \"<span class=sf-dump-str title=\"8 characters\">lectures</span>\"
    #<span class=sf-dump-protected title=\"Protected property\">columns</span>: []
    #<span class=sf-dump-protected title=\"Protected property\">featureSet</span>: <span class=sf-dump-note title=\"Laminas\\Db\\TableGateway\\Feature\\FeatureSet
\"><span class=\"sf-dump-ellipsis sf-dump-ellipsis-note\">Laminas\\Db\\TableGateway\\Feature</span><span class=\"sf-dump-ellipsis sf-dump-ellipsis-note\">\\</span>FeatureSet</span> {<a class=sf-dump-ref>#2033</a><samp data-depth=3 class=sf-dump-compact>
      #<span class=sf-dump-protected title=\"Protected property\">tableGateway</span>: <span class=sf-dump-note title=\"Laminas\\Db\\TableGateway\\TableGateway
\"><span class=\"sf-dump-ellipsis sf-dump-ellipsis-note\">Laminas\\Db\\TableGateway</span><span class=\"sf-dump-ellipsis sf-dump-ellipsis-note\">\\</span>TableGateway</span> {<a class=sf-dump-ref href=#sf-dump-1577416755-ref22031 title=\"2 occurrences\">#2031</a>}
      #<span class=sf-dump-protected title=\"Protected property\">features</span>: []
      #<span class=sf-dump-protected title=\"Protected property\">magicSpecifications</span>: []
    </samp>}
    #<span class=sf-dump-protected title=\"Protected property\">resultSetPrototype</span>: <span class=sf-dump-note title=\"Laminas\\Db\\ResultSet\\ResultSet
\"><span class=\"sf-dump-ellipsis sf-dump-ellipsis-note\">Laminas\\Db\\ResultSet</span><span class=\"sf-dump-ellipsis sf-dump-ellipsis-note\">\\</span>ResultSet</span> {<a class=sf-dump-ref>#2059</a><samp data-depth=3 class=sf-dump-compact>
      #<span class=sf-dump-protected title=\"Protected property\">buffer</span>: <span class=sf-dump-const>null</span>
      #<span class=sf-dump-protected title=\"Protected property\">count</span>: <span class=sf-dump-const>null</span>
      #<span class=sf-dump-protected title=\"Protected property\">dataSource</span>: <span class=sf-dump-const>null</span>
      #<span class=sf-dump-protected title=\"Protected property\">fieldCount</span>: <span class=sf-dump-const>null</span>
      #<span class=sf-dump-protected title=\"Protected property\">position</span>: <span class=sf-dump-num>0</span>
      #<span class=sf-dump-protected title=\"Protected property\">allowedReturnTypes</span>: <span class=sf-dump-note>array:2</span> [ &#8230;2]
      #<span class=sf-dump-protected title=\"Protected property\">arrayObjectPrototype</span>: <span class=sf-dump-note>ArrayObject</span> {<a class=sf-dump-ref>#2060</a> &#8230;4}
      #<span class=sf-dump-protected title=\"Protected property\">returnType</span>: \"<span class=sf-dump-str title=\"11 characters\">arrayobject</span>\"
    </samp>}
    #<span class=sf-dump-protected title=\"Protected property\">sql</span>: <span class=sf-dump-note title=\"Laminas\\Db\\Sql\\Sql
\"><span class=\"sf-dump-ellipsis sf-dump-ellipsis-note\">Laminas\\Db\\Sql</span><span class=\"sf-dump-ellipsis sf-dump-ellipsis-note\">\\</span>Sql</span> {<a class=sf-dump-ref>#2061</a><samp data-depth=3 class=sf-dump-compact>
      #<span class=sf-dump-protected title=\"Protected property\">adapter</span>: <span class=sf-dump-note title=\"Laminas\\Db\\Adapter\\Adapter
\"><span class=\"sf-dump-ellipsis sf-dump-ellipsis-note\">Laminas\\Db\\Adapter</span><span class=\"sf-dump-ellipsis sf-dump-ellipsis-note\">\\</span>Adapter</span> {<a class=sf-dump-ref href=#sf-dump-1577416755-ref22001 title=\"4 occurrences\">#2001</a>}
      #<span class=sf-dump-protected title=\"Protected property\">table</span>: \"<span class=sf-dump-str title=\"8 characters\">lectures</span>\"
      #<span class=sf-dump-protected title=\"Protected property\">sqlPlatform</span>: <span class=sf-dump-note title=\"Laminas\\Db\\Sql\\Platform\\Platform
\"><span class=\"sf-dump-ellipsis sf-dump-ellipsis-note\">Laminas\\Db\\Sql\\Platform</span><span class=\"sf-dump-ellipsis sf-dump-ellipsis-note\">\\</span>Platform</span> {<a class=sf-dump-ref>#2062</a> &#8230;4}
    </samp>}
    #<span class=sf-dump-protected title=\"Protected property\">lastInsertValue</span>: <span class=sf-dump-const>null</span>
  </samp>}
  #<span class=sf-dump-protected title=\"Protected property\">serviceLocator</span>: <span class=sf-dump-note title=\"Laminas\\ServiceManager\\ServiceManager
\"><span class=\"sf-dump-ellipsis sf-dump-ellipsis-note\">Laminas\\ServiceManager</span><span class=\"sf-dump-ellipsis sf-dump-ellipsis-note\">\\</span>ServiceManager</span> {<a class=sf-dump-ref href=#sf-dump-1577416755-ref21222 title=\"2 occurrences\">#1222</a><samp data-depth=2 id=sf-dump-1577416755-ref21222 class=sf-dump-compact>
    #<span class=sf-dump-protected title=\"Protected property\">abstractFactories</span>: []
    #<span class=sf-dump-protected title=\"Protected property\">aliases</span>: []
    #<span class=sf-dump-protected title=\"Protected property\">allowOverride</span>: <span class=sf-dump-const>false</span>
    #<span class=sf-dump-protected title=\"Protected property\">creationContext</span>: <span class=sf-dump-note title=\"Laminas\\ServiceManager\\ServiceManager
\"><span class=\"sf-dump-ellipsis sf-dump-ellipsis-note\">Laminas\\ServiceManager</span><span class=\"sf-dump-ellipsis sf-dump-ellipsis-note\">\\</span>ServiceManager</span> {<a class=sf-dump-ref href=#sf-dump-1577416755-ref21222 title=\"2 occurrences\">#1222</a>}
    #<span class=sf-dump-protected title=\"Protected property\">delegators</span>: []
    #<span class=sf-dump-protected title=\"Protected property\">factories</span>: <span class=sf-dump-note>array:1</span> [<samp data-depth=3 class=sf-dump-compact>
      \"<span class=sf-dump-key>Laminas\\Db\\Adapter\\Adapter</span>\" => <span class=sf-dump-note>Closure($sm)</span> {<a class=sf-dump-ref>#1223</a> &#8230;3}
    </samp>]
    #<span class=sf-dump-protected title=\"Protected property\">initializers</span>: []
    #<span class=sf-dump-protected title=\"Protected property\">lazyServices</span>: []
    -<span class=sf-dump-private title=\"Private property defined in class:&#10;`Laminas\\ServiceManager\\ServiceManager`\">lazyServicesDelegator</span>: <span class=sf-dump-const>null</span>
    #<span class=sf-dump-protected title=\"Protected property\">services</span>: <span class=sf-dump-note>array:1</span> [<samp data-depth=3 class=sf-dump-compact>
      \"<span class=sf-dump-key>Laminas\\Db\\Adapter\\Adapter</span>\" => <span class=sf-dump-note title=\"Laminas\\Db\\Adapter\\Adapter
\"><span class=\"sf-dump-ellipsis sf-dump-ellipsis-note\">Laminas\\Db\\Adapter</span><span class=\"sf-dump-ellipsis sf-dump-ellipsis-note\">\\</span>Adapter</span> {<a class=sf-dump-ref href=#sf-dump-1577416755-ref22001 title=\"4 occurrences\">#2001</a>}
    </samp>]
    #<span class=sf-dump-protected title=\"Protected property\">shared</span>: []
    #<span class=sf-dump-protected title=\"Protected property\">sharedByDefault</span>: <span class=sf-dump-const>true</span>
    #<span class=sf-dump-protected title=\"Protected property\">configured</span>: <span class=sf-dump-const>true</span>
    -<span class=sf-dump-private title=\"Private property defined in class:&#10;`Laminas\\ServiceManager\\ServiceManager`\">cachedAbstractFactories</span>: []
  </samp>}
  #<span class=sf-dump-protected title=\"Protected property\">primary</span>: \"<span class=sf-dump-str title=\"2 characters\">id</span>\"
  #<span class=sf-dump-protected title=\"Protected property\">adapter</span>: <span class=sf-dump-note title=\"Laminas\\Db\\Adapter\\Adapter
\"><span class=\"sf-dump-ellipsis sf-dump-ellipsis-note\">Laminas\\Db\\Adapter</span><span class=\"sf-dump-ellipsis sf-dump-ellipsis-note\">\\</span>Adapter</span> {<a class=sf-dump-ref href=#sf-dump-1577416755-ref22001 title=\"4 occurrences\">#2001</a>}
  #<span class=sf-dump-protected title=\"Protected property\">inputFilter</span>: <span class=sf-dump-const>null</span>
  +<span class=sf-dump-public title=\"Public property\">db</span>: <span class=sf-dump-const>null</span>
  +<span class=sf-dump-public title=\"Public property\">config</span>: <span class=sf-dump-const>null</span>
  +<span class=sf-dump-public title=\"Public property\">cache</span>: <span class=sf-dump-const>null</span>
  #<span class=sf-dump-protected title=\"Protected property\">accountId</span>: <span class=sf-dump-const>false</span>
  #<span class=sf-dump-protected title=\"Protected property\">prefix</span>: \"\"
  #<span class=sf-dump-protected title=\"Protected property\">timeStamp</span>: <span class=sf-dump-const>true</span>
</samp>}
</pre><script>Sfdump(\"sf-dump-1577416755\", {\"maxDepth\":3,\"maxStringLength\":160})</script>
","classRow":"<pre class=sf-dump id=sf-dump-433633958 data-indent-pad=\"  \"><span class=sf-dump-note>ArrayObject</span> {<a class=sf-dump-ref>#2058</a><samp data-depth=1 class=sf-dump-expanded>
  -<span class=sf-dump-private title=\"Private property defined in class:&#10;`ArrayObject`\">storage</span>: <span class=sf-dump-note>array:13</span> [<samp data-depth=2 class=sf-dump-compact>
    \"<span class=sf-dump-key>id</span>\" => <span class=sf-dump-num>24</span>
    \"<span class=sf-dump-key>created_at</span>\" => \"<span class=sf-dump-str title=\"19 characters\">2024-07-11 08:52:30</span>\"
    \"<span class=sf-dump-key>updated_at</span>\" => \"<span class=sf-dump-str title=\"19 characters\">2024-07-11 08:52:30</span>\"
    \"<span class=sf-dump-key>name</span>\" => \"<span class=sf-dump-str title=\"21 characters\">Pengenalan IOT Visual</span>\"
    \"<span class=sf-dump-key>admin_id</span>\" => <span class=sf-dump-num>2</span>
    \"<span class=sf-dump-key>picture</span>\" => <span class=sf-dump-const>null</span>
    \"<span class=sf-dump-key>description</span>\" => \"<span class=sf-dump-str title=\"89 characters\">&lt;p&gt;Ini adalah materi pengenalan IOT dengan menggunakan pendekatan gaya belajar Visual&lt;/p&gt;</span>\"
    \"<span class=sf-dump-key>sort_order</span>\" => <span class=sf-dump-const>null</span>
    \"<span class=sf-dump-key>test_required</span>\" => <span class=sf-dump-const>null</span>
    \"<span class=sf-dump-key>test_id</span>\" => <span class=sf-dump-const>null</span>
    \"<span class=sf-dump-key>type</span>\" => \"<span class=sf-dump-str>c</span>\"
    \"<span class=sf-dump-key>introduction</span>\" => \"<span class=sf-dump-str title=\"109 characters\">&lt;p&gt;Pengantar untuk pengenalan materi Internet Of Things dengan menggunakan pendekatan gaya belajar visual&lt;/p&gt;</span>\"
    \"<span class=sf-dump-key>enforce_lecture_order</span>\" => <span class=sf-dump-num>1</span>
  </samp>]
  <span class=sf-dump-meta>flag::STD_PROP_LIST</span>: <span class=sf-dump-const>false</span>
  <span class=sf-dump-meta>flag::ARRAY_AS_PROPS</span>: <span class=sf-dump-const>true</span>
  <span class=sf-dump-meta>iteratorClass</span>: \"<span class=sf-dump-str title=\"13 characters\">ArrayIterator</span>\"
</samp>}
</pre><script>Sfdump(\"sf-dump-433633958\", {\"maxDepth\":3,\"maxStringLength\":160})</script>
","downloads":"<pre class=sf-dump id=sf-dump-1888742840 data-indent-pad=\"  \"><span class=sf-dump-note>Laminas\\Db\\ResultSet\\ResultSet</span> {<a class=sf-dump-ref>#2131</a><samp data-depth=1 class=sf-dump-expanded>
  #<span class=sf-dump-protected title=\"Protected property\">buffer</span>: []
  #<span class=sf-dump-protected title=\"Protected property\">count</span>: <span class=sf-dump-const>null</span>
  #<span class=sf-dump-protected title=\"Protected property\">dataSource</span>: <span class=sf-dump-note title=\"Laminas\\Db\\Adapter\\Driver\\Pdo\\Result
\"><span class=\"sf-dump-ellipsis sf-dump-ellipsis-note\">Laminas\\Db\\Adapter\\Driver\\Pdo</span><span class=\"sf-dump-ellipsis sf-dump-ellipsis-note\">\\</span>Result</span> {<a class=sf-dump-ref>#2130</a><samp data-depth=2 class=sf-dump-compact>
    #<span class=sf-dump-protected title=\"Protected property\">statementMode</span>: \"<span class=sf-dump-str title=\"7 characters\">forward</span>\"
    #<span class=sf-dump-protected title=\"Protected property\">fetchMode</span>: <span class=sf-dump-num>2</span>
    #<span class=sf-dump-protected title=\"Protected property\">resource</span>: <span class=sf-dump-note>PDOStatement</span> {<a class=sf-dump-ref>#2132</a><samp data-depth=3 class=sf-dump-compact>
      +<span class=sf-dump-public title=\"Public property\">queryString</span>: \"<span class=sf-dump-str title=\"90 characters\">SELECT `lesson_files`.* FROM `lesson_files` WHERE `lesson_id` = :where1 ORDER BY `id` DESC</span>\"
    </samp>}
    #<span class=sf-dump-protected title=\"Protected property\">options</span>: <span class=sf-dump-const>null</span>
    #<span class=sf-dump-protected title=\"Protected property\">currentComplete</span>: <span class=sf-dump-const>true</span>
    #<span class=sf-dump-protected title=\"Protected property\">currentData</span>: <span class=sf-dump-const>false</span>
    #<span class=sf-dump-protected title=\"Protected property\">position</span>: <span class=sf-dump-num>0</span>
    #<span class=sf-dump-protected title=\"Protected property\">generatedValue</span>: \"<span class=sf-dump-str>0</span>\"
    #<span class=sf-dump-protected title=\"Protected property\">rowCount</span>: <span class=sf-dump-const>null</span>
  </samp>}
  #<span class=sf-dump-protected title=\"Protected property\">fieldCount</span>: <span class=sf-dump-num>6</span>
  #<span class=sf-dump-protected title=\"Protected property\">position</span>: <span class=sf-dump-num>0</span>
  #<span class=sf-dump-protected title=\"Protected property\">allowedReturnTypes</span>: <span class=sf-dump-note>array:2</span> [<samp data-depth=2 class=sf-dump-compact>
    <span class=sf-dump-index>0</span> => \"<span class=sf-dump-str title=\"11 characters\">arrayobject</span>\"
    <span class=sf-dump-index>1</span> => \"<span class=sf-dump-str title=\"5 characters\">array</span>\"
  </samp>]
  #<span class=sf-dump-protected title=\"Protected property\">arrayObjectPrototype</span>: <span class=sf-dump-note>ArrayObject</span> {<a class=sf-dump-ref>#2098</a><samp data-depth=2 class=sf-dump-compact>
    -<span class=sf-dump-private title=\"Private property defined in class:&#10;`ArrayObject`\">storage</span>: []
    <span class=sf-dump-meta>flag::STD_PROP_LIST</span>: <span class=sf-dump-const>false</span>
    <span class=sf-dump-meta>flag::ARRAY_AS_PROPS</span>: <span class=sf-dump-const>true</span>
    <span class=sf-dump-meta>iteratorClass</span>: \"<span class=sf-dump-str title=\"13 characters\">ArrayIterator</span>\"
  </samp>}
  #<span class=sf-dump-protected title=\"Protected property\">returnType</span>: \"<span class=sf-dump-str title=\"11 characters\">arrayobject</span>\"
</samp>}
</pre><script>Sfdump(\"sf-dump-1888742840\", {\"maxDepth\":3,\"maxStringLength\":160})</script>
","fileTable":"<pre class=sf-dump id=sf-dump-682431159 data-indent-pad=\"  \"><span class=sf-dump-note>App\\V2\\Model\\LessonFileTable</span> {<a class=sf-dump-ref>#2121</a><samp data-depth=1 class=sf-dump-expanded>
  #<span class=sf-dump-protected title=\"Protected property\">tableName</span>: \"<span class=sf-dump-str title=\"12 characters\">lesson_files</span>\"
  +<span class=sf-dump-public title=\"Public property\">tableGateway</span>: <span class=sf-dump-note title=\"Laminas\\Db\\TableGateway\\TableGateway
\"><span class=\"sf-dump-ellipsis sf-dump-ellipsis-note\">Laminas\\Db\\TableGateway</span><span class=\"sf-dump-ellipsis sf-dump-ellipsis-note\">\\</span>TableGateway</span> {<a class=sf-dump-ref href=#sf-dump-682431159-ref22116 title=\"2 occurrences\">#2116</a><samp data-depth=2 id=sf-dump-682431159-ref22116 class=sf-dump-compact>
    #<span class=sf-dump-protected title=\"Protected property\">isInitialized</span>: <span class=sf-dump-const>true</span>
    #<span class=sf-dump-protected title=\"Protected property\">adapter</span>: <span class=sf-dump-note title=\"Laminas\\Db\\Adapter\\Adapter
\"><span class=\"sf-dump-ellipsis sf-dump-ellipsis-note\">Laminas\\Db\\Adapter</span><span class=\"sf-dump-ellipsis sf-dump-ellipsis-note\">\\</span>Adapter</span> {<a class=sf-dump-ref href=#sf-dump-682431159-ref22001 title=\"4 occurrences\">#2001</a><samp data-depth=3 id=sf-dump-682431159-ref22001 class=sf-dump-compact>
      #<span class=sf-dump-protected title=\"Protected property\">driver</span>: <span class=sf-dump-note title=\"Laminas\\Db\\Adapter\\Driver\\Pdo\\Pdo
\"><span class=\"sf-dump-ellipsis sf-dump-ellipsis-note\">Laminas\\Db\\Adapter\\Driver\\Pdo</span><span class=\"sf-dump-ellipsis sf-dump-ellipsis-note\">\\</span>Pdo</span> {<a class=sf-dump-ref href=#sf-dump-682431159-ref22015 title=\"4 occurrences\">#2015</a> &#8230;5}
      #<span class=sf-dump-protected title=\"Protected property\">platform</span>: <span class=sf-dump-note title=\"Laminas\\Db\\Adapter\\Platform\\Mysql
\"><span class=\"sf-dump-ellipsis sf-dump-ellipsis-note\">Laminas\\Db\\Adapter\\Platform</span><span class=\"sf-dump-ellipsis sf-dump-ellipsis-note\">\\</span>Mysql</span> {<a class=sf-dump-ref href=#sf-dump-682431159-ref22026 title=\"2 occurrences\">#2026</a> &#8230;5}
      #<span class=sf-dump-protected title=\"Protected property\">profiler</span>: <span class=sf-dump-const>null</span>
      #<span class=sf-dump-protected title=\"Protected property\">queryResultSetPrototype</span>: <span class=sf-dump-note title=\"Laminas\\Db\\ResultSet\\ResultSet
\"><span class=\"sf-dump-ellipsis sf-dump-ellipsis-note\">Laminas\\Db\\ResultSet</span><span class=\"sf-dump-ellipsis sf-dump-ellipsis-note\">\\</span>ResultSet</span> {<a class=sf-dump-ref>#2029</a> &#8230;8}
      #<span class=sf-dump-protected title=\"Protected property\">lastPreparedStatement</span>: <span class=sf-dump-const>null</span>
    </samp>}
    #<span class=sf-dump-protected title=\"Protected property\">table</span>: \"<span class=sf-dump-str title=\"12 characters\">lesson_files</span>\"
    #<span class=sf-dump-protected title=\"Protected property\">columns</span>: []
    #<span class=sf-dump-protected title=\"Protected property\">featureSet</span>: <span class=sf-dump-note title=\"Laminas\\Db\\TableGateway\\Feature\\FeatureSet
\"><span class=\"sf-dump-ellipsis sf-dump-ellipsis-note\">Laminas\\Db\\TableGateway\\Feature</span><span class=\"sf-dump-ellipsis sf-dump-ellipsis-note\">\\</span>FeatureSet</span> {<a class=sf-dump-ref>#2111</a><samp data-depth=3 class=sf-dump-compact>
      #<span class=sf-dump-protected title=\"Protected property\">tableGateway</span>: <span class=sf-dump-note title=\"Laminas\\Db\\TableGateway\\TableGateway
\"><span class=\"sf-dump-ellipsis sf-dump-ellipsis-note\">Laminas\\Db\\TableGateway</span><span class=\"sf-dump-ellipsis sf-dump-ellipsis-note\">\\</span>TableGateway</span> {<a class=sf-dump-ref href=#sf-dump-682431159-ref22116 title=\"2 occurrences\">#2116</a>}
      #<span class=sf-dump-protected title=\"Protected property\">features</span>: []
      #<span class=sf-dump-protected title=\"Protected property\">magicSpecifications</span>: []
    </samp>}
    #<span class=sf-dump-protected title=\"Protected property\">resultSetPrototype</span>: <span class=sf-dump-note title=\"Laminas\\Db\\ResultSet\\ResultSet
\"><span class=\"sf-dump-ellipsis sf-dump-ellipsis-note\">Laminas\\Db\\ResultSet</span><span class=\"sf-dump-ellipsis sf-dump-ellipsis-note\">\\</span>ResultSet</span> {<a class=sf-dump-ref>#2105</a><samp data-depth=3 class=sf-dump-compact>
      #<span class=sf-dump-protected title=\"Protected property\">buffer</span>: <span class=sf-dump-const>null</span>
      #<span class=sf-dump-protected title=\"Protected property\">count</span>: <span class=sf-dump-const>null</span>
      #<span class=sf-dump-protected title=\"Protected property\">dataSource</span>: <span class=sf-dump-const>null</span>
      #<span class=sf-dump-protected title=\"Protected property\">fieldCount</span>: <span class=sf-dump-const>null</span>
      #<span class=sf-dump-protected title=\"Protected property\">position</span>: <span class=sf-dump-num>0</span>
      #<span class=sf-dump-protected title=\"Protected property\">allowedReturnTypes</span>: <span class=sf-dump-note>array:2</span> [ &#8230;2]
      #<span class=sf-dump-protected title=\"Protected property\">arrayObjectPrototype</span>: <span class=sf-dump-note>ArrayObject</span> {<a class=sf-dump-ref>#2098</a> &#8230;4}
      #<span class=sf-dump-protected title=\"Protected property\">returnType</span>: \"<span class=sf-dump-str title=\"11 characters\">arrayobject</span>\"
    </samp>}
    #<span class=sf-dump-protected title=\"Protected property\">sql</span>: <span class=sf-dump-note title=\"Laminas\\Db\\Sql\\Sql
\"><span class=\"sf-dump-ellipsis sf-dump-ellipsis-note\">Laminas\\Db\\Sql</span><span class=\"sf-dump-ellipsis sf-dump-ellipsis-note\">\\</span>Sql</span> {<a class=sf-dump-ref>#2126</a><samp data-depth=3 class=sf-dump-compact>
      #<span class=sf-dump-protected title=\"Protected property\">adapter</span>: <span class=sf-dump-note title=\"Laminas\\Db\\Adapter\\Adapter
\"><span class=\"sf-dump-ellipsis sf-dump-ellipsis-note\">Laminas\\Db\\Adapter</span><span class=\"sf-dump-ellipsis sf-dump-ellipsis-note\">\\</span>Adapter</span> {<a class=sf-dump-ref href=#sf-dump-682431159-ref22001 title=\"4 occurrences\">#2001</a>}
      #<span class=sf-dump-protected title=\"Protected property\">table</span>: \"<span class=sf-dump-str title=\"12 characters\">lesson_files</span>\"
      #<span class=sf-dump-protected title=\"Protected property\">sqlPlatform</span>: <span class=sf-dump-note title=\"Laminas\\Db\\Sql\\Platform\\Platform
\"><span class=\"sf-dump-ellipsis sf-dump-ellipsis-note\">Laminas\\Db\\Sql\\Platform</span><span class=\"sf-dump-ellipsis sf-dump-ellipsis-note\">\\</span>Platform</span> {<a class=sf-dump-ref>#2127</a> &#8230;4}
    </samp>}
    #<span class=sf-dump-protected title=\"Protected property\">lastInsertValue</span>: <span class=sf-dump-const>null</span>
  </samp>}
  #<span class=sf-dump-protected title=\"Protected property\">serviceLocator</span>: <span class=sf-dump-note title=\"Laminas\\ServiceManager\\ServiceManager
\"><span class=\"sf-dump-ellipsis sf-dump-ellipsis-note\">Laminas\\ServiceManager</span><span class=\"sf-dump-ellipsis sf-dump-ellipsis-note\">\\</span>ServiceManager</span> {<a class=sf-dump-ref href=#sf-dump-682431159-ref21222 title=\"2 occurrences\">#1222</a><samp data-depth=2 id=sf-dump-682431159-ref21222 class=sf-dump-compact>
    #<span class=sf-dump-protected title=\"Protected property\">abstractFactories</span>: []
    #<span class=sf-dump-protected title=\"Protected property\">aliases</span>: []
    #<span class=sf-dump-protected title=\"Protected property\">allowOverride</span>: <span class=sf-dump-const>false</span>
    #<span class=sf-dump-protected title=\"Protected property\">creationContext</span>: <span class=sf-dump-note title=\"Laminas\\ServiceManager\\ServiceManager
\"><span class=\"sf-dump-ellipsis sf-dump-ellipsis-note\">Laminas\\ServiceManager</span><span class=\"sf-dump-ellipsis sf-dump-ellipsis-note\">\\</span>ServiceManager</span> {<a class=sf-dump-ref href=#sf-dump-682431159-ref21222 title=\"2 occurrences\">#1222</a>}
    #<span class=sf-dump-protected title=\"Protected property\">delegators</span>: []
    #<span class=sf-dump-protected title=\"Protected property\">factories</span>: <span class=sf-dump-note>array:1</span> [<samp data-depth=3 class=sf-dump-compact>
      \"<span class=sf-dump-key>Laminas\\Db\\Adapter\\Adapter</span>\" => <span class=sf-dump-note>Closure($sm)</span> {<a class=sf-dump-ref>#1223</a> &#8230;3}
    </samp>]
    #<span class=sf-dump-protected title=\"Protected property\">initializers</span>: []
    #<span class=sf-dump-protected title=\"Protected property\">lazyServices</span>: []
    -<span class=sf-dump-private title=\"Private property defined in class:&#10;`Laminas\\ServiceManager\\ServiceManager`\">lazyServicesDelegator</span>: <span class=sf-dump-const>null</span>
    #<span class=sf-dump-protected title=\"Protected property\">services</span>: <span class=sf-dump-note>array:1</span> [<samp data-depth=3 class=sf-dump-compact>
      \"<span class=sf-dump-key>Laminas\\Db\\Adapter\\Adapter</span>\" => <span class=sf-dump-note title=\"Laminas\\Db\\Adapter\\Adapter
\"><span class=\"sf-dump-ellipsis sf-dump-ellipsis-note\">Laminas\\Db\\Adapter</span><span class=\"sf-dump-ellipsis sf-dump-ellipsis-note\">\\</span>Adapter</span> {<a class=sf-dump-ref href=#sf-dump-682431159-ref22001 title=\"4 occurrences\">#2001</a>}
    </samp>]
    #<span class=sf-dump-protected title=\"Protected property\">shared</span>: []
    #<span class=sf-dump-protected title=\"Protected property\">sharedByDefault</span>: <span class=sf-dump-const>true</span>
    #<span class=sf-dump-protected title=\"Protected property\">configured</span>: <span class=sf-dump-const>true</span>
    -<span class=sf-dump-private title=\"Private property defined in class:&#10;`Laminas\\ServiceManager\\ServiceManager`\">cachedAbstractFactories</span>: []
  </samp>}
  #<span class=sf-dump-protected title=\"Protected property\">primary</span>: \"<span class=sf-dump-str title=\"2 characters\">id</span>\"
  #<span class=sf-dump-protected title=\"Protected property\">adapter</span>: <span class=sf-dump-note title=\"Laminas\\Db\\Adapter\\Adapter
\"><span class=\"sf-dump-ellipsis sf-dump-ellipsis-note\">Laminas\\Db\\Adapter</span><span class=\"sf-dump-ellipsis sf-dump-ellipsis-note\">\\</span>Adapter</span> {<a class=sf-dump-ref href=#sf-dump-682431159-ref22001 title=\"4 occurrences\">#2001</a>}
  #<span class=sf-dump-protected title=\"Protected property\">inputFilter</span>: <span class=sf-dump-const>null</span>
  +<span class=sf-dump-public title=\"Public property\">db</span>: <span class=sf-dump-const>null</span>
  +<span class=sf-dump-public title=\"Public property\">config</span>: <span class=sf-dump-const>null</span>
  +<span class=sf-dump-public title=\"Public property\">cache</span>: <span class=sf-dump-const>null</span>
  #<span class=sf-dump-protected title=\"Protected property\">accountId</span>: <span class=sf-dump-const>false</span>
  #<span class=sf-dump-protected title=\"Protected property\">prefix</span>: \"\"
  #<span class=sf-dump-protected title=\"Protected property\">timeStamp</span>: <span class=sf-dump-const>true</span>
</samp>}
</pre><script>Sfdump(\"sf-dump-682431159\", {\"maxDepth\":3,\"maxStringLength\":160})</script>
","previous":"<pre class=sf-dump id=sf-dump-263280549 data-indent-pad=\"  \"><span class=sf-dump-const>false</span>
</pre><script>Sfdump(\"sf-dump-263280549\", {\"maxDepth\":3,\"maxStringLength\":160})</script>
","next":"<pre class=sf-dump id=sf-dump-524466515 data-indent-pad=\"  \"><span class=sf-dump-const>false</span>
</pre><script>Sfdump(\"sf-dump-524466515\", {\"maxDepth\":3,\"maxStringLength\":160})</script>
","lecturePageTable":"<pre class=sf-dump id=sf-dump-966192678 data-indent-pad=\"  \"><span class=sf-dump-note>App\\V2\\Model\\LecturePageTable</span> {<a class=sf-dump-ref>#2091</a><samp data-depth=1 class=sf-dump-expanded>
  #<span class=sf-dump-protected title=\"Protected property\">tableName</span>: \"<span class=sf-dump-str title=\"13 characters\">lecture_pages</span>\"
  +<span class=sf-dump-public title=\"Public property\">tableGateway</span>: <span class=sf-dump-note title=\"Laminas\\Db\\TableGateway\\TableGateway
\"><span class=\"sf-dump-ellipsis sf-dump-ellipsis-note\">Laminas\\Db\\TableGateway</span><span class=\"sf-dump-ellipsis sf-dump-ellipsis-note\">\\</span>TableGateway</span> {<a class=sf-dump-ref href=#sf-dump-966192678-ref22092 title=\"2 occurrences\">#2092</a><samp data-depth=2 id=sf-dump-966192678-ref22092 class=sf-dump-compact>
    #<span class=sf-dump-protected title=\"Protected property\">isInitialized</span>: <span class=sf-dump-const>true</span>
    #<span class=sf-dump-protected title=\"Protected property\">adapter</span>: <span class=sf-dump-note title=\"Laminas\\Db\\Adapter\\Adapter
\"><span class=\"sf-dump-ellipsis sf-dump-ellipsis-note\">Laminas\\Db\\Adapter</span><span class=\"sf-dump-ellipsis sf-dump-ellipsis-note\">\\</span>Adapter</span> {<a class=sf-dump-ref href=#sf-dump-966192678-ref22001 title=\"4 occurrences\">#2001</a><samp data-depth=3 id=sf-dump-966192678-ref22001 class=sf-dump-compact>
      #<span class=sf-dump-protected title=\"Protected property\">driver</span>: <span class=sf-dump-note title=\"Laminas\\Db\\Adapter\\Driver\\Pdo\\Pdo
\"><span class=\"sf-dump-ellipsis sf-dump-ellipsis-note\">Laminas\\Db\\Adapter\\Driver\\Pdo</span><span class=\"sf-dump-ellipsis sf-dump-ellipsis-note\">\\</span>Pdo</span> {<a class=sf-dump-ref href=#sf-dump-966192678-ref22015 title=\"4 occurrences\">#2015</a> &#8230;5}
      #<span class=sf-dump-protected title=\"Protected property\">platform</span>: <span class=sf-dump-note title=\"Laminas\\Db\\Adapter\\Platform\\Mysql
\"><span class=\"sf-dump-ellipsis sf-dump-ellipsis-note\">Laminas\\Db\\Adapter\\Platform</span><span class=\"sf-dump-ellipsis sf-dump-ellipsis-note\">\\</span>Mysql</span> {<a class=sf-dump-ref href=#sf-dump-966192678-ref22026 title=\"2 occurrences\">#2026</a> &#8230;5}
      #<span class=sf-dump-protected title=\"Protected property\">profiler</span>: <span class=sf-dump-const>null</span>
      #<span class=sf-dump-protected title=\"Protected property\">queryResultSetPrototype</span>: <span class=sf-dump-note title=\"Laminas\\Db\\ResultSet\\ResultSet
\"><span class=\"sf-dump-ellipsis sf-dump-ellipsis-note\">Laminas\\Db\\ResultSet</span><span class=\"sf-dump-ellipsis sf-dump-ellipsis-note\">\\</span>ResultSet</span> {<a class=sf-dump-ref>#2029</a> &#8230;8}
      #<span class=sf-dump-protected title=\"Protected property\">lastPreparedStatement</span>: <span class=sf-dump-const>null</span>
    </samp>}
    #<span class=sf-dump-protected title=\"Protected property\">table</span>: \"<span class=sf-dump-str title=\"13 characters\">lecture_pages</span>\"
    #<span class=sf-dump-protected title=\"Protected property\">columns</span>: []
    #<span class=sf-dump-protected title=\"Protected property\">featureSet</span>: <span class=sf-dump-note title=\"Laminas\\Db\\TableGateway\\Feature\\FeatureSet
\"><span class=\"sf-dump-ellipsis sf-dump-ellipsis-note\">Laminas\\Db\\TableGateway\\Feature</span><span class=\"sf-dump-ellipsis sf-dump-ellipsis-note\">\\</span>FeatureSet</span> {<a class=sf-dump-ref>#2093</a><samp data-depth=3 class=sf-dump-compact>
      #<span class=sf-dump-protected title=\"Protected property\">tableGateway</span>: <span class=sf-dump-note title=\"Laminas\\Db\\TableGateway\\TableGateway
\"><span class=\"sf-dump-ellipsis sf-dump-ellipsis-note\">Laminas\\Db\\TableGateway</span><span class=\"sf-dump-ellipsis sf-dump-ellipsis-note\">\\</span>TableGateway</span> {<a class=sf-dump-ref href=#sf-dump-966192678-ref22092 title=\"2 occurrences\">#2092</a>}
      #<span class=sf-dump-protected title=\"Protected property\">features</span>: []
      #<span class=sf-dump-protected title=\"Protected property\">magicSpecifications</span>: []
    </samp>}
    #<span class=sf-dump-protected title=\"Protected property\">resultSetPrototype</span>: <span class=sf-dump-note title=\"Laminas\\Db\\ResultSet\\ResultSet
\"><span class=\"sf-dump-ellipsis sf-dump-ellipsis-note\">Laminas\\Db\\ResultSet</span><span class=\"sf-dump-ellipsis sf-dump-ellipsis-note\">\\</span>ResultSet</span> {<a class=sf-dump-ref>#2094</a><samp data-depth=3 class=sf-dump-compact>
      #<span class=sf-dump-protected title=\"Protected property\">buffer</span>: <span class=sf-dump-const>null</span>
      #<span class=sf-dump-protected title=\"Protected property\">count</span>: <span class=sf-dump-const>null</span>
      #<span class=sf-dump-protected title=\"Protected property\">dataSource</span>: <span class=sf-dump-const>null</span>
      #<span class=sf-dump-protected title=\"Protected property\">fieldCount</span>: <span class=sf-dump-const>null</span>
      #<span class=sf-dump-protected title=\"Protected property\">position</span>: <span class=sf-dump-num>0</span>
      #<span class=sf-dump-protected title=\"Protected property\">allowedReturnTypes</span>: <span class=sf-dump-note>array:2</span> [ &#8230;2]
      #<span class=sf-dump-protected title=\"Protected property\">arrayObjectPrototype</span>: <span class=sf-dump-note>ArrayObject</span> {<a class=sf-dump-ref>#2095</a> &#8230;4}
      #<span class=sf-dump-protected title=\"Protected property\">returnType</span>: \"<span class=sf-dump-str title=\"11 characters\">arrayobject</span>\"
    </samp>}
    #<span class=sf-dump-protected title=\"Protected property\">sql</span>: <span class=sf-dump-note title=\"Laminas\\Db\\Sql\\Sql
\"><span class=\"sf-dump-ellipsis sf-dump-ellipsis-note\">Laminas\\Db\\Sql</span><span class=\"sf-dump-ellipsis sf-dump-ellipsis-note\">\\</span>Sql</span> {<a class=sf-dump-ref>#2096</a><samp data-depth=3 class=sf-dump-compact>
      #<span class=sf-dump-protected title=\"Protected property\">adapter</span>: <span class=sf-dump-note title=\"Laminas\\Db\\Adapter\\Adapter
\"><span class=\"sf-dump-ellipsis sf-dump-ellipsis-note\">Laminas\\Db\\Adapter</span><span class=\"sf-dump-ellipsis sf-dump-ellipsis-note\">\\</span>Adapter</span> {<a class=sf-dump-ref href=#sf-dump-966192678-ref22001 title=\"4 occurrences\">#2001</a>}
      #<span class=sf-dump-protected title=\"Protected property\">table</span>: \"<span class=sf-dump-str title=\"13 characters\">lecture_pages</span>\"
      #<span class=sf-dump-protected title=\"Protected property\">sqlPlatform</span>: <span class=sf-dump-note title=\"Laminas\\Db\\Sql\\Platform\\Platform
\"><span class=\"sf-dump-ellipsis sf-dump-ellipsis-note\">Laminas\\Db\\Sql\\Platform</span><span class=\"sf-dump-ellipsis sf-dump-ellipsis-note\">\\</span>Platform</span> {<a class=sf-dump-ref>#2097</a> &#8230;4}
    </samp>}
    #<span class=sf-dump-protected title=\"Protected property\">lastInsertValue</span>: <span class=sf-dump-const>null</span>
  </samp>}
  #<span class=sf-dump-protected title=\"Protected property\">serviceLocator</span>: <span class=sf-dump-note title=\"Laminas\\ServiceManager\\ServiceManager
\"><span class=\"sf-dump-ellipsis sf-dump-ellipsis-note\">Laminas\\ServiceManager</span><span class=\"sf-dump-ellipsis sf-dump-ellipsis-note\">\\</span>ServiceManager</span> {<a class=sf-dump-ref href=#sf-dump-966192678-ref21222 title=\"2 occurrences\">#1222</a><samp data-depth=2 id=sf-dump-966192678-ref21222 class=sf-dump-compact>
    #<span class=sf-dump-protected title=\"Protected property\">abstractFactories</span>: []
    #<span class=sf-dump-protected title=\"Protected property\">aliases</span>: []
    #<span class=sf-dump-protected title=\"Protected property\">allowOverride</span>: <span class=sf-dump-const>false</span>
    #<span class=sf-dump-protected title=\"Protected property\">creationContext</span>: <span class=sf-dump-note title=\"Laminas\\ServiceManager\\ServiceManager
\"><span class=\"sf-dump-ellipsis sf-dump-ellipsis-note\">Laminas\\ServiceManager</span><span class=\"sf-dump-ellipsis sf-dump-ellipsis-note\">\\</span>ServiceManager</span> {<a class=sf-dump-ref href=#sf-dump-966192678-ref21222 title=\"2 occurrences\">#1222</a>}
    #<span class=sf-dump-protected title=\"Protected property\">delegators</span>: []
    #<span class=sf-dump-protected title=\"Protected property\">factories</span>: <span class=sf-dump-note>array:1</span> [<samp data-depth=3 class=sf-dump-compact>
      \"<span class=sf-dump-key>Laminas\\Db\\Adapter\\Adapter</span>\" => <span class=sf-dump-note>Closure($sm)</span> {<a class=sf-dump-ref>#1223</a> &#8230;3}
    </samp>]
    #<span class=sf-dump-protected title=\"Protected property\">initializers</span>: []
    #<span class=sf-dump-protected title=\"Protected property\">lazyServices</span>: []
    -<span class=sf-dump-private title=\"Private property defined in class:&#10;`Laminas\\ServiceManager\\ServiceManager`\">lazyServicesDelegator</span>: <span class=sf-dump-const>null</span>
    #<span class=sf-dump-protected title=\"Protected property\">services</span>: <span class=sf-dump-note>array:1</span> [<samp data-depth=3 class=sf-dump-compact>
      \"<span class=sf-dump-key>Laminas\\Db\\Adapter\\Adapter</span>\" => <span class=sf-dump-note title=\"Laminas\\Db\\Adapter\\Adapter
\"><span class=\"sf-dump-ellipsis sf-dump-ellipsis-note\">Laminas\\Db\\Adapter</span><span class=\"sf-dump-ellipsis sf-dump-ellipsis-note\">\\</span>Adapter</span> {<a class=sf-dump-ref href=#sf-dump-966192678-ref22001 title=\"4 occurrences\">#2001</a>}
    </samp>]
    #<span class=sf-dump-protected title=\"Protected property\">shared</span>: []
    #<span class=sf-dump-protected title=\"Protected property\">sharedByDefault</span>: <span class=sf-dump-const>true</span>
    #<span class=sf-dump-protected title=\"Protected property\">configured</span>: <span class=sf-dump-const>true</span>
    -<span class=sf-dump-private title=\"Private property defined in class:&#10;`Laminas\\ServiceManager\\ServiceManager`\">cachedAbstractFactories</span>: []
  </samp>}
  #<span class=sf-dump-protected title=\"Protected property\">primary</span>: \"<span class=sf-dump-str title=\"2 characters\">id</span>\"
  #<span class=sf-dump-protected title=\"Protected property\">adapter</span>: <span class=sf-dump-note title=\"Laminas\\Db\\Adapter\\Adapter
\"><span class=\"sf-dump-ellipsis sf-dump-ellipsis-note\">Laminas\\Db\\Adapter</span><span class=\"sf-dump-ellipsis sf-dump-ellipsis-note\">\\</span>Adapter</span> {<a class=sf-dump-ref href=#sf-dump-966192678-ref22001 title=\"4 occurrences\">#2001</a>}
  #<span class=sf-dump-protected title=\"Protected property\">inputFilter</span>: <span class=sf-dump-const>null</span>
  +<span class=sf-dump-public title=\"Public property\">db</span>: <span class=sf-dump-const>null</span>
  +<span class=sf-dump-public title=\"Public property\">config</span>: <span class=sf-dump-const>null</span>
  +<span class=sf-dump-public title=\"Public property\">cache</span>: <span class=sf-dump-const>null</span>
  #<span class=sf-dump-protected title=\"Protected property\">accountId</span>: <span class=sf-dump-const>false</span>
  #<span class=sf-dump-protected title=\"Protected property\">prefix</span>: \"\"
  #<span class=sf-dump-protected title=\"Protected property\">timeStamp</span>: <span class=sf-dump-const>true</span>
</samp>}
</pre><script>Sfdump(\"sf-dump-966192678\", {\"maxDepth\":3,\"maxStringLength\":160})</script>
","sessionId":"<pre class=sf-dump id=sf-dump-2051463413 data-indent-pad=\"  \"><span class=sf-dump-num>13</span>
</pre><script>Sfdump(\"sf-dump-2051463413\", {\"maxDepth\":3,\"maxStringLength\":160})</script>
","course":"<pre class=sf-dump id=sf-dump-376375319 data-indent-pad=\"  \"><span class=sf-dump-note>App\\Course</span> {<a class=sf-dump-ref>#2014</a><samp data-depth=1 class=sf-dump-expanded>
  #<span class=sf-dump-protected title=\"Protected property\">connection</span>: \"<span class=sf-dump-str title=\"5 characters\">mysql</span>\"
  #<span class=sf-dump-protected title=\"Protected property\">table</span>: \"<span class=sf-dump-str title=\"7 characters\">courses</span>\"
  #<span class=sf-dump-protected title=\"Protected property\">primaryKey</span>: \"<span class=sf-dump-str title=\"2 characters\">id</span>\"
  #<span class=sf-dump-protected title=\"Protected property\">keyType</span>: \"<span class=sf-dump-str title=\"3 characters\">int</span>\"
  +<span class=sf-dump-public title=\"Public property\">incrementing</span>: <span class=sf-dump-const>true</span>
  #<span class=sf-dump-protected title=\"Protected property\">with</span>: []
  #<span class=sf-dump-protected title=\"Protected property\">withCount</span>: []
  +<span class=sf-dump-public title=\"Public property\">preventsLazyLoading</span>: <span class=sf-dump-const>false</span>
  #<span class=sf-dump-protected title=\"Protected property\">perPage</span>: <span class=sf-dump-num>15</span>
  +<span class=sf-dump-public title=\"Public property\">exists</span>: <span class=sf-dump-const>true</span>
  +<span class=sf-dump-public title=\"Public property\">wasRecentlyCreated</span>: <span class=sf-dump-const>false</span>
  #<span class=sf-dump-protected title=\"Protected property\">escapeWhenCastingToString</span>: <span class=sf-dump-const>false</span>
  #<span class=sf-dump-protected title=\"Protected property\">attributes</span>: <span class=sf-dump-note>array:26</span> [<samp data-depth=2 class=sf-dump-compact>
    \"<span class=sf-dump-key>id</span>\" => <span class=sf-dump-num>13</span>
    \"<span class=sf-dump-key>created_at</span>\" => \"<span class=sf-dump-str title=\"19 characters\">2024-07-10 06:53:58</span>\"
    \"<span class=sf-dump-key>updated_at</span>\" => \"<span class=sf-dump-str title=\"19 characters\">2024-07-10 06:53:58</span>\"
    \"<span class=sf-dump-key>name</span>\" => \"<span class=sf-dump-str title=\"18 characters\">Internet Of Things</span>\"
    \"<span class=sf-dump-key>admin_id</span>\" => <span class=sf-dump-num>2</span>
    \"<span class=sf-dump-key>enabled</span>\" => <span class=sf-dump-num>1</span>
    \"<span class=sf-dump-key>start_date</span>\" => \"<span class=sf-dump-str title=\"19 characters\">0000-00-00 00:00:00</span>\"
    \"<span class=sf-dump-key>end_date</span>\" => <span class=sf-dump-const>null</span>
    \"<span class=sf-dump-key>enrollment_closes</span>\" => <span class=sf-dump-const>null</span>
    \"<span class=sf-dump-key>capacity</span>\" => <span class=sf-dump-const>null</span>
    \"<span class=sf-dump-key>payment_required</span>\" => <span class=sf-dump-num>0</span>
    \"<span class=sf-dump-key>fee</span>\" => <span class=sf-dump-const>null</span>
    \"<span class=sf-dump-key>description</span>\" => \"<span class=sf-dump-str title=\"118 characters\">&lt;p&gt;Ini adalah kelas dengan materi mata kuliah Internet Of Things dengan menggunakan pendekatan gaya belajar Visual&lt;/p&gt;</span>\"
    \"<span class=sf-dump-key>venue</span>\" => <span class=sf-dump-const>null</span>
    \"<span class=sf-dump-key>type</span>\" => \"<span class=sf-dump-str>c</span>\"
    \"<span class=sf-dump-key>picture</span>\" => \"<span class=sf-dump-str title=\"60 characters\">usermedia/Cover_Kelas/jorge-ramirez-988-7dFbNlo-unsplash.jpg</span>\"
    \"<span class=sf-dump-key>enable_discussion</span>\" => <span class=sf-dump-num>1</span>
    \"<span class=sf-dump-key>enable_chat</span>\" => <span class=sf-dump-num>1</span>
    \"<span class=sf-dump-key>enforce_order</span>\" => <span class=sf-dump-num>1</span>
    \"<span class=sf-dump-key>effort</span>\" => <span class=sf-dump-const>null</span>
    \"<span class=sf-dump-key>length</span>\" => <span class=sf-dump-const>null</span>
    \"<span class=sf-dump-key>short_description</span>\" => \"<span class=sf-dump-str title=\"61 characters\">Internet Of Things dengan tipe pendekatan gaya belajar Visual</span>\"
    \"<span class=sf-dump-key>introduction</span>\" => \"<span class=sf-dump-str title=\"119 characters\">&lt;p&gt;Kumpulan materi Internet Of Things dengan materi yang dihadirkan menggunakan pendekatan tipe gaya belajar Visual&lt;/p&gt;</span>\"
    \"<span class=sf-dump-key>enable_forum</span>\" => <span class=sf-dump-num>1</span>
    \"<span class=sf-dump-key>enforce_capacity</span>\" => <span class=sf-dump-num>0</span>
    \"<span class=sf-dump-key>nama_materi</span>\" => \"<span class=sf-dump-str title=\"18 characters\">Internet Of Things</span>\"
  </samp>]
  #<span class=sf-dump-protected title=\"Protected property\">original</span>: <span class=sf-dump-note>array:26</span> [<samp data-depth=2 class=sf-dump-compact>
    \"<span class=sf-dump-key>id</span>\" => <span class=sf-dump-num>13</span>
    \"<span class=sf-dump-key>created_at</span>\" => \"<span class=sf-dump-str title=\"19 characters\">2024-07-10 06:53:58</span>\"
    \"<span class=sf-dump-key>updated_at</span>\" => \"<span class=sf-dump-str title=\"19 characters\">2024-07-10 06:53:58</span>\"
    \"<span class=sf-dump-key>name</span>\" => \"<span class=sf-dump-str title=\"18 characters\">Internet Of Things</span>\"
    \"<span class=sf-dump-key>admin_id</span>\" => <span class=sf-dump-num>2</span>
    \"<span class=sf-dump-key>enabled</span>\" => <span class=sf-dump-num>1</span>
    \"<span class=sf-dump-key>start_date</span>\" => \"<span class=sf-dump-str title=\"19 characters\">0000-00-00 00:00:00</span>\"
    \"<span class=sf-dump-key>end_date</span>\" => <span class=sf-dump-const>null</span>
    \"<span class=sf-dump-key>enrollment_closes</span>\" => <span class=sf-dump-const>null</span>
    \"<span class=sf-dump-key>capacity</span>\" => <span class=sf-dump-const>null</span>
    \"<span class=sf-dump-key>payment_required</span>\" => <span class=sf-dump-num>0</span>
    \"<span class=sf-dump-key>fee</span>\" => <span class=sf-dump-const>null</span>
    \"<span class=sf-dump-key>description</span>\" => \"<span class=sf-dump-str title=\"118 characters\">&lt;p&gt;Ini adalah kelas dengan materi mata kuliah Internet Of Things dengan menggunakan pendekatan gaya belajar Visual&lt;/p&gt;</span>\"
    \"<span class=sf-dump-key>venue</span>\" => <span class=sf-dump-const>null</span>
    \"<span class=sf-dump-key>type</span>\" => \"<span class=sf-dump-str>c</span>\"
    \"<span class=sf-dump-key>picture</span>\" => \"<span class=sf-dump-str title=\"60 characters\">usermedia/Cover_Kelas/jorge-ramirez-988-7dFbNlo-unsplash.jpg</span>\"
    \"<span class=sf-dump-key>enable_discussion</span>\" => <span class=sf-dump-num>1</span>
    \"<span class=sf-dump-key>enable_chat</span>\" => <span class=sf-dump-num>1</span>
    \"<span class=sf-dump-key>enforce_order</span>\" => <span class=sf-dump-num>1</span>
    \"<span class=sf-dump-key>effort</span>\" => <span class=sf-dump-const>null</span>
    \"<span class=sf-dump-key>length</span>\" => <span class=sf-dump-const>null</span>
    \"<span class=sf-dump-key>short_description</span>\" => \"<span class=sf-dump-str title=\"61 characters\">Internet Of Things dengan tipe pendekatan gaya belajar Visual</span>\"
    \"<span class=sf-dump-key>introduction</span>\" => \"<span class=sf-dump-str title=\"119 characters\">&lt;p&gt;Kumpulan materi Internet Of Things dengan materi yang dihadirkan menggunakan pendekatan tipe gaya belajar Visual&lt;/p&gt;</span>\"
    \"<span class=sf-dump-key>enable_forum</span>\" => <span class=sf-dump-num>1</span>
    \"<span class=sf-dump-key>enforce_capacity</span>\" => <span class=sf-dump-num>0</span>
    \"<span class=sf-dump-key>nama_materi</span>\" => \"<span class=sf-dump-str title=\"18 characters\">Internet Of Things</span>\"
  </samp>]
  #<span class=sf-dump-protected title=\"Protected property\">changes</span>: []
  #<span class=sf-dump-protected title=\"Protected property\">casts</span>: []
  #<span class=sf-dump-protected title=\"Protected property\">classCastCache</span>: []
  #<span class=sf-dump-protected title=\"Protected property\">attributeCastCache</span>: []
  #<span class=sf-dump-protected title=\"Protected property\">dateFormat</span>: <span class=sf-dump-const>null</span>
  #<span class=sf-dump-protected title=\"Protected property\">appends</span>: []
  #<span class=sf-dump-protected title=\"Protected property\">dispatchesEvents</span>: []
  #<span class=sf-dump-protected title=\"Protected property\">observables</span>: []
  #<span class=sf-dump-protected title=\"Protected property\">relations</span>: []
  #<span class=sf-dump-protected title=\"Protected property\">touches</span>: []
  +<span class=sf-dump-public title=\"Public property\">timestamps</span>: <span class=sf-dump-const>true</span>
  +<span class=sf-dump-public title=\"Public property\">usesUniqueIds</span>: <span class=sf-dump-const>false</span>
  #<span class=sf-dump-protected title=\"Protected property\">hidden</span>: []
  #<span class=sf-dump-protected title=\"Protected property\">visible</span>: []
  #<span class=sf-dump-protected title=\"Protected property\">fillable</span>: <span class=sf-dump-note>array:22</span> [<samp data-depth=2 class=sf-dump-compact>
    <span class=sf-dump-index>0</span> => \"<span class=sf-dump-str title=\"4 characters\">name</span>\"
    <span class=sf-dump-index>1</span> => \"<span class=sf-dump-str title=\"8 characters\">admin_id</span>\"
    <span class=sf-dump-index>2</span> => \"<span class=sf-dump-str title=\"7 characters\">enabled</span>\"
    <span class=sf-dump-index>3</span> => \"<span class=sf-dump-str title=\"10 characters\">start_date</span>\"
    <span class=sf-dump-index>4</span> => \"<span class=sf-dump-str title=\"8 characters\">end_date</span>\"
    <span class=sf-dump-index>5</span> => \"<span class=sf-dump-str title=\"17 characters\">enrollment_closes</span>\"
    <span class=sf-dump-index>6</span> => \"<span class=sf-dump-str title=\"8 characters\">capacity</span>\"
    <span class=sf-dump-index>7</span> => \"<span class=sf-dump-str title=\"16 characters\">payment_required</span>\"
    <span class=sf-dump-index>8</span> => \"<span class=sf-dump-str title=\"3 characters\">fee</span>\"
    <span class=sf-dump-index>9</span> => \"<span class=sf-dump-str title=\"11 characters\">description</span>\"
    <span class=sf-dump-index>10</span> => \"<span class=sf-dump-str title=\"5 characters\">venue</span>\"
    <span class=sf-dump-index>11</span> => \"<span class=sf-dump-str title=\"4 characters\">type</span>\"
    <span class=sf-dump-index>12</span> => \"<span class=sf-dump-str title=\"7 characters\">picture</span>\"
    <span class=sf-dump-index>13</span> => \"<span class=sf-dump-str title=\"17 characters\">enable_discussion</span>\"
    <span class=sf-dump-index>14</span> => \"<span class=sf-dump-str title=\"11 characters\">enable_chat</span>\"
    <span class=sf-dump-index>15</span> => \"<span class=sf-dump-str title=\"13 characters\">enforce_order</span>\"
    <span class=sf-dump-index>16</span> => \"<span class=sf-dump-str title=\"6 characters\">effort</span>\"
    <span class=sf-dump-index>17</span> => \"<span class=sf-dump-str title=\"6 characters\">length</span>\"
    <span class=sf-dump-index>18</span> => \"<span class=sf-dump-str title=\"17 characters\">short_description</span>\"
    <span class=sf-dump-index>19</span> => \"<span class=sf-dump-str title=\"12 characters\">introduction</span>\"
    <span class=sf-dump-index>20</span> => \"<span class=sf-dump-str title=\"12 characters\">enable_forum</span>\"
    <span class=sf-dump-index>21</span> => \"<span class=sf-dump-str title=\"16 characters\">enforce_capacity</span>\"
  </samp>]
  #<span class=sf-dump-protected title=\"Protected property\">guarded</span>: <span class=sf-dump-note>array:1</span> [<samp data-depth=2 class=sf-dump-compact>
    <span class=sf-dump-index>0</span> => \"<span class=sf-dump-str>*</span>\"
  </samp>]
</samp>}
</pre><script>Sfdump(\"sf-dump-376375319\", {\"maxDepth\":3,\"maxStringLength\":160})</script>
","customCrumbs":"<pre class=sf-dump id=sf-dump-41500313 data-indent-pad=\"  \"><span class=sf-dump-note>array:5</span> [<samp data-depth=1 class=sf-dump-expanded>
  \"<span class=sf-dump-key>http://localhost/its-tni/public/student/dashboard</span>\" => \"<span class=sf-dump-str title=\"5 characters\">Rumah</span>\"
  \"<span class=sf-dump-key>http://localhost/its-tni/public/student/student/mysessions</span>\" => \"<span class=sf-dump-str title=\"13 characters\">Kursus online</span>\"
  \"<span class=sf-dump-key>http://localhost/its-tni/public/student/course-details/13/internet-of-things</span>\" => \"<span class=sf-dump-str title=\"13 characters\">Detail Kursus</span>\"
  \"<span class=sf-dump-key>http://localhost/its-tni/public/admin/course/intro/13</span>\" => \"<span class=sf-dump-str title=\"9 characters\">pengantar</span>\"
  \"<span class=sf-dump-key>#</span>\" => \"<span class=sf-dump-str title=\"12 characters\">Detail Kelas</span>\"
</samp>]
</pre><script>Sfdump(\"sf-dump-41500313\", {\"maxDepth\":3,\"maxStringLength\":160})</script>
","userLayout":"<pre class=sf-dump id=sf-dump-728412215 data-indent-pad=\"  \">\"<span class=sf-dump-str title=\"13 characters\">layouts.admin</span>\"
</pre><script>Sfdump(\"sf-dump-728412215\", {\"maxDepth\":3,\"maxStringLength\":160})</script>
"}},"userId":5,"exception":"[object] (Spatie\\LaravelIgnition\\Exceptions\\ViewException(code: 0): Undefined variable $materi at C:\\xampp\\htdocs\\its-tni\\resources\\views\\student\\course\\class.blade.php:37)
[stacktrace]
#0 C:\\xampp\\htdocs\\its-tni\\vendor\\laravel\\framework\\src\\Illuminate\\Foundation\\Bootstrap\\HandleExceptions.php(250): Illuminate\\Foundation\\Bootstrap\\HandleExceptions->handleError(2, 'Undefined varia...', 'C:\\\\xampp\\\\htdocs...', 26)
#1 C:\\xampp\\htdocs\\its-tni\\resources\\views\\student\\course\\class.blade.php(37): Illuminate\\Foundation\\Bootstrap\\HandleExceptions->Illuminate\\Foundation\\Bootstrap\\{closure}(2, 'Undefined varia...', 'C:\\\\xampp\\\\htdocs...', 26)
#2 C:\\xampp\\htdocs\\its-tni\\vendor\\laravel\\framework\\src\\Illuminate\\Filesystem\\Filesystem.php(123): require('C:\\\\xampp\\\\htdocs...')
#3 C:\\xampp\\htdocs\\its-tni\\vendor\\laravel\\framework\\src\\Illuminate\\Filesystem\\Filesystem.php(124): Illuminate\\Filesystem\\Filesystem::Illuminate\\Filesystem\\{closure}()
#4 C:\\xampp\\htdocs\\its-tni\\vendor\\laravel\\framework\\src\\Illuminate\\View\\Engines\\PhpEngine.php(58): Illuminate\\Filesystem\\Filesystem->getRequire('C:\\\\xampp\\\\htdocs...', Array)
#5 C:\\xampp\\htdocs\\its-tni\\vendor\\laravel\\framework\\src\\Illuminate\\View\\Engines\\CompilerEngine.php(70): Illuminate\\View\\Engines\\PhpEngine->evaluatePath('C:\\\\xampp\\\\htdocs...', Array)
#6 C:\\xampp\\htdocs\\its-tni\\vendor\\laravel\\framework\\src\\Illuminate\\View\\View.php(195): Illuminate\\View\\Engines\\CompilerEngine->get('C:\\\\xampp\\\\htdocs...', Array)
#7 C:\\xampp\\htdocs\\its-tni\\vendor\\laravel\\framework\\src\\Illuminate\\View\\View.php(178): Illuminate\\View\\View->getContents()
#8 C:\\xampp\\htdocs\\its-tni\\vendor\\laravel\\framework\\src\\Illuminate\\View\\View.php(147): Illuminate\\View\\View->renderContents()
#9 C:\\xampp\\htdocs\\its-tni\\vendor\\laravel\\framework\\src\\Illuminate\\Http\\Response.php(69): Illuminate\\View\\View->render()
#10 C:\\xampp\\htdocs\\its-tni\\vendor\\laravel\\framework\\src\\Illuminate\\Http\\Response.php(35): Illuminate\\Http\\Response->setContent(Object(Illuminate\\View\\View))
#11 C:\\xampp\\htdocs\\its-tni\\vendor\\laravel\\framework\\src\\Illuminate\\Routing\\Router.php(906): Illuminate\\Http\\Response->__construct(Object(Illuminate\\View\\View), 200, Array)
#12 C:\\xampp\\htdocs\\its-tni\\vendor\\laravel\\framework\\src\\Illuminate\\Routing\\Router.php(875): Illuminate\\Routing\\Router::toResponse(Object(Illuminate\\Http\\Request), Object(Illuminate\\View\\View))
#13 C:\\xampp\\htdocs\\its-tni\\vendor\\laravel\\framework\\src\\Illuminate\\Routing\\Router.php(797): Illuminate\\Routing\\Router->prepareResponse(Object(Illuminate\\Http\\Request), Object(Illuminate\\View\\View))
#14 C:\\xampp\\htdocs\\its-tni\\vendor\\laravel\\framework\\src\\Illuminate\\Pipeline\\Pipeline.php(141): Illuminate\\Routing\\Router->Illuminate\\Routing\\{closure}(Object(Illuminate\\Http\\Request))
#15 C:\\xampp\\htdocs\\its-tni\\app\\Http\\Middleware\\UserLimit.php(28): Illuminate\\Pipeline\\Pipeline->Illuminate\\Pipeline\\{closure}(Object(Illuminate\\Http\\Request))
#16 C:\\xampp\\htdocs\\its-tni\\vendor\\laravel\\framework\\src\\Illuminate\\Pipeline\\Pipeline.php(180): App\\Http\\Middleware\\UserLimit->handle(Object(Illuminate\\Http\\Request), Object(Closure))
#17 C:\\xampp\\htdocs\\its-tni\\app\\Http\\Middleware\\Admin.php(48): Illuminate\\Pipeline\\Pipeline->Illuminate\\Pipeline\\{closure}(Object(Illuminate\\Http\\Request))
#18 C:\\xampp\\htdocs\\its-tni\\vendor\\laravel\\framework\\src\\Illuminate\\Pipeline\\Pipeline.php(180): App\\Http\\Middleware\\Admin->handle(Object(Illuminate\\Http\\Request), Object(Closure))
#19 C:\\xampp\\htdocs\\its-tni\\vendor\\laravel\\framework\\src\\Illuminate\\Routing\\Middleware\\SubstituteBindings.php(50): Illuminate\\Pipeline\\Pipeline->Illuminate\\Pipeline\\{closure}(Object(Illuminate\\Http\\Request))
#20 C:\\xampp\\htdocs\\its-tni\\vendor\\laravel\\framework\\src\\Illuminate\\Pipeline\\Pipeline.php(180): Illuminate\\Routing\\Middleware\\SubstituteBindings->handle(Object(Illuminate\\Http\\Request), Object(Closure))
#21 C:\\xampp\\htdocs\\its-tni\\vendor\\laravel\\framework\\src\\Illuminate\\Auth\\Middleware\\Authenticate.php(45): Illuminate\\Pipeline\\Pipeline->Illuminate\\Pipeline\\{closure}(Object(Illuminate\\Http\\Request))
#22 C:\\xampp\\htdocs\\its-tni\\vendor\\laravel\\framework\\src\\Illuminate\\Pipeline\\Pipeline.php(180): Illuminate\\Auth\\Middleware\\Authenticate->handle(Object(Illuminate\\Http\\Request), Object(Closure))
#23 C:\\xampp\\htdocs\\its-tni\\vendor\\laravel\\framework\\src\\Illuminate\\Foundation\\Http\\Middleware\\VerifyCsrfToken.php(78): Illuminate\\Pipeline\\Pipeline->Illuminate\\Pipeline\\{closure}(Object(Illuminate\\Http\\Request))
#24 C:\\xampp\\htdocs\\its-tni\\vendor\\laravel\\framework\\src\\Illuminate\\Pipeline\\Pipeline.php(180): Illuminate\\Foundation\\Http\\Middleware\\VerifyCsrfToken->handle(Object(Illuminate\\Http\\Request), Object(Closure))
#25 C:\\xampp\\htdocs\\its-tni\\vendor\\laravel\\framework\\src\\Illuminate\\View\\Middleware\\ShareErrorsFromSession.php(49): Illuminate\\Pipeline\\Pipeline->Illuminate\\Pipeline\\{closure}(Object(Illuminate\\Http\\Request))
#26 C:\\xampp\\htdocs\\its-tni\\vendor\\laravel\\framework\\src\\Illuminate\\Pipeline\\Pipeline.php(180): Illuminate\\View\\Middleware\\ShareErrorsFromSession->handle(Object(Illuminate\\Http\\Request), Object(Closure))
#27 C:\\xampp\\htdocs\\its-tni\\vendor\\laravel\\framework\\src\\Illuminate\\Session\\Middleware\\StartSession.php(121): Illuminate\\Pipeline\\Pipeline->Illuminate\\Pipeline\\{closure}(Object(Illuminate\\Http\\Request))
#28 C:\\xampp\\htdocs\\its-tni\\vendor\\laravel\\framework\\src\\Illuminate\\Session\\Middleware\\StartSession.php(64): Illuminate\\Session\\Middleware\\StartSession->handleStatefulRequest(Object(Illuminate\\Http\\Request), Object(Illuminate\\Session\\Store), Object(Closure))
#29 C:\\xampp\\htdocs\\its-tni\\vendor\\laravel\\framework\\src\\Illuminate\\Pipeline\\Pipeline.php(180): Illuminate\\Session\\Middleware\\StartSession->handle(Object(Illuminate\\Http\\Request), Object(Closure))
#30 C:\\xampp\\htdocs\\its-tni\\vendor\\laravel\\framework\\src\\Illuminate\\Cookie\\Middleware\\AddQueuedCookiesToResponse.php(37): Illuminate\\Pipeline\\Pipeline->Illuminate\\Pipeline\\{closure}(Object(Illuminate\\Http\\Request))
#31 C:\\xampp\\htdocs\\its-tni\\vendor\\laravel\\framework\\src\\Illuminate\\Pipeline\\Pipeline.php(180): Illuminate\\Cookie\\Middleware\\AddQueuedCookiesToResponse->handle(Object(Illuminate\\Http\\Request), Object(Closure))
#32 C:\\xampp\\htdocs\\its-tni\\vendor\\laravel\\framework\\src\\Illuminate\\Cookie\\Middleware\\EncryptCookies.php(67): Illuminate\\Pipeline\\Pipeline->Illuminate\\Pipeline\\{closure}(Object(Illuminate\\Http\\Request))
#33 C:\\xampp\\htdocs\\its-tni\\vendor\\laravel\\framework\\src\\Illuminate\\Pipeline\\Pipeline.php(180): Illuminate\\Cookie\\Middleware\\EncryptCookies->handle(Object(Illuminate\\Http\\Request), Object(Closure))
#34 C:\\xampp\\htdocs\\its-tni\\vendor\\laravel\\framework\\src\\Illuminate\\Pipeline\\Pipeline.php(116): Illuminate\\Pipeline\\Pipeline->Illuminate\\Pipeline\\{closure}(Object(Illuminate\\Http\\Request))
#35 C:\\xampp\\htdocs\\its-tni\\vendor\\laravel\\framework\\src\\Illuminate\\Routing\\Router.php(797): Illuminate\\Pipeline\\Pipeline->then(Object(Closure))
#36 C:\\xampp\\htdocs\\its-tni\\vendor\\laravel\\framework\\src\\Illuminate\\Routing\\Router.php(776): Illuminate\\Routing\\Router->runRouteWithinStack(Object(Illuminate\\Routing\\Route), Object(Illuminate\\Http\\Request))
#37 C:\\xampp\\htdocs\\its-tni\\vendor\\laravel\\framework\\src\\Illuminate\\Routing\\Router.php(740): Illuminate\\Routing\\Router->runRoute(Object(Illuminate\\Http\\Request), Object(Illuminate\\Routing\\Route))
#38 C:\\xampp\\htdocs\\its-tni\\vendor\\laravel\\framework\\src\\Illuminate\\Routing\\Router.php(729): Illuminate\\Routing\\Router->dispatchToRoute(Object(Illuminate\\Http\\Request))
#39 C:\\xampp\\htdocs\\its-tni\\vendor\\laravel\\framework\\src\\Illuminate\\Foundation\\Http\\Kernel.php(200): Illuminate\\Routing\\Router->dispatch(Object(Illuminate\\Http\\Request))
#40 C:\\xampp\\htdocs\\its-tni\\vendor\\laravel\\framework\\src\\Illuminate\\Pipeline\\Pipeline.php(141): Illuminate\\Foundation\\Http\\Kernel->Illuminate\\Foundation\\Http\\{closure}(Object(Illuminate\\Http\\Request))
#41 C:\\xampp\\htdocs\\its-tni\\vendor\\laravel\\framework\\src\\Illuminate\\Foundation\\Http\\Middleware\\TransformsRequest.php(21): Illuminate\\Pipeline\\Pipeline->Illuminate\\Pipeline\\{closure}(Object(Illuminate\\Http\\Request))
#42 C:\\xampp\\htdocs\\its-tni\\vendor\\laravel\\framework\\src\\Illuminate\\Foundation\\Http\\Middleware\\ConvertEmptyStringsToNull.php(31): Illuminate\\Foundation\\Http\\Middleware\\TransformsRequest->handle(Object(Illuminate\\Http\\Request), Object(Closure))
#43 C:\\xampp\\htdocs\\its-tni\\vendor\\laravel\\framework\\src\\Illuminate\\Pipeline\\Pipeline.php(180): Illuminate\\Foundation\\Http\\Middleware\\ConvertEmptyStringsToNull->handle(Object(Illuminate\\Http\\Request), Object(Closure))
#44 C:\\xampp\\htdocs\\its-tni\\vendor\\laravel\\framework\\src\\Illuminate\\Foundation\\Http\\Middleware\\TransformsRequest.php(21): Illuminate\\Pipeline\\Pipeline->Illuminate\\Pipeline\\{closure}(Object(Illuminate\\Http\\Request))
#45 C:\\xampp\\htdocs\\its-tni\\vendor\\laravel\\framework\\src\\Illuminate\\Foundation\\Http\\Middleware\\TrimStrings.php(40): Illuminate\\Foundation\\Http\\Middleware\\TransformsRequest->handle(Object(Illuminate\\Http\\Request), Object(Closure))
#46 C:\\xampp\\htdocs\\its-tni\\vendor\\laravel\\framework\\src\\Illuminate\\Pipeline\\Pipeline.php(180): Illuminate\\Foundation\\Http\\Middleware\\TrimStrings->handle(Object(Illuminate\\Http\\Request), Object(Closure))
#47 C:\\xampp\\htdocs\\its-tni\\vendor\\laravel\\framework\\src\\Illuminate\\Foundation\\Http\\Middleware\\ValidatePostSize.php(27): Illuminate\\Pipeline\\Pipeline->Illuminate\\Pipeline\\{closure}(Object(Illuminate\\Http\\Request))
#48 C:\\xampp\\htdocs\\its-tni\\vendor\\laravel\\framework\\src\\Illuminate\\Pipeline\\Pipeline.php(180): Illuminate\\Foundation\\Http\\Middleware\\ValidatePostSize->handle(Object(Illuminate\\Http\\Request), Object(Closure))
#49 C:\\xampp\\htdocs\\its-tni\\vendor\\laravel\\framework\\src\\Illuminate\\Foundation\\Http\\Middleware\\PreventRequestsDuringMaintenance.php(86): Illuminate\\Pipeline\\Pipeline->Illuminate\\Pipeline\\{closure}(Object(Illuminate\\Http\\Request))
#50 C:\\xampp\\htdocs\\its-tni\\vendor\\laravel\\framework\\src\\Illuminate\\Pipeline\\Pipeline.php(180): Illuminate\\Foundation\\Http\\Middleware\\PreventRequestsDuringMaintenance->handle(Object(Illuminate\\Http\\Request), Object(Closure))
#51 C:\\xampp\\htdocs\\its-tni\\vendor\\laravel\\framework\\src\\Illuminate\\Http\\Middleware\\HandleCors.php(49): Illuminate\\Pipeline\\Pipeline->Illuminate\\Pipeline\\{closure}(Object(Illuminate\\Http\\Request))
#52 C:\\xampp\\htdocs\\its-tni\\vendor\\laravel\\framework\\src\\Illuminate\\Pipeline\\Pipeline.php(180): Illuminate\\Http\\Middleware\\HandleCors->handle(Object(Illuminate\\Http\\Request), Object(Closure))
#53 C:\\xampp\\htdocs\\its-tni\\vendor\\laravel\\framework\\src\\Illuminate\\Http\\Middleware\\TrustProxies.php(39): Illuminate\\Pipeline\\Pipeline->Illuminate\\Pipeline\\{closure}(Object(Illuminate\\Http\\Request))
#54 C:\\xampp\\htdocs\\its-tni\\vendor\\laravel\\framework\\src\\Illuminate\\Pipeline\\Pipeline.php(180): Illuminate\\Http\\Middleware\\TrustProxies->handle(Object(Illuminate\\Http\\Request), Object(Closure))
#55 C:\\xampp\\htdocs\\its-tni\\vendor\\laravel\\framework\\src\\Illuminate\\Pipeline\\Pipeline.php(116): Illuminate\\Pipeline\\Pipeline->Illuminate\\Pipeline\\{closure}(Object(Illuminate\\Http\\Request))
#56 C:\\xampp\\htdocs\\its-tni\\vendor\\laravel\\framework\\src\\Illuminate\\Foundation\\Http\\Kernel.php(175): Illuminate\\Pipeline\\Pipeline->then(Object(Closure))
#57 C:\\xampp\\htdocs\\its-tni\\vendor\\laravel\\framework\\src\\Illuminate\\Foundation\\Http\\Kernel.php(144): Illuminate\\Foundation\\Http\\Kernel->sendRequestThroughRouter(Object(Illuminate\\Http\\Request))
#58 C:\\xampp\\htdocs\\its-tni\\public\\index.php(54): Illuminate\\Foundation\\Http\\Kernel->handle(Object(Illuminate\\Http\\Request))
#59 {main}

[previous exception] [object] (ErrorException(code: 0): Undefined variable $materi at C:\\xampp\\htdocs\\its-tni\\storage\\framework\\views\\117a84a1859fbf5429e07f564477e3a9.php:26)
[stacktrace]
#0 C:\\xampp\\htdocs\\its-tni\\vendor\\laravel\\framework\\src\\Illuminate\\Foundation\\Bootstrap\\HandleExceptions.php(250): Illuminate\\Foundation\\Bootstrap\\HandleExceptions->handleError(2, 'Undefined varia...', 'C:\\\\xampp\\\\htdocs...', 26)
#1 C:\\xampp\\htdocs\\its-tni\\storage\\framework\\views\\117a84a1859fbf5429e07f564477e3a9.php(26): Illuminate\\Foundation\\Bootstrap\\HandleExceptions->Illuminate\\Foundation\\Bootstrap\\{closure}(2, 'Undefined varia...', 'C:\\\\xampp\\\\htdocs...', 26)
#2 C:\\xampp\\htdocs\\its-tni\\vendor\\laravel\\framework\\src\\Illuminate\\Filesystem\\Filesystem.php(123): require('C:\\\\xampp\\\\htdocs...')
#3 C:\\xampp\\htdocs\\its-tni\\vendor\\laravel\\framework\\src\\Illuminate\\Filesystem\\Filesystem.php(124): Illuminate\\Filesystem\\Filesystem::Illuminate\\Filesystem\\{closure}()
#4 C:\\xampp\\htdocs\\its-tni\\vendor\\laravel\\framework\\src\\Illuminate\\View\\Engines\\PhpEngine.php(58): Illuminate\\Filesystem\\Filesystem->getRequire('C:\\\\xampp\\\\htdocs...', Array)
#5 C:\\xampp\\htdocs\\its-tni\\vendor\\laravel\\framework\\src\\Illuminate\\View\\Engines\\CompilerEngine.php(70): Illuminate\\View\\Engines\\PhpEngine->evaluatePath('C:\\\\xampp\\\\htdocs...', Array)
#6 C:\\xampp\\htdocs\\its-tni\\vendor\\laravel\\framework\\src\\Illuminate\\View\\View.php(195): Illuminate\\View\\Engines\\CompilerEngine->get('C:\\\\xampp\\\\htdocs...', Array)
#7 C:\\xampp\\htdocs\\its-tni\\vendor\\laravel\\framework\\src\\Illuminate\\View\\View.php(178): Illuminate\\View\\View->getContents()
#8 C:\\xampp\\htdocs\\its-tni\\vendor\\laravel\\framework\\src\\Illuminate\\View\\View.php(147): Illuminate\\View\\View->renderContents()
#9 C:\\xampp\\htdocs\\its-tni\\vendor\\laravel\\framework\\src\\Illuminate\\Http\\Response.php(69): Illuminate\\View\\View->render()
#10 C:\\xampp\\htdocs\\its-tni\\vendor\\laravel\\framework\\src\\Illuminate\\Http\\Response.php(35): Illuminate\\Http\\Response->setContent(Object(Illuminate\\View\\View))
#11 C:\\xampp\\htdocs\\its-tni\\vendor\\laravel\\framework\\src\\Illuminate\\Routing\\Router.php(906): Illuminate\\Http\\Response->__construct(Object(Illuminate\\View\\View), 200, Array)
#12 C:\\xampp\\htdocs\\its-tni\\vendor\\laravel\\framework\\src\\Illuminate\\Routing\\Router.php(875): Illuminate\\Routing\\Router::toResponse(Object(Illuminate\\Http\\Request), Object(Illuminate\\View\\View))
#13 C:\\xampp\\htdocs\\its-tni\\vendor\\laravel\\framework\\src\\Illuminate\\Routing\\Router.php(797): Illuminate\\Routing\\Router->prepareResponse(Object(Illuminate\\Http\\Request), Object(Illuminate\\View\\View))
#14 C:\\xampp\\htdocs\\its-tni\\vendor\\laravel\\framework\\src\\Illuminate\\Pipeline\\Pipeline.php(141): Illuminate\\Routing\\Router->Illuminate\\Routing\\{closure}(Object(Illuminate\\Http\\Request))
#15 C:\\xampp\\htdocs\\its-tni\\app\\Http\\Middleware\\UserLimit.php(28): Illuminate\\Pipeline\\Pipeline->Illuminate\\Pipeline\\{closure}(Object(Illuminate\\Http\\Request))
#16 C:\\xampp\\htdocs\\its-tni\\vendor\\laravel\\framework\\src\\Illuminate\\Pipeline\\Pipeline.php(180): App\\Http\\Middleware\\UserLimit->handle(Object(Illuminate\\Http\\Request), Object(Closure))
#17 C:\\xampp\\htdocs\\its-tni\\app\\Http\\Middleware\\Admin.php(48): Illuminate\\Pipeline\\Pipeline->Illuminate\\Pipeline\\{closure}(Object(Illuminate\\Http\\Request))
#18 C:\\xampp\\htdocs\\its-tni\\vendor\\laravel\\framework\\src\\Illuminate\\Pipeline\\Pipeline.php(180): App\\Http\\Middleware\\Admin->handle(Object(Illuminate\\Http\\Request), Object(Closure))
#19 C:\\xampp\\htdocs\\its-tni\\vendor\\laravel\\framework\\src\\Illuminate\\Routing\\Middleware\\SubstituteBindings.php(50): Illuminate\\Pipeline\\Pipeline->Illuminate\\Pipeline\\{closure}(Object(Illuminate\\Http\\Request))
#20 C:\\xampp\\htdocs\\its-tni\\vendor\\laravel\\framework\\src\\Illuminate\\Pipeline\\Pipeline.php(180): Illuminate\\Routing\\Middleware\\SubstituteBindings->handle(Object(Illuminate\\Http\\Request), Object(Closure))
#21 C:\\xampp\\htdocs\\its-tni\\vendor\\laravel\\framework\\src\\Illuminate\\Auth\\Middleware\\Authenticate.php(45): Illuminate\\Pipeline\\Pipeline->Illuminate\\Pipeline\\{closure}(Object(Illuminate\\Http\\Request))
#22 C:\\xampp\\htdocs\\its-tni\\vendor\\laravel\\framework\\src\\Illuminate\\Pipeline\\Pipeline.php(180): Illuminate\\Auth\\Middleware\\Authenticate->handle(Object(Illuminate\\Http\\Request), Object(Closure))
#23 C:\\xampp\\htdocs\\its-tni\\vendor\\laravel\\framework\\src\\Illuminate\\Foundation\\Http\\Middleware\\VerifyCsrfToken.php(78): Illuminate\\Pipeline\\Pipeline->Illuminate\\Pipeline\\{closure}(Object(Illuminate\\Http\\Request))
#24 C:\\xampp\\htdocs\\its-tni\\vendor\\laravel\\framework\\src\\Illuminate\\Pipeline\\Pipeline.php(180): Illuminate\\Foundation\\Http\\Middleware\\VerifyCsrfToken->handle(Object(Illuminate\\Http\\Request), Object(Closure))
#25 C:\\xampp\\htdocs\\its-tni\\vendor\\laravel\\framework\\src\\Illuminate\\View\\Middleware\\ShareErrorsFromSession.php(49): Illuminate\\Pipeline\\Pipeline->Illuminate\\Pipeline\\{closure}(Object(Illuminate\\Http\\Request))
#26 C:\\xampp\\htdocs\\its-tni\\vendor\\laravel\\framework\\src\\Illuminate\\Pipeline\\Pipeline.php(180): Illuminate\\View\\Middleware\\ShareErrorsFromSession->handle(Object(Illuminate\\Http\\Request), Object(Closure))
#27 C:\\xampp\\htdocs\\its-tni\\vendor\\laravel\\framework\\src\\Illuminate\\Session\\Middleware\\StartSession.php(121): Illuminate\\Pipeline\\Pipeline->Illuminate\\Pipeline\\{closure}(Object(Illuminate\\Http\\Request))
#28 C:\\xampp\\htdocs\\its-tni\\vendor\\laravel\\framework\\src\\Illuminate\\Session\\Middleware\\StartSession.php(64): Illuminate\\Session\\Middleware\\StartSession->handleStatefulRequest(Object(Illuminate\\Http\\Request), Object(Illuminate\\Session\\Store), Object(Closure))
#29 C:\\xampp\\htdocs\\its-tni\\vendor\\laravel\\framework\\src\\Illuminate\\Pipeline\\Pipeline.php(180): Illuminate\\Session\\Middleware\\StartSession->handle(Object(Illuminate\\Http\\Request), Object(Closure))
#30 C:\\xampp\\htdocs\\its-tni\\vendor\\laravel\\framework\\src\\Illuminate\\Cookie\\Middleware\\AddQueuedCookiesToResponse.php(37): Illuminate\\Pipeline\\Pipeline->Illuminate\\Pipeline\\{closure}(Object(Illuminate\\Http\\Request))
#31 C:\\xampp\\htdocs\\its-tni\\vendor\\laravel\\framework\\src\\Illuminate\\Pipeline\\Pipeline.php(180): Illuminate\\Cookie\\Middleware\\AddQueuedCookiesToResponse->handle(Object(Illuminate\\Http\\Request), Object(Closure))
#32 C:\\xampp\\htdocs\\its-tni\\vendor\\laravel\\framework\\src\\Illuminate\\Cookie\\Middleware\\EncryptCookies.php(67): Illuminate\\Pipeline\\Pipeline->Illuminate\\Pipeline\\{closure}(Object(Illuminate\\Http\\Request))
#33 C:\\xampp\\htdocs\\its-tni\\vendor\\laravel\\framework\\src\\Illuminate\\Pipeline\\Pipeline.php(180): Illuminate\\Cookie\\Middleware\\EncryptCookies->handle(Object(Illuminate\\Http\\Request), Object(Closure))
#34 C:\\xampp\\htdocs\\its-tni\\vendor\\laravel\\framework\\src\\Illuminate\\Pipeline\\Pipeline.php(116): Illuminate\\Pipeline\\Pipeline->Illuminate\\Pipeline\\{closure}(Object(Illuminate\\Http\\Request))
#35 C:\\xampp\\htdocs\\its-tni\\vendor\\laravel\\framework\\src\\Illuminate\\Routing\\Router.php(797): Illuminate\\Pipeline\\Pipeline->then(Object(Closure))
#36 C:\\xampp\\htdocs\\its-tni\\vendor\\laravel\\framework\\src\\Illuminate\\Routing\\Router.php(776): Illuminate\\Routing\\Router->runRouteWithinStack(Object(Illuminate\\Routing\\Route), Object(Illuminate\\Http\\Request))
#37 C:\\xampp\\htdocs\\its-tni\\vendor\\laravel\\framework\\src\\Illuminate\\Routing\\Router.php(740): Illuminate\\Routing\\Router->runRoute(Object(Illuminate\\Http\\Request), Object(Illuminate\\Routing\\Route))
#38 C:\\xampp\\htdocs\\its-tni\\vendor\\laravel\\framework\\src\\Illuminate\\Routing\\Router.php(729): Illuminate\\Routing\\Router->dispatchToRoute(Object(Illuminate\\Http\\Request))
#39 C:\\xampp\\htdocs\\its-tni\\vendor\\laravel\\framework\\src\\Illuminate\\Foundation\\Http\\Kernel.php(200): Illuminate\\Routing\\Router->dispatch(Object(Illuminate\\Http\\Request))
#40 C:\\xampp\\htdocs\\its-tni\\vendor\\laravel\\framework\\src\\Illuminate\\Pipeline\\Pipeline.php(141): Illuminate\\Foundation\\Http\\Kernel->Illuminate\\Foundation\\Http\\{closure}(Object(Illuminate\\Http\\Request))
#41 C:\\xampp\\htdocs\\its-tni\\vendor\\laravel\\framework\\src\\Illuminate\\Foundation\\Http\\Middleware\\TransformsRequest.php(21): Illuminate\\Pipeline\\Pipeline->Illuminate\\Pipeline\\{closure}(Object(Illuminate\\Http\\Request))
#42 C:\\xampp\\htdocs\\its-tni\\vendor\\laravel\\framework\\src\\Illuminate\\Foundation\\Http\\Middleware\\ConvertEmptyStringsToNull.php(31): Illuminate\\Foundation\\Http\\Middleware\\TransformsRequest->handle(Object(Illuminate\\Http\\Request), Object(Closure))
#43 C:\\xampp\\htdocs\\its-tni\\vendor\\laravel\\framework\\src\\Illuminate\\Pipeline\\Pipeline.php(180): Illuminate\\Foundation\\Http\\Middleware\\ConvertEmptyStringsToNull->handle(Object(Illuminate\\Http\\Request), Object(Closure))
#44 C:\\xampp\\htdocs\\its-tni\\vendor\\laravel\\framework\\src\\Illuminate\\Foundation\\Http\\Middleware\\TransformsRequest.php(21): Illuminate\\Pipeline\\Pipeline->Illuminate\\Pipeline\\{closure}(Object(Illuminate\\Http\\Request))
#45 C:\\xampp\\htdocs\\its-tni\\vendor\\laravel\\framework\\src\\Illuminate\\Foundation\\Http\\Middleware\\TrimStrings.php(40): Illuminate\\Foundation\\Http\\Middleware\\TransformsRequest->handle(Object(Illuminate\\Http\\Request), Object(Closure))
#46 C:\\xampp\\htdocs\\its-tni\\vendor\\laravel\\framework\\src\\Illuminate\\Pipeline\\Pipeline.php(180): Illuminate\\Foundation\\Http\\Middleware\\TrimStrings->handle(Object(Illuminate\\Http\\Request), Object(Closure))
#47 C:\\xampp\\htdocs\\its-tni\\vendor\\laravel\\framework\\src\\Illuminate\\Foundation\\Http\\Middleware\\ValidatePostSize.php(27): Illuminate\\Pipeline\\Pipeline->Illuminate\\Pipeline\\{closure}(Object(Illuminate\\Http\\Request))
#48 C:\\xampp\\htdocs\\its-tni\\vendor\\laravel\\framework\\src\\Illuminate\\Pipeline\\Pipeline.php(180): Illuminate\\Foundation\\Http\\Middleware\\ValidatePostSize->handle(Object(Illuminate\\Http\\Request), Object(Closure))
#49 C:\\xampp\\htdocs\\its-tni\\vendor\\laravel\\framework\\src\\Illuminate\\Foundation\\Http\\Middleware\\PreventRequestsDuringMaintenance.php(86): Illuminate\\Pipeline\\Pipeline->Illuminate\\Pipeline\\{closure}(Object(Illuminate\\Http\\Request))
#50 C:\\xampp\\htdocs\\its-tni\\vendor\\laravel\\framework\\src\\Illuminate\\Pipeline\\Pipeline.php(180): Illuminate\\Foundation\\Http\\Middleware\\PreventRequestsDuringMaintenance->handle(Object(Illuminate\\Http\\Request), Object(Closure))
#51 C:\\xampp\\htdocs\\its-tni\\vendor\\laravel\\framework\\src\\Illuminate\\Http\\Middleware\\HandleCors.php(49): Illuminate\\Pipeline\\Pipeline->Illuminate\\Pipeline\\{closure}(Object(Illuminate\\Http\\Request))
#52 C:\\xampp\\htdocs\\its-tni\\vendor\\laravel\\framework\\src\\Illuminate\\Pipeline\\Pipeline.php(180): Illuminate\\Http\\Middleware\\HandleCors->handle(Object(Illuminate\\Http\\Request), Object(Closure))
#53 C:\\xampp\\htdocs\\its-tni\\vendor\\laravel\\framework\\src\\Illuminate\\Http\\Middleware\\TrustProxies.php(39): Illuminate\\Pipeline\\Pipeline->Illuminate\\Pipeline\\{closure}(Object(Illuminate\\Http\\Request))
#54 C:\\xampp\\htdocs\\its-tni\\vendor\\laravel\\framework\\src\\Illuminate\\Pipeline\\Pipeline.php(180): Illuminate\\Http\\Middleware\\TrustProxies->handle(Object(Illuminate\\Http\\Request), Object(Closure))
#55 C:\\xampp\\htdocs\\its-tni\\vendor\\laravel\\framework\\src\\Illuminate\\Pipeline\\Pipeline.php(116): Illuminate\\Pipeline\\Pipeline->Illuminate\\Pipeline\\{closure}(Object(Illuminate\\Http\\Request))
#56 C:\\xampp\\htdocs\\its-tni\\vendor\\laravel\\framework\\src\\Illuminate\\Foundation\\Http\\Kernel.php(175): Illuminate\\Pipeline\\Pipeline->then(Object(Closure))
#57 C:\\xampp\\htdocs\\its-tni\\vendor\\laravel\\framework\\src\\Illuminate\\Foundation\\Http\\Kernel.php(144): Illuminate\\Foundation\\Http\\Kernel->sendRequestThroughRouter(Object(Illuminate\\Http\\Request))
#58 C:\\xampp\\htdocs\\its-tni\\public\\index.php(54): Illuminate\\Foundation\\Http\\Kernel->handle(Object(Illuminate\\Http\\Request))
#59 {main}
"} 
[2024-07-12 01:04:33] local.ERROR: Undefined variable $materi {"view":{"view":"C:\\xampp\\htdocs\\its-tni\\resources\\views\\student\\course\\class.blade.php","data":{"errors":"<pre class=sf-dump id=sf-dump-922909281 data-indent-pad=\"  \"><span class=sf-dump-note>Illuminate\\Support\\ViewErrorBag</span> {<a class=sf-dump-ref>#2297</a><samp data-depth=1 class=sf-dump-expanded>
  #<span class=sf-dump-protected title=\"Protected property\">bags</span>: []
</samp>}
</pre><script>Sfdump(\"sf-dump-922909281\", {\"maxDepth\":3,\"maxStringLength\":160})</script>
","pageTitle":"<pre class=sf-dump id=sf-dump-2114561935 data-indent-pad=\"  \">\"<span class=sf-dump-str title=\"29 characters\">Kelas : Pengenalan IOT Visual</span>\"
</pre><script>Sfdump(\"sf-dump-2114561935\", {\"maxDepth\":3,\"maxStringLength\":160})</script>
","lectures":"<pre class=sf-dump id=sf-dump-1330806655 data-indent-pad=\"  \"><span class=sf-dump-note>Laminas\\Db\\ResultSet\\ResultSet</span> {<a class=sf-dump-ref>#2509</a><samp data-depth=1 class=sf-dump-expanded>
  #<span class=sf-dump-protected title=\"Protected property\">buffer</span>: []
  #<span class=sf-dump-protected title=\"Protected property\">count</span>: <span class=sf-dump-const>null</span>
  #<span class=sf-dump-protected title=\"Protected property\">dataSource</span>: <span class=sf-dump-note title=\"Laminas\\Db\\Adapter\\Driver\\Pdo\\Result
\"><span class=\"sf-dump-ellipsis sf-dump-ellipsis-note\">Laminas\\Db\\Adapter\\Driver\\Pdo</span><span class=\"sf-dump-ellipsis sf-dump-ellipsis-note\">\\</span>Result</span> {<a class=sf-dump-ref>#2508</a><samp data-depth=2 class=sf-dump-compact>
    #<span class=sf-dump-protected title=\"Protected property\">statementMode</span>: \"<span class=sf-dump-str title=\"7 characters\">forward</span>\"
    #<span class=sf-dump-protected title=\"Protected property\">fetchMode</span>: <span class=sf-dump-num>2</span>
    #<span class=sf-dump-protected title=\"Protected property\">resource</span>: <span class=sf-dump-note>PDOStatement</span> {<a class=sf-dump-ref>#2510</a><samp data-depth=3 class=sf-dump-compact>
      +<span class=sf-dump-public title=\"Public property\">queryString</span>: \"<span class=sf-dump-str title=\"89 characters\">SELECT `lectures`.* FROM `lectures` WHERE `lesson_id` = :where1 ORDER BY `sort_order` ASC</span>\"
    </samp>}
    #<span class=sf-dump-protected title=\"Protected property\">options</span>: <span class=sf-dump-const>null</span>
    #<span class=sf-dump-protected title=\"Protected property\">currentComplete</span>: <span class=sf-dump-const>true</span>
    #<span class=sf-dump-protected title=\"Protected property\">currentData</span>: <span class=sf-dump-const>false</span>
    #<span class=sf-dump-protected title=\"Protected property\">position</span>: <span class=sf-dump-num>0</span>
    #<span class=sf-dump-protected title=\"Protected property\">generatedValue</span>: \"<span class=sf-dump-str>0</span>\"
    #<span class=sf-dump-protected title=\"Protected property\">rowCount</span>: <span class=sf-dump-const>null</span>
  </samp>}
  #<span class=sf-dump-protected title=\"Protected property\">fieldCount</span>: <span class=sf-dump-num>6</span>
  #<span class=sf-dump-protected title=\"Protected property\">position</span>: <span class=sf-dump-num>0</span>
  #<span class=sf-dump-protected title=\"Protected property\">allowedReturnTypes</span>: <span class=sf-dump-note>array:2</span> [<samp data-depth=2 class=sf-dump-compact>
    <span class=sf-dump-index>0</span> => \"<span class=sf-dump-str title=\"11 characters\">arrayobject</span>\"
    <span class=sf-dump-index>1</span> => \"<span class=sf-dump-str title=\"5 characters\">array</span>\"
  </samp>]
  #<span class=sf-dump-protected title=\"Protected property\">arrayObjectPrototype</span>: <span class=sf-dump-note>ArrayObject</span> {<a class=sf-dump-ref>#2503</a><samp data-depth=2 class=sf-dump-compact>
    -<span class=sf-dump-private title=\"Private property defined in class:&#10;`ArrayObject`\">storage</span>: []
    <span class=sf-dump-meta>flag::STD_PROP_LIST</span>: <span class=sf-dump-const>false</span>
    <span class=sf-dump-meta>flag::ARRAY_AS_PROPS</span>: <span class=sf-dump-const>true</span>
    <span class=sf-dump-meta>iteratorClass</span>: \"<span class=sf-dump-str title=\"13 characters\">ArrayIterator</span>\"
  </samp>}
  #<span class=sf-dump-protected title=\"Protected property\">returnType</span>: \"<span class=sf-dump-str title=\"11 characters\">arrayobject</span>\"
</samp>}
</pre><script>Sfdump(\"sf-dump-1330806655\", {\"maxDepth\":3,\"maxStringLength\":160})</script>
","lectureTable":"<pre class=sf-dump id=sf-dump-2040491970 data-indent-pad=\"  \"><span class=sf-dump-note>App\\V2\\Model\\LectureTable</span> {<a class=sf-dump-ref>#2476</a><samp data-depth=1 class=sf-dump-expanded>
  #<span class=sf-dump-protected title=\"Protected property\">tableName</span>: \"<span class=sf-dump-str title=\"8 characters\">lectures</span>\"
  +<span class=sf-dump-public title=\"Public property\">tableGateway</span>: <span class=sf-dump-note title=\"Laminas\\Db\\TableGateway\\TableGateway
\"><span class=\"sf-dump-ellipsis sf-dump-ellipsis-note\">Laminas\\Db\\TableGateway</span><span class=\"sf-dump-ellipsis sf-dump-ellipsis-note\">\\</span>TableGateway</span> {<a class=sf-dump-ref href=#sf-dump-2040491970-ref22439 title=\"2 occurrences\">#2439</a><samp data-depth=2 id=sf-dump-2040491970-ref22439 class=sf-dump-compact>
    #<span class=sf-dump-protected title=\"Protected property\">isInitialized</span>: <span class=sf-dump-const>true</span>
    #<span class=sf-dump-protected title=\"Protected property\">adapter</span>: <span class=sf-dump-note title=\"Laminas\\Db\\Adapter\\Adapter
\"><span class=\"sf-dump-ellipsis sf-dump-ellipsis-note\">Laminas\\Db\\Adapter</span><span class=\"sf-dump-ellipsis sf-dump-ellipsis-note\">\\</span>Adapter</span> {<a class=sf-dump-ref href=#sf-dump-2040491970-ref22310 title=\"4 occurrences\">#2310</a><samp data-depth=3 id=sf-dump-2040491970-ref22310 class=sf-dump-compact>
      #<span class=sf-dump-protected title=\"Protected property\">driver</span>: <span class=sf-dump-note title=\"Laminas\\Db\\Adapter\\Driver\\Pdo\\Pdo
\"><span class=\"sf-dump-ellipsis sf-dump-ellipsis-note\">Laminas\\Db\\Adapter\\Driver\\Pdo</span><span class=\"sf-dump-ellipsis sf-dump-ellipsis-note\">\\</span>Pdo</span> {<a class=sf-dump-ref href=#sf-dump-2040491970-ref22301 title=\"4 occurrences\">#2301</a> &#8230;5}
      #<span class=sf-dump-protected title=\"Protected property\">platform</span>: <span class=sf-dump-note title=\"Laminas\\Db\\Adapter\\Platform\\Mysql
\"><span class=\"sf-dump-ellipsis sf-dump-ellipsis-note\">Laminas\\Db\\Adapter\\Platform</span><span class=\"sf-dump-ellipsis sf-dump-ellipsis-note\">\\</span>Mysql</span> {<a class=sf-dump-ref href=#sf-dump-2040491970-ref22312 title=\"2 occurrences\">#2312</a> &#8230;5}
      #<span class=sf-dump-protected title=\"Protected property\">profiler</span>: <span class=sf-dump-const>null</span>
      #<span class=sf-dump-protected title=\"Protected property\">queryResultSetPrototype</span>: <span class=sf-dump-note title=\"Laminas\\Db\\ResultSet\\ResultSet
\"><span class=\"sf-dump-ellipsis sf-dump-ellipsis-note\">Laminas\\Db\\ResultSet</span><span class=\"sf-dump-ellipsis sf-dump-ellipsis-note\">\\</span>ResultSet</span> {<a class=sf-dump-ref>#2326</a> &#8230;8}
      #<span class=sf-dump-protected title=\"Protected property\">lastPreparedStatement</span>: <span class=sf-dump-const>null</span>
    </samp>}
    #<span class=sf-dump-protected title=\"Protected property\">table</span>: \"<span class=sf-dump-str title=\"8 characters\">lectures</span>\"
    #<span class=sf-dump-protected title=\"Protected property\">columns</span>: []
    #<span class=sf-dump-protected title=\"Protected property\">featureSet</span>: <span class=sf-dump-note title=\"Laminas\\Db\\TableGateway\\Feature\\FeatureSet
\"><span class=\"sf-dump-ellipsis sf-dump-ellipsis-note\">Laminas\\Db\\TableGateway\\Feature</span><span class=\"sf-dump-ellipsis sf-dump-ellipsis-note\">\\</span>FeatureSet</span> {<a class=sf-dump-ref>#2477</a><samp data-depth=3 class=sf-dump-compact>
      #<span class=sf-dump-protected title=\"Protected property\">tableGateway</span>: <span class=sf-dump-note title=\"Laminas\\Db\\TableGateway\\TableGateway
\"><span class=\"sf-dump-ellipsis sf-dump-ellipsis-note\">Laminas\\Db\\TableGateway</span><span class=\"sf-dump-ellipsis sf-dump-ellipsis-note\">\\</span>TableGateway</span> {<a class=sf-dump-ref href=#sf-dump-2040491970-ref22439 title=\"2 occurrences\">#2439</a>}
      #<span class=sf-dump-protected title=\"Protected property\">features</span>: []
      #<span class=sf-dump-protected title=\"Protected property\">magicSpecifications</span>: []
    </samp>}
    #<span class=sf-dump-protected title=\"Protected property\">resultSetPrototype</span>: <span class=sf-dump-note title=\"Laminas\\Db\\ResultSet\\ResultSet
\"><span class=\"sf-dump-ellipsis sf-dump-ellipsis-note\">Laminas\\Db\\ResultSet</span><span class=\"sf-dump-ellipsis sf-dump-ellipsis-note\">\\</span>ResultSet</span> {<a class=sf-dump-ref>#2502</a><samp data-depth=3 class=sf-dump-compact>
      #<span class=sf-dump-protected title=\"Protected property\">buffer</span>: <span class=sf-dump-const>null</span>
      #<span class=sf-dump-protected title=\"Protected property\">count</span>: <span class=sf-dump-const>null</span>
      #<span class=sf-dump-protected title=\"Protected property\">dataSource</span>: <span class=sf-dump-const>null</span>
      #<span class=sf-dump-protected title=\"Protected property\">fieldCount</span>: <span class=sf-dump-const>null</span>
      #<span class=sf-dump-protected title=\"Protected property\">position</span>: <span class=sf-dump-num>0</span>
      #<span class=sf-dump-protected title=\"Protected property\">allowedReturnTypes</span>: <span class=sf-dump-note>array:2</span> [ &#8230;2]
      #<span class=sf-dump-protected title=\"Protected property\">arrayObjectPrototype</span>: <span class=sf-dump-note>ArrayObject</span> {<a class=sf-dump-ref>#2503</a> &#8230;4}
      #<span class=sf-dump-protected title=\"Protected property\">returnType</span>: \"<span class=sf-dump-str title=\"11 characters\">arrayobject</span>\"
    </samp>}
    #<span class=sf-dump-protected title=\"Protected property\">sql</span>: <span class=sf-dump-note title=\"Laminas\\Db\\Sql\\Sql
\"><span class=\"sf-dump-ellipsis sf-dump-ellipsis-note\">Laminas\\Db\\Sql</span><span class=\"sf-dump-ellipsis sf-dump-ellipsis-note\">\\</span>Sql</span> {<a class=sf-dump-ref>#2504</a><samp data-depth=3 class=sf-dump-compact>
      #<span class=sf-dump-protected title=\"Protected property\">adapter</span>: <span class=sf-dump-note title=\"Laminas\\Db\\Adapter\\Adapter
\"><span class=\"sf-dump-ellipsis sf-dump-ellipsis-note\">Laminas\\Db\\Adapter</span><span class=\"sf-dump-ellipsis sf-dump-ellipsis-note\">\\</span>Adapter</span> {<a class=sf-dump-ref href=#sf-dump-2040491970-ref22310 title=\"4 occurrences\">#2310</a>}
      #<span class=sf-dump-protected title=\"Protected property\">table</span>: \"<span class=sf-dump-str title=\"8 characters\">lectures</span>\"
      #<span class=sf-dump-protected title=\"Protected property\">sqlPlatform</span>: <span class=sf-dump-note title=\"Laminas\\Db\\Sql\\Platform\\Platform
\"><span class=\"sf-dump-ellipsis sf-dump-ellipsis-note\">Laminas\\Db\\Sql\\Platform</span><span class=\"sf-dump-ellipsis sf-dump-ellipsis-note\">\\</span>Platform</span> {<a class=sf-dump-ref>#2505</a> &#8230;4}
    </samp>}
    #<span class=sf-dump-protected title=\"Protected property\">lastInsertValue</span>: <span class=sf-dump-const>null</span>
  </samp>}
  #<span class=sf-dump-protected title=\"Protected property\">serviceLocator</span>: <span class=sf-dump-note title=\"Laminas\\ServiceManager\\ServiceManager
\"><span class=\"sf-dump-ellipsis sf-dump-ellipsis-note\">Laminas\\ServiceManager</span><span class=\"sf-dump-ellipsis sf-dump-ellipsis-note\">\\</span>ServiceManager</span> {<a class=sf-dump-ref href=#sf-dump-2040491970-ref21222 title=\"2 occurrences\">#1222</a><samp data-depth=2 id=sf-dump-2040491970-ref21222 class=sf-dump-compact>
    #<span class=sf-dump-protected title=\"Protected property\">abstractFactories</span>: []
    #<span class=sf-dump-protected title=\"Protected property\">aliases</span>: []
    #<span class=sf-dump-protected title=\"Protected property\">allowOverride</span>: <span class=sf-dump-const>false</span>
    #<span class=sf-dump-protected title=\"Protected property\">creationContext</span>: <span class=sf-dump-note title=\"Laminas\\ServiceManager\\ServiceManager
\"><span class=\"sf-dump-ellipsis sf-dump-ellipsis-note\">Laminas\\ServiceManager</span><span class=\"sf-dump-ellipsis sf-dump-ellipsis-note\">\\</span>ServiceManager</span> {<a class=sf-dump-ref href=#sf-dump-2040491970-ref21222 title=\"2 occurrences\">#1222</a>}
    #<span class=sf-dump-protected title=\"Protected property\">delegators</span>: []
    #<span class=sf-dump-protected title=\"Protected property\">factories</span>: <span class=sf-dump-note>array:1</span> [<samp data-depth=3 class=sf-dump-compact>
      \"<span class=sf-dump-key>Laminas\\Db\\Adapter\\Adapter</span>\" => <span class=sf-dump-note>Closure($sm)</span> {<a class=sf-dump-ref>#1223</a> &#8230;3}
    </samp>]
    #<span class=sf-dump-protected title=\"Protected property\">initializers</span>: []
    #<span class=sf-dump-protected title=\"Protected property\">lazyServices</span>: []
    -<span class=sf-dump-private title=\"Private property defined in class:&#10;`Laminas\\ServiceManager\\ServiceManager`\">lazyServicesDelegator</span>: <span class=sf-dump-const>null</span>
    #<span class=sf-dump-protected title=\"Protected property\">services</span>: <span class=sf-dump-note>array:1</span> [<samp data-depth=3 class=sf-dump-compact>
      \"<span class=sf-dump-key>Laminas\\Db\\Adapter\\Adapter</span>\" => <span class=sf-dump-note title=\"Laminas\\Db\\Adapter\\Adapter
\"><span class=\"sf-dump-ellipsis sf-dump-ellipsis-note\">Laminas\\Db\\Adapter</span><span class=\"sf-dump-ellipsis sf-dump-ellipsis-note\">\\</span>Adapter</span> {<a class=sf-dump-ref href=#sf-dump-2040491970-ref22310 title=\"4 occurrences\">#2310</a>}
    </samp>]
    #<span class=sf-dump-protected title=\"Protected property\">shared</span>: []
    #<span class=sf-dump-protected title=\"Protected property\">sharedByDefault</span>: <span class=sf-dump-const>true</span>
    #<span class=sf-dump-protected title=\"Protected property\">configured</span>: <span class=sf-dump-const>true</span>
    -<span class=sf-dump-private title=\"Private property defined in class:&#10;`Laminas\\ServiceManager\\ServiceManager`\">cachedAbstractFactories</span>: []
  </samp>}
  #<span class=sf-dump-protected title=\"Protected property\">primary</span>: \"<span class=sf-dump-str title=\"2 characters\">id</span>\"
  #<span class=sf-dump-protected title=\"Protected property\">adapter</span>: <span class=sf-dump-note title=\"Laminas\\Db\\Adapter\\Adapter
\"><span class=\"sf-dump-ellipsis sf-dump-ellipsis-note\">Laminas\\Db\\Adapter</span><span class=\"sf-dump-ellipsis sf-dump-ellipsis-note\">\\</span>Adapter</span> {<a class=sf-dump-ref href=#sf-dump-2040491970-ref22310 title=\"4 occurrences\">#2310</a>}
  #<span class=sf-dump-protected title=\"Protected property\">inputFilter</span>: <span class=sf-dump-const>null</span>
  +<span class=sf-dump-public title=\"Public property\">db</span>: <span class=sf-dump-const>null</span>
  +<span class=sf-dump-public title=\"Public property\">config</span>: <span class=sf-dump-const>null</span>
  +<span class=sf-dump-public title=\"Public property\">cache</span>: <span class=sf-dump-const>null</span>
  #<span class=sf-dump-protected title=\"Protected property\">accountId</span>: <span class=sf-dump-const>false</span>
  #<span class=sf-dump-protected title=\"Protected property\">prefix</span>: \"\"
  #<span class=sf-dump-protected title=\"Protected property\">timeStamp</span>: <span class=sf-dump-const>true</span>
</samp>}
</pre><script>Sfdump(\"sf-dump-2040491970\", {\"maxDepth\":3,\"maxStringLength\":160})</script>
","classRow":"<pre class=sf-dump id=sf-dump-1852825050 data-indent-pad=\"  \"><span class=sf-dump-note>ArrayObject</span> {<a class=sf-dump-ref>#2501</a><samp data-depth=1 class=sf-dump-expanded>
  -<span class=sf-dump-private title=\"Private property defined in class:&#10;`ArrayObject`\">storage</span>: <span class=sf-dump-note>array:13</span> [<samp data-depth=2 class=sf-dump-compact>
    \"<span class=sf-dump-key>id</span>\" => <span class=sf-dump-num>24</span>
    \"<span class=sf-dump-key>created_at</span>\" => \"<span class=sf-dump-str title=\"19 characters\">2024-07-11 08:52:30</span>\"
    \"<span class=sf-dump-key>updated_at</span>\" => \"<span class=sf-dump-str title=\"19 characters\">2024-07-11 08:52:30</span>\"
    \"<span class=sf-dump-key>name</span>\" => \"<span class=sf-dump-str title=\"21 characters\">Pengenalan IOT Visual</span>\"
    \"<span class=sf-dump-key>admin_id</span>\" => <span class=sf-dump-num>2</span>
    \"<span class=sf-dump-key>picture</span>\" => <span class=sf-dump-const>null</span>
    \"<span class=sf-dump-key>description</span>\" => \"<span class=sf-dump-str title=\"89 characters\">&lt;p&gt;Ini adalah materi pengenalan IOT dengan menggunakan pendekatan gaya belajar Visual&lt;/p&gt;</span>\"
    \"<span class=sf-dump-key>sort_order</span>\" => <span class=sf-dump-const>null</span>
    \"<span class=sf-dump-key>test_required</span>\" => <span class=sf-dump-const>null</span>
    \"<span class=sf-dump-key>test_id</span>\" => <span class=sf-dump-const>null</span>
    \"<span class=sf-dump-key>type</span>\" => \"<span class=sf-dump-str>c</span>\"
    \"<span class=sf-dump-key>introduction</span>\" => \"<span class=sf-dump-str title=\"109 characters\">&lt;p&gt;Pengantar untuk pengenalan materi Internet Of Things dengan menggunakan pendekatan gaya belajar visual&lt;/p&gt;</span>\"
    \"<span class=sf-dump-key>enforce_lecture_order</span>\" => <span class=sf-dump-num>1</span>
  </samp>]
  <span class=sf-dump-meta>flag::STD_PROP_LIST</span>: <span class=sf-dump-const>false</span>
  <span class=sf-dump-meta>flag::ARRAY_AS_PROPS</span>: <span class=sf-dump-const>true</span>
  <span class=sf-dump-meta>iteratorClass</span>: \"<span class=sf-dump-str title=\"13 characters\">ArrayIterator</span>\"
</samp>}
</pre><script>Sfdump(\"sf-dump-1852825050\", {\"maxDepth\":3,\"maxStringLength\":160})</script>
","downloads":"<pre class=sf-dump id=sf-dump-1619368352 data-indent-pad=\"  \"><span class=sf-dump-note>Laminas\\Db\\ResultSet\\ResultSet</span> {<a class=sf-dump-ref>#2574</a><samp data-depth=1 class=sf-dump-expanded>
  #<span class=sf-dump-protected title=\"Protected property\">buffer</span>: []
  #<span class=sf-dump-protected title=\"Protected property\">count</span>: <span class=sf-dump-const>null</span>
  #<span class=sf-dump-protected title=\"Protected property\">dataSource</span>: <span class=sf-dump-note title=\"Laminas\\Db\\Adapter\\Driver\\Pdo\\Result
\"><span class=\"sf-dump-ellipsis sf-dump-ellipsis-note\">Laminas\\Db\\Adapter\\Driver\\Pdo</span><span class=\"sf-dump-ellipsis sf-dump-ellipsis-note\">\\</span>Result</span> {<a class=sf-dump-ref>#2573</a><samp data-depth=2 class=sf-dump-compact>
    #<span class=sf-dump-protected title=\"Protected property\">statementMode</span>: \"<span class=sf-dump-str title=\"7 characters\">forward</span>\"
    #<span class=sf-dump-protected title=\"Protected property\">fetchMode</span>: <span class=sf-dump-num>2</span>
    #<span class=sf-dump-protected title=\"Protected property\">resource</span>: <span class=sf-dump-note>PDOStatement</span> {<a class=sf-dump-ref>#2575</a><samp data-depth=3 class=sf-dump-compact>
      +<span class=sf-dump-public title=\"Public property\">queryString</span>: \"<span class=sf-dump-str title=\"90 characters\">SELECT `lesson_files`.* FROM `lesson_files` WHERE `lesson_id` = :where1 ORDER BY `id` DESC</span>\"
    </samp>}
    #<span class=sf-dump-protected title=\"Protected property\">options</span>: <span class=sf-dump-const>null</span>
    #<span class=sf-dump-protected title=\"Protected property\">currentComplete</span>: <span class=sf-dump-const>true</span>
    #<span class=sf-dump-protected title=\"Protected property\">currentData</span>: <span class=sf-dump-const>false</span>
    #<span class=sf-dump-protected title=\"Protected property\">position</span>: <span class=sf-dump-num>0</span>
    #<span class=sf-dump-protected title=\"Protected property\">generatedValue</span>: \"<span class=sf-dump-str>0</span>\"
    #<span class=sf-dump-protected title=\"Protected property\">rowCount</span>: <span class=sf-dump-const>null</span>
  </samp>}
  #<span class=sf-dump-protected title=\"Protected property\">fieldCount</span>: <span class=sf-dump-num>6</span>
  #<span class=sf-dump-protected title=\"Protected property\">position</span>: <span class=sf-dump-num>0</span>
  #<span class=sf-dump-protected title=\"Protected property\">allowedReturnTypes</span>: <span class=sf-dump-note>array:2</span> [<samp data-depth=2 class=sf-dump-compact>
    <span class=sf-dump-index>0</span> => \"<span class=sf-dump-str title=\"11 characters\">arrayobject</span>\"
    <span class=sf-dump-index>1</span> => \"<span class=sf-dump-str title=\"5 characters\">array</span>\"
  </samp>]
  #<span class=sf-dump-protected title=\"Protected property\">arrayObjectPrototype</span>: <span class=sf-dump-note>ArrayObject</span> {<a class=sf-dump-ref>#2541</a><samp data-depth=2 class=sf-dump-compact>
    -<span class=sf-dump-private title=\"Private property defined in class:&#10;`ArrayObject`\">storage</span>: []
    <span class=sf-dump-meta>flag::STD_PROP_LIST</span>: <span class=sf-dump-const>false</span>
    <span class=sf-dump-meta>flag::ARRAY_AS_PROPS</span>: <span class=sf-dump-const>true</span>
    <span class=sf-dump-meta>iteratorClass</span>: \"<span class=sf-dump-str title=\"13 characters\">ArrayIterator</span>\"
  </samp>}
  #<span class=sf-dump-protected title=\"Protected property\">returnType</span>: \"<span class=sf-dump-str title=\"11 characters\">arrayobject</span>\"
</samp>}
</pre><script>Sfdump(\"sf-dump-1619368352\", {\"maxDepth\":3,\"maxStringLength\":160})</script>
","fileTable":"<pre class=sf-dump id=sf-dump-519880571 data-indent-pad=\"  \"><span class=sf-dump-note>App\\V2\\Model\\LessonFileTable</span> {<a class=sf-dump-ref>#2564</a><samp data-depth=1 class=sf-dump-expanded>
  #<span class=sf-dump-protected title=\"Protected property\">tableName</span>: \"<span class=sf-dump-str title=\"12 characters\">lesson_files</span>\"
  +<span class=sf-dump-public title=\"Public property\">tableGateway</span>: <span class=sf-dump-note title=\"Laminas\\Db\\TableGateway\\TableGateway
\"><span class=\"sf-dump-ellipsis sf-dump-ellipsis-note\">Laminas\\Db\\TableGateway</span><span class=\"sf-dump-ellipsis sf-dump-ellipsis-note\">\\</span>TableGateway</span> {<a class=sf-dump-ref href=#sf-dump-519880571-ref22559 title=\"2 occurrences\">#2559</a><samp data-depth=2 id=sf-dump-519880571-ref22559 class=sf-dump-compact>
    #<span class=sf-dump-protected title=\"Protected property\">isInitialized</span>: <span class=sf-dump-const>true</span>
    #<span class=sf-dump-protected title=\"Protected property\">adapter</span>: <span class=sf-dump-note title=\"Laminas\\Db\\Adapter\\Adapter
\"><span class=\"sf-dump-ellipsis sf-dump-ellipsis-note\">Laminas\\Db\\Adapter</span><span class=\"sf-dump-ellipsis sf-dump-ellipsis-note\">\\</span>Adapter</span> {<a class=sf-dump-ref href=#sf-dump-519880571-ref22310 title=\"4 occurrences\">#2310</a><samp data-depth=3 id=sf-dump-519880571-ref22310 class=sf-dump-compact>
      #<span class=sf-dump-protected title=\"Protected property\">driver</span>: <span class=sf-dump-note title=\"Laminas\\Db\\Adapter\\Driver\\Pdo\\Pdo
\"><span class=\"sf-dump-ellipsis sf-dump-ellipsis-note\">Laminas\\Db\\Adapter\\Driver\\Pdo</span><span class=\"sf-dump-ellipsis sf-dump-ellipsis-note\">\\</span>Pdo</span> {<a class=sf-dump-ref href=#sf-dump-519880571-ref22301 title=\"4 occurrences\">#2301</a> &#8230;5}
      #<span class=sf-dump-protected title=\"Protected property\">platform</span>: <span class=sf-dump-note title=\"Laminas\\Db\\Adapter\\Platform\\Mysql
\"><span class=\"sf-dump-ellipsis sf-dump-ellipsis-note\">Laminas\\Db\\Adapter\\Platform</span><span class=\"sf-dump-ellipsis sf-dump-ellipsis-note\">\\</span>Mysql</span> {<a class=sf-dump-ref href=#sf-dump-519880571-ref22312 title=\"2 occurrences\">#2312</a> &#8230;5}
      #<span class=sf-dump-protected title=\"Protected property\">profiler</span>: <span class=sf-dump-const>null</span>
      #<span class=sf-dump-protected title=\"Protected property\">queryResultSetPrototype</span>: <span class=sf-dump-note title=\"Laminas\\Db\\ResultSet\\ResultSet
\"><span class=\"sf-dump-ellipsis sf-dump-ellipsis-note\">Laminas\\Db\\ResultSet</span><span class=\"sf-dump-ellipsis sf-dump-ellipsis-note\">\\</span>ResultSet</span> {<a class=sf-dump-ref>#2326</a> &#8230;8}
      #<span class=sf-dump-protected title=\"Protected property\">lastPreparedStatement</span>: <span class=sf-dump-const>null</span>
    </samp>}
    #<span class=sf-dump-protected title=\"Protected property\">table</span>: \"<span class=sf-dump-str title=\"12 characters\">lesson_files</span>\"
    #<span class=sf-dump-protected title=\"Protected property\">columns</span>: []
    #<span class=sf-dump-protected title=\"Protected property\">featureSet</span>: <span class=sf-dump-note title=\"Laminas\\Db\\TableGateway\\Feature\\FeatureSet
\"><span class=\"sf-dump-ellipsis sf-dump-ellipsis-note\">Laminas\\Db\\TableGateway\\Feature</span><span class=\"sf-dump-ellipsis sf-dump-ellipsis-note\">\\</span>FeatureSet</span> {<a class=sf-dump-ref>#2554</a><samp data-depth=3 class=sf-dump-compact>
      #<span class=sf-dump-protected title=\"Protected property\">tableGateway</span>: <span class=sf-dump-note title=\"Laminas\\Db\\TableGateway\\TableGateway
\"><span class=\"sf-dump-ellipsis sf-dump-ellipsis-note\">Laminas\\Db\\TableGateway</span><span class=\"sf-dump-ellipsis sf-dump-ellipsis-note\">\\</span>TableGateway</span> {<a class=sf-dump-ref href=#sf-dump-519880571-ref22559 title=\"2 occurrences\">#2559</a>}
      #<span class=sf-dump-protected title=\"Protected property\">features</span>: []
      #<span class=sf-dump-protected title=\"Protected property\">magicSpecifications</span>: []
    </samp>}
    #<span class=sf-dump-protected title=\"Protected property\">resultSetPrototype</span>: <span class=sf-dump-note title=\"Laminas\\Db\\ResultSet\\ResultSet
\"><span class=\"sf-dump-ellipsis sf-dump-ellipsis-note\">Laminas\\Db\\ResultSet</span><span class=\"sf-dump-ellipsis sf-dump-ellipsis-note\">\\</span>ResultSet</span> {<a class=sf-dump-ref>#2548</a><samp data-depth=3 class=sf-dump-compact>
      #<span class=sf-dump-protected title=\"Protected property\">buffer</span>: <span class=sf-dump-const>null</span>
      #<span class=sf-dump-protected title=\"Protected property\">count</span>: <span class=sf-dump-const>null</span>
      #<span class=sf-dump-protected title=\"Protected property\">dataSource</span>: <span class=sf-dump-const>null</span>
      #<span class=sf-dump-protected title=\"Protected property\">fieldCount</span>: <span class=sf-dump-const>null</span>
      #<span class=sf-dump-protected title=\"Protected property\">position</span>: <span class=sf-dump-num>0</span>
      #<span class=sf-dump-protected title=\"Protected property\">allowedReturnTypes</span>: <span class=sf-dump-note>array:2</span> [ &#8230;2]
      #<span class=sf-dump-protected title=\"Protected property\">arrayObjectPrototype</span>: <span class=sf-dump-note>ArrayObject</span> {<a class=sf-dump-ref>#2541</a> &#8230;4}
      #<span class=sf-dump-protected title=\"Protected property\">returnType</span>: \"<span class=sf-dump-str title=\"11 characters\">arrayobject</span>\"
    </samp>}
    #<span class=sf-dump-protected title=\"Protected property\">sql</span>: <span class=sf-dump-note title=\"Laminas\\Db\\Sql\\Sql
\"><span class=\"sf-dump-ellipsis sf-dump-ellipsis-note\">Laminas\\Db\\Sql</span><span class=\"sf-dump-ellipsis sf-dump-ellipsis-note\">\\</span>Sql</span> {<a class=sf-dump-ref>#2569</a><samp data-depth=3 class=sf-dump-compact>
      #<span class=sf-dump-protected title=\"Protected property\">adapter</span>: <span class=sf-dump-note title=\"Laminas\\Db\\Adapter\\Adapter
\"><span class=\"sf-dump-ellipsis sf-dump-ellipsis-note\">Laminas\\Db\\Adapter</span><span class=\"sf-dump-ellipsis sf-dump-ellipsis-note\">\\</span>Adapter</span> {<a class=sf-dump-ref href=#sf-dump-519880571-ref22310 title=\"4 occurrences\">#2310</a>}
      #<span class=sf-dump-protected title=\"Protected property\">table</span>: \"<span class=sf-dump-str title=\"12 characters\">lesson_files</span>\"
      #<span class=sf-dump-protected title=\"Protected property\">sqlPlatform</span>: <span class=sf-dump-note title=\"Laminas\\Db\\Sql\\Platform\\Platform
\"><span class=\"sf-dump-ellipsis sf-dump-ellipsis-note\">Laminas\\Db\\Sql\\Platform</span><span class=\"sf-dump-ellipsis sf-dump-ellipsis-note\">\\</span>Platform</span> {<a class=sf-dump-ref>#2570</a> &#8230;4}
    </samp>}
    #<span class=sf-dump-protected title=\"Protected property\">lastInsertValue</span>: <span class=sf-dump-const>null</span>
  </samp>}
  #<span class=sf-dump-protected title=\"Protected property\">serviceLocator</span>: <span class=sf-dump-note title=\"Laminas\\ServiceManager\\ServiceManager
\"><span class=\"sf-dump-ellipsis sf-dump-ellipsis-note\">Laminas\\ServiceManager</span><span class=\"sf-dump-ellipsis sf-dump-ellipsis-note\">\\</span>ServiceManager</span> {<a class=sf-dump-ref href=#sf-dump-519880571-ref21222 title=\"2 occurrences\">#1222</a><samp data-depth=2 id=sf-dump-519880571-ref21222 class=sf-dump-compact>
    #<span class=sf-dump-protected title=\"Protected property\">abstractFactories</span>: []
    #<span class=sf-dump-protected title=\"Protected property\">aliases</span>: []
    #<span class=sf-dump-protected title=\"Protected property\">allowOverride</span>: <span class=sf-dump-const>false</span>
    #<span class=sf-dump-protected title=\"Protected property\">creationContext</span>: <span class=sf-dump-note title=\"Laminas\\ServiceManager\\ServiceManager
\"><span class=\"sf-dump-ellipsis sf-dump-ellipsis-note\">Laminas\\ServiceManager</span><span class=\"sf-dump-ellipsis sf-dump-ellipsis-note\">\\</span>ServiceManager</span> {<a class=sf-dump-ref href=#sf-dump-519880571-ref21222 title=\"2 occurrences\">#1222</a>}
    #<span class=sf-dump-protected title=\"Protected property\">delegators</span>: []
    #<span class=sf-dump-protected title=\"Protected property\">factories</span>: <span class=sf-dump-note>array:1</span> [<samp data-depth=3 class=sf-dump-compact>
      \"<span class=sf-dump-key>Laminas\\Db\\Adapter\\Adapter</span>\" => <span class=sf-dump-note>Closure($sm)</span> {<a class=sf-dump-ref>#1223</a> &#8230;3}
    </samp>]
    #<span class=sf-dump-protected title=\"Protected property\">initializers</span>: []
    #<span class=sf-dump-protected title=\"Protected property\">lazyServices</span>: []
    -<span class=sf-dump-private title=\"Private property defined in class:&#10;`Laminas\\ServiceManager\\ServiceManager`\">lazyServicesDelegator</span>: <span class=sf-dump-const>null</span>
    #<span class=sf-dump-protected title=\"Protected property\">services</span>: <span class=sf-dump-note>array:1</span> [<samp data-depth=3 class=sf-dump-compact>
      \"<span class=sf-dump-key>Laminas\\Db\\Adapter\\Adapter</span>\" => <span class=sf-dump-note title=\"Laminas\\Db\\Adapter\\Adapter
\"><span class=\"sf-dump-ellipsis sf-dump-ellipsis-note\">Laminas\\Db\\Adapter</span><span class=\"sf-dump-ellipsis sf-dump-ellipsis-note\">\\</span>Adapter</span> {<a class=sf-dump-ref href=#sf-dump-519880571-ref22310 title=\"4 occurrences\">#2310</a>}
    </samp>]
    #<span class=sf-dump-protected title=\"Protected property\">shared</span>: []
    #<span class=sf-dump-protected title=\"Protected property\">sharedByDefault</span>: <span class=sf-dump-const>true</span>
    #<span class=sf-dump-protected title=\"Protected property\">configured</span>: <span class=sf-dump-const>true</span>
    -<span class=sf-dump-private title=\"Private property defined in class:&#10;`Laminas\\ServiceManager\\ServiceManager`\">cachedAbstractFactories</span>: []
  </samp>}
  #<span class=sf-dump-protected title=\"Protected property\">primary</span>: \"<span class=sf-dump-str title=\"2 characters\">id</span>\"
  #<span class=sf-dump-protected title=\"Protected property\">adapter</span>: <span class=sf-dump-note title=\"Laminas\\Db\\Adapter\\Adapter
\"><span class=\"sf-dump-ellipsis sf-dump-ellipsis-note\">Laminas\\Db\\Adapter</span><span class=\"sf-dump-ellipsis sf-dump-ellipsis-note\">\\</span>Adapter</span> {<a class=sf-dump-ref href=#sf-dump-519880571-ref22310 title=\"4 occurrences\">#2310</a>}
  #<span class=sf-dump-protected title=\"Protected property\">inputFilter</span>: <span class=sf-dump-const>null</span>
  +<span class=sf-dump-public title=\"Public property\">db</span>: <span class=sf-dump-const>null</span>
  +<span class=sf-dump-public title=\"Public property\">config</span>: <span class=sf-dump-const>null</span>
  +<span class=sf-dump-public title=\"Public property\">cache</span>: <span class=sf-dump-const>null</span>
  #<span class=sf-dump-protected title=\"Protected property\">accountId</span>: <span class=sf-dump-const>false</span>
  #<span class=sf-dump-protected title=\"Protected property\">prefix</span>: \"\"
  #<span class=sf-dump-protected title=\"Protected property\">timeStamp</span>: <span class=sf-dump-const>true</span>
</samp>}
</pre><script>Sfdump(\"sf-dump-519880571\", {\"maxDepth\":3,\"maxStringLength\":160})</script>
","previous":"<pre class=sf-dump id=sf-dump-795063792 data-indent-pad=\"  \"><span class=sf-dump-const>false</span>
</pre><script>Sfdump(\"sf-dump-795063792\", {\"maxDepth\":3,\"maxStringLength\":160})</script>
","next":"<pre class=sf-dump id=sf-dump-1942708018 data-indent-pad=\"  \"><span class=sf-dump-const>false</span>
</pre><script>Sfdump(\"sf-dump-1942708018\", {\"maxDepth\":3,\"maxStringLength\":160})</script>
","lecturePageTable":"<pre class=sf-dump id=sf-dump-226640354 data-indent-pad=\"  \"><span class=sf-dump-note>App\\V2\\Model\\LecturePageTable</span> {<a class=sf-dump-ref>#2534</a><samp data-depth=1 class=sf-dump-expanded>
  #<span class=sf-dump-protected title=\"Protected property\">tableName</span>: \"<span class=sf-dump-str title=\"13 characters\">lecture_pages</span>\"
  +<span class=sf-dump-public title=\"Public property\">tableGateway</span>: <span class=sf-dump-note title=\"Laminas\\Db\\TableGateway\\TableGateway
\"><span class=\"sf-dump-ellipsis sf-dump-ellipsis-note\">Laminas\\Db\\TableGateway</span><span class=\"sf-dump-ellipsis sf-dump-ellipsis-note\">\\</span>TableGateway</span> {<a class=sf-dump-ref href=#sf-dump-226640354-ref22535 title=\"2 occurrences\">#2535</a><samp data-depth=2 id=sf-dump-226640354-ref22535 class=sf-dump-compact>
    #<span class=sf-dump-protected title=\"Protected property\">isInitialized</span>: <span class=sf-dump-const>true</span>
    #<span class=sf-dump-protected title=\"Protected property\">adapter</span>: <span class=sf-dump-note title=\"Laminas\\Db\\Adapter\\Adapter
\"><span class=\"sf-dump-ellipsis sf-dump-ellipsis-note\">Laminas\\Db\\Adapter</span><span class=\"sf-dump-ellipsis sf-dump-ellipsis-note\">\\</span>Adapter</span> {<a class=sf-dump-ref href=#sf-dump-226640354-ref22310 title=\"4 occurrences\">#2310</a><samp data-depth=3 id=sf-dump-226640354-ref22310 class=sf-dump-compact>
      #<span class=sf-dump-protected title=\"Protected property\">driver</span>: <span class=sf-dump-note title=\"Laminas\\Db\\Adapter\\Driver\\Pdo\\Pdo
\"><span class=\"sf-dump-ellipsis sf-dump-ellipsis-note\">Laminas\\Db\\Adapter\\Driver\\Pdo</span><span class=\"sf-dump-ellipsis sf-dump-ellipsis-note\">\\</span>Pdo</span> {<a class=sf-dump-ref href=#sf-dump-226640354-ref22301 title=\"4 occurrences\">#2301</a> &#8230;5}
      #<span class=sf-dump-protected title=\"Protected property\">platform</span>: <span class=sf-dump-note title=\"Laminas\\Db\\Adapter\\Platform\\Mysql
\"><span class=\"sf-dump-ellipsis sf-dump-ellipsis-note\">Laminas\\Db\\Adapter\\Platform</span><span class=\"sf-dump-ellipsis sf-dump-ellipsis-note\">\\</span>Mysql</span> {<a class=sf-dump-ref href=#sf-dump-226640354-ref22312 title=\"2 occurrences\">#2312</a> &#8230;5}
      #<span class=sf-dump-protected title=\"Protected property\">profiler</span>: <span class=sf-dump-const>null</span>
      #<span class=sf-dump-protected title=\"Protected property\">queryResultSetPrototype</span>: <span class=sf-dump-note title=\"Laminas\\Db\\ResultSet\\ResultSet
\"><span class=\"sf-dump-ellipsis sf-dump-ellipsis-note\">Laminas\\Db\\ResultSet</span><span class=\"sf-dump-ellipsis sf-dump-ellipsis-note\">\\</span>ResultSet</span> {<a class=sf-dump-ref>#2326</a> &#8230;8}
      #<span class=sf-dump-protected title=\"Protected property\">lastPreparedStatement</span>: <span class=sf-dump-const>null</span>
    </samp>}
    #<span class=sf-dump-protected title=\"Protected property\">table</span>: \"<span class=sf-dump-str title=\"13 characters\">lecture_pages</span>\"
    #<span class=sf-dump-protected title=\"Protected property\">columns</span>: []
    #<span class=sf-dump-protected title=\"Protected property\">featureSet</span>: <span class=sf-dump-note title=\"Laminas\\Db\\TableGateway\\Feature\\FeatureSet
\"><span class=\"sf-dump-ellipsis sf-dump-ellipsis-note\">Laminas\\Db\\TableGateway\\Feature</span><span class=\"sf-dump-ellipsis sf-dump-ellipsis-note\">\\</span>FeatureSet</span> {<a class=sf-dump-ref>#2536</a><samp data-depth=3 class=sf-dump-compact>
      #<span class=sf-dump-protected title=\"Protected property\">tableGateway</span>: <span class=sf-dump-note title=\"Laminas\\Db\\TableGateway\\TableGateway
\"><span class=\"sf-dump-ellipsis sf-dump-ellipsis-note\">Laminas\\Db\\TableGateway</span><span class=\"sf-dump-ellipsis sf-dump-ellipsis-note\">\\</span>TableGateway</span> {<a class=sf-dump-ref href=#sf-dump-226640354-ref22535 title=\"2 occurrences\">#2535</a>}
      #<span class=sf-dump-protected title=\"Protected property\">features</span>: []
      #<span class=sf-dump-protected title=\"Protected property\">magicSpecifications</span>: []
    </samp>}
    #<span class=sf-dump-protected title=\"Protected property\">resultSetPrototype</span>: <span class=sf-dump-note title=\"Laminas\\Db\\ResultSet\\ResultSet
\"><span class=\"sf-dump-ellipsis sf-dump-ellipsis-note\">Laminas\\Db\\ResultSet</span><span class=\"sf-dump-ellipsis sf-dump-ellipsis-note\">\\</span>ResultSet</span> {<a class=sf-dump-ref>#2537</a><samp data-depth=3 class=sf-dump-compact>
      #<span class=sf-dump-protected title=\"Protected property\">buffer</span>: <span class=sf-dump-const>null</span>
      #<span class=sf-dump-protected title=\"Protected property\">count</span>: <span class=sf-dump-const>null</span>
      #<span class=sf-dump-protected title=\"Protected property\">dataSource</span>: <span class=sf-dump-const>null</span>
      #<span class=sf-dump-protected title=\"Protected property\">fieldCount</span>: <span class=sf-dump-const>null</span>
      #<span class=sf-dump-protected title=\"Protected property\">position</span>: <span class=sf-dump-num>0</span>
      #<span class=sf-dump-protected title=\"Protected property\">allowedReturnTypes</span>: <span class=sf-dump-note>array:2</span> [ &#8230;2]
      #<span class=sf-dump-protected title=\"Protected property\">arrayObjectPrototype</span>: <span class=sf-dump-note>ArrayObject</span> {<a class=sf-dump-ref>#2538</a> &#8230;4}
      #<span class=sf-dump-protected title=\"Protected property\">returnType</span>: \"<span class=sf-dump-str title=\"11 characters\">arrayobject</span>\"
    </samp>}
    #<span class=sf-dump-protected title=\"Protected property\">sql</span>: <span class=sf-dump-note title=\"Laminas\\Db\\Sql\\Sql
\"><span class=\"sf-dump-ellipsis sf-dump-ellipsis-note\">Laminas\\Db\\Sql</span><span class=\"sf-dump-ellipsis sf-dump-ellipsis-note\">\\</span>Sql</span> {<a class=sf-dump-ref>#2539</a><samp data-depth=3 class=sf-dump-compact>
      #<span class=sf-dump-protected title=\"Protected property\">adapter</span>: <span class=sf-dump-note title=\"Laminas\\Db\\Adapter\\Adapter
\"><span class=\"sf-dump-ellipsis sf-dump-ellipsis-note\">Laminas\\Db\\Adapter</span><span class=\"sf-dump-ellipsis sf-dump-ellipsis-note\">\\</span>Adapter</span> {<a class=sf-dump-ref href=#sf-dump-226640354-ref22310 title=\"4 occurrences\">#2310</a>}
      #<span class=sf-dump-protected title=\"Protected property\">table</span>: \"<span class=sf-dump-str title=\"13 characters\">lecture_pages</span>\"
      #<span class=sf-dump-protected title=\"Protected property\">sqlPlatform</span>: <span class=sf-dump-note title=\"Laminas\\Db\\Sql\\Platform\\Platform
\"><span class=\"sf-dump-ellipsis sf-dump-ellipsis-note\">Laminas\\Db\\Sql\\Platform</span><span class=\"sf-dump-ellipsis sf-dump-ellipsis-note\">\\</span>Platform</span> {<a class=sf-dump-ref>#2540</a> &#8230;4}
    </samp>}
    #<span class=sf-dump-protected title=\"Protected property\">lastInsertValue</span>: <span class=sf-dump-const>null</span>
  </samp>}
  #<span class=sf-dump-protected title=\"Protected property\">serviceLocator</span>: <span class=sf-dump-note title=\"Laminas\\ServiceManager\\ServiceManager
\"><span class=\"sf-dump-ellipsis sf-dump-ellipsis-note\">Laminas\\ServiceManager</span><span class=\"sf-dump-ellipsis sf-dump-ellipsis-note\">\\</span>ServiceManager</span> {<a class=sf-dump-ref href=#sf-dump-226640354-ref21222 title=\"2 occurrences\">#1222</a><samp data-depth=2 id=sf-dump-226640354-ref21222 class=sf-dump-compact>
    #<span class=sf-dump-protected title=\"Protected property\">abstractFactories</span>: []
    #<span class=sf-dump-protected title=\"Protected property\">aliases</span>: []
    #<span class=sf-dump-protected title=\"Protected property\">allowOverride</span>: <span class=sf-dump-const>false</span>
    #<span class=sf-dump-protected title=\"Protected property\">creationContext</span>: <span class=sf-dump-note title=\"Laminas\\ServiceManager\\ServiceManager
\"><span class=\"sf-dump-ellipsis sf-dump-ellipsis-note\">Laminas\\ServiceManager</span><span class=\"sf-dump-ellipsis sf-dump-ellipsis-note\">\\</span>ServiceManager</span> {<a class=sf-dump-ref href=#sf-dump-226640354-ref21222 title=\"2 occurrences\">#1222</a>}
    #<span class=sf-dump-protected title=\"Protected property\">delegators</span>: []
    #<span class=sf-dump-protected title=\"Protected property\">factories</span>: <span class=sf-dump-note>array:1</span> [<samp data-depth=3 class=sf-dump-compact>
      \"<span class=sf-dump-key>Laminas\\Db\\Adapter\\Adapter</span>\" => <span class=sf-dump-note>Closure($sm)</span> {<a class=sf-dump-ref>#1223</a> &#8230;3}
    </samp>]
    #<span class=sf-dump-protected title=\"Protected property\">initializers</span>: []
    #<span class=sf-dump-protected title=\"Protected property\">lazyServices</span>: []
    -<span class=sf-dump-private title=\"Private property defined in class:&#10;`Laminas\\ServiceManager\\ServiceManager`\">lazyServicesDelegator</span>: <span class=sf-dump-const>null</span>
    #<span class=sf-dump-protected title=\"Protected property\">services</span>: <span class=sf-dump-note>array:1</span> [<samp data-depth=3 class=sf-dump-compact>
      \"<span class=sf-dump-key>Laminas\\Db\\Adapter\\Adapter</span>\" => <span class=sf-dump-note title=\"Laminas\\Db\\Adapter\\Adapter
\"><span class=\"sf-dump-ellipsis sf-dump-ellipsis-note\">Laminas\\Db\\Adapter</span><span class=\"sf-dump-ellipsis sf-dump-ellipsis-note\">\\</span>Adapter</span> {<a class=sf-dump-ref href=#sf-dump-226640354-ref22310 title=\"4 occurrences\">#2310</a>}
    </samp>]
    #<span class=sf-dump-protected title=\"Protected property\">shared</span>: []
    #<span class=sf-dump-protected title=\"Protected property\">sharedByDefault</span>: <span class=sf-dump-const>true</span>
    #<span class=sf-dump-protected title=\"Protected property\">configured</span>: <span class=sf-dump-const>true</span>
    -<span class=sf-dump-private title=\"Private property defined in class:&#10;`Laminas\\ServiceManager\\ServiceManager`\">cachedAbstractFactories</span>: []
  </samp>}
  #<span class=sf-dump-protected title=\"Protected property\">primary</span>: \"<span class=sf-dump-str title=\"2 characters\">id</span>\"
  #<span class=sf-dump-protected title=\"Protected property\">adapter</span>: <span class=sf-dump-note title=\"Laminas\\Db\\Adapter\\Adapter
\"><span class=\"sf-dump-ellipsis sf-dump-ellipsis-note\">Laminas\\Db\\Adapter</span><span class=\"sf-dump-ellipsis sf-dump-ellipsis-note\">\\</span>Adapter</span> {<a class=sf-dump-ref href=#sf-dump-226640354-ref22310 title=\"4 occurrences\">#2310</a>}
  #<span class=sf-dump-protected title=\"Protected property\">inputFilter</span>: <span class=sf-dump-const>null</span>
  +<span class=sf-dump-public title=\"Public property\">db</span>: <span class=sf-dump-const>null</span>
  +<span class=sf-dump-public title=\"Public property\">config</span>: <span class=sf-dump-const>null</span>
  +<span class=sf-dump-public title=\"Public property\">cache</span>: <span class=sf-dump-const>null</span>
  #<span class=sf-dump-protected title=\"Protected property\">accountId</span>: <span class=sf-dump-const>false</span>
  #<span class=sf-dump-protected title=\"Protected property\">prefix</span>: \"\"
  #<span class=sf-dump-protected title=\"Protected property\">timeStamp</span>: <span class=sf-dump-const>true</span>
</samp>}
</pre><script>Sfdump(\"sf-dump-226640354\", {\"maxDepth\":3,\"maxStringLength\":160})</script>
","sessionId":"<pre class=sf-dump id=sf-dump-1349187269 data-indent-pad=\"  \"><span class=sf-dump-num>13</span>
</pre><script>Sfdump(\"sf-dump-1349187269\", {\"maxDepth\":3,\"maxStringLength\":160})</script>
","course":"<pre class=sf-dump id=sf-dump-1337856608 data-indent-pad=\"  \"><span class=sf-dump-note>App\\Course</span> {<a class=sf-dump-ref>#2323</a><samp data-depth=1 class=sf-dump-expanded>
  #<span class=sf-dump-protected title=\"Protected property\">connection</span>: \"<span class=sf-dump-str title=\"5 characters\">mysql</span>\"
  #<span class=sf-dump-protected title=\"Protected property\">table</span>: \"<span class=sf-dump-str title=\"7 characters\">courses</span>\"
  #<span class=sf-dump-protected title=\"Protected property\">primaryKey</span>: \"<span class=sf-dump-str title=\"2 characters\">id</span>\"
  #<span class=sf-dump-protected title=\"Protected property\">keyType</span>: \"<span class=sf-dump-str title=\"3 characters\">int</span>\"
  +<span class=sf-dump-public title=\"Public property\">incrementing</span>: <span class=sf-dump-const>true</span>
  #<span class=sf-dump-protected title=\"Protected property\">with</span>: []
  #<span class=sf-dump-protected title=\"Protected property\">withCount</span>: []
  +<span class=sf-dump-public title=\"Public property\">preventsLazyLoading</span>: <span class=sf-dump-const>false</span>
  #<span class=sf-dump-protected title=\"Protected property\">perPage</span>: <span class=sf-dump-num>15</span>
  +<span class=sf-dump-public title=\"Public property\">exists</span>: <span class=sf-dump-const>true</span>
  +<span class=sf-dump-public title=\"Public property\">wasRecentlyCreated</span>: <span class=sf-dump-const>false</span>
  #<span class=sf-dump-protected title=\"Protected property\">escapeWhenCastingToString</span>: <span class=sf-dump-const>false</span>
  #<span class=sf-dump-protected title=\"Protected property\">attributes</span>: <span class=sf-dump-note>array:26</span> [<samp data-depth=2 class=sf-dump-compact>
    \"<span class=sf-dump-key>id</span>\" => <span class=sf-dump-num>13</span>
    \"<span class=sf-dump-key>created_at</span>\" => \"<span class=sf-dump-str title=\"19 characters\">2024-07-10 06:53:58</span>\"
    \"<span class=sf-dump-key>updated_at</span>\" => \"<span class=sf-dump-str title=\"19 characters\">2024-07-10 06:53:58</span>\"
    \"<span class=sf-dump-key>name</span>\" => \"<span class=sf-dump-str title=\"18 characters\">Internet Of Things</span>\"
    \"<span class=sf-dump-key>admin_id</span>\" => <span class=sf-dump-num>2</span>
    \"<span class=sf-dump-key>enabled</span>\" => <span class=sf-dump-num>1</span>
    \"<span class=sf-dump-key>start_date</span>\" => \"<span class=sf-dump-str title=\"19 characters\">0000-00-00 00:00:00</span>\"
    \"<span class=sf-dump-key>end_date</span>\" => <span class=sf-dump-const>null</span>
    \"<span class=sf-dump-key>enrollment_closes</span>\" => <span class=sf-dump-const>null</span>
    \"<span class=sf-dump-key>capacity</span>\" => <span class=sf-dump-const>null</span>
    \"<span class=sf-dump-key>payment_required</span>\" => <span class=sf-dump-num>0</span>
    \"<span class=sf-dump-key>fee</span>\" => <span class=sf-dump-const>null</span>
    \"<span class=sf-dump-key>description</span>\" => \"<span class=sf-dump-str title=\"118 characters\">&lt;p&gt;Ini adalah kelas dengan materi mata kuliah Internet Of Things dengan menggunakan pendekatan gaya belajar Visual&lt;/p&gt;</span>\"
    \"<span class=sf-dump-key>venue</span>\" => <span class=sf-dump-const>null</span>
    \"<span class=sf-dump-key>type</span>\" => \"<span class=sf-dump-str>c</span>\"
    \"<span class=sf-dump-key>picture</span>\" => \"<span class=sf-dump-str title=\"60 characters\">usermedia/Cover_Kelas/jorge-ramirez-988-7dFbNlo-unsplash.jpg</span>\"
    \"<span class=sf-dump-key>enable_discussion</span>\" => <span class=sf-dump-num>1</span>
    \"<span class=sf-dump-key>enable_chat</span>\" => <span class=sf-dump-num>1</span>
    \"<span class=sf-dump-key>enforce_order</span>\" => <span class=sf-dump-num>1</span>
    \"<span class=sf-dump-key>effort</span>\" => <span class=sf-dump-const>null</span>
    \"<span class=sf-dump-key>length</span>\" => <span class=sf-dump-const>null</span>
    \"<span class=sf-dump-key>short_description</span>\" => \"<span class=sf-dump-str title=\"61 characters\">Internet Of Things dengan tipe pendekatan gaya belajar Visual</span>\"
    \"<span class=sf-dump-key>introduction</span>\" => \"<span class=sf-dump-str title=\"119 characters\">&lt;p&gt;Kumpulan materi Internet Of Things dengan materi yang dihadirkan menggunakan pendekatan tipe gaya belajar Visual&lt;/p&gt;</span>\"
    \"<span class=sf-dump-key>enable_forum</span>\" => <span class=sf-dump-num>1</span>
    \"<span class=sf-dump-key>enforce_capacity</span>\" => <span class=sf-dump-num>0</span>
    \"<span class=sf-dump-key>nama_materi</span>\" => \"<span class=sf-dump-str title=\"18 characters\">Internet Of Things</span>\"
  </samp>]
  #<span class=sf-dump-protected title=\"Protected property\">original</span>: <span class=sf-dump-note>array:26</span> [<samp data-depth=2 class=sf-dump-compact>
    \"<span class=sf-dump-key>id</span>\" => <span class=sf-dump-num>13</span>
    \"<span class=sf-dump-key>created_at</span>\" => \"<span class=sf-dump-str title=\"19 characters\">2024-07-10 06:53:58</span>\"
    \"<span class=sf-dump-key>updated_at</span>\" => \"<span class=sf-dump-str title=\"19 characters\">2024-07-10 06:53:58</span>\"
    \"<span class=sf-dump-key>name</span>\" => \"<span class=sf-dump-str title=\"18 characters\">Internet Of Things</span>\"
    \"<span class=sf-dump-key>admin_id</span>\" => <span class=sf-dump-num>2</span>
    \"<span class=sf-dump-key>enabled</span>\" => <span class=sf-dump-num>1</span>
    \"<span class=sf-dump-key>start_date</span>\" => \"<span class=sf-dump-str title=\"19 characters\">0000-00-00 00:00:00</span>\"
    \"<span class=sf-dump-key>end_date</span>\" => <span class=sf-dump-const>null</span>
    \"<span class=sf-dump-key>enrollment_closes</span>\" => <span class=sf-dump-const>null</span>
    \"<span class=sf-dump-key>capacity</span>\" => <span class=sf-dump-const>null</span>
    \"<span class=sf-dump-key>payment_required</span>\" => <span class=sf-dump-num>0</span>
    \"<span class=sf-dump-key>fee</span>\" => <span class=sf-dump-const>null</span>
    \"<span class=sf-dump-key>description</span>\" => \"<span class=sf-dump-str title=\"118 characters\">&lt;p&gt;Ini adalah kelas dengan materi mata kuliah Internet Of Things dengan menggunakan pendekatan gaya belajar Visual&lt;/p&gt;</span>\"
    \"<span class=sf-dump-key>venue</span>\" => <span class=sf-dump-const>null</span>
    \"<span class=sf-dump-key>type</span>\" => \"<span class=sf-dump-str>c</span>\"
    \"<span class=sf-dump-key>picture</span>\" => \"<span class=sf-dump-str title=\"60 characters\">usermedia/Cover_Kelas/jorge-ramirez-988-7dFbNlo-unsplash.jpg</span>\"
    \"<span class=sf-dump-key>enable_discussion</span>\" => <span class=sf-dump-num>1</span>
    \"<span class=sf-dump-key>enable_chat</span>\" => <span class=sf-dump-num>1</span>
    \"<span class=sf-dump-key>enforce_order</span>\" => <span class=sf-dump-num>1</span>
    \"<span class=sf-dump-key>effort</span>\" => <span class=sf-dump-const>null</span>
    \"<span class=sf-dump-key>length</span>\" => <span class=sf-dump-const>null</span>
    \"<span class=sf-dump-key>short_description</span>\" => \"<span class=sf-dump-str title=\"61 characters\">Internet Of Things dengan tipe pendekatan gaya belajar Visual</span>\"
    \"<span class=sf-dump-key>introduction</span>\" => \"<span class=sf-dump-str title=\"119 characters\">&lt;p&gt;Kumpulan materi Internet Of Things dengan materi yang dihadirkan menggunakan pendekatan tipe gaya belajar Visual&lt;/p&gt;</span>\"
    \"<span class=sf-dump-key>enable_forum</span>\" => <span class=sf-dump-num>1</span>
    \"<span class=sf-dump-key>enforce_capacity</span>\" => <span class=sf-dump-num>0</span>
    \"<span class=sf-dump-key>nama_materi</span>\" => \"<span class=sf-dump-str title=\"18 characters\">Internet Of Things</span>\"
  </samp>]
  #<span class=sf-dump-protected title=\"Protected property\">changes</span>: []
  #<span class=sf-dump-protected title=\"Protected property\">casts</span>: []
  #<span class=sf-dump-protected title=\"Protected property\">classCastCache</span>: []
  #<span class=sf-dump-protected title=\"Protected property\">attributeCastCache</span>: []
  #<span class=sf-dump-protected title=\"Protected property\">dateFormat</span>: <span class=sf-dump-const>null</span>
  #<span class=sf-dump-protected title=\"Protected property\">appends</span>: []
  #<span class=sf-dump-protected title=\"Protected property\">dispatchesEvents</span>: []
  #<span class=sf-dump-protected title=\"Protected property\">observables</span>: []
  #<span class=sf-dump-protected title=\"Protected property\">relations</span>: []
  #<span class=sf-dump-protected title=\"Protected property\">touches</span>: []
  +<span class=sf-dump-public title=\"Public property\">timestamps</span>: <span class=sf-dump-const>true</span>
  +<span class=sf-dump-public title=\"Public property\">usesUniqueIds</span>: <span class=sf-dump-const>false</span>
  #<span class=sf-dump-protected title=\"Protected property\">hidden</span>: []
  #<span class=sf-dump-protected title=\"Protected property\">visible</span>: []
  #<span class=sf-dump-protected title=\"Protected property\">fillable</span>: <span class=sf-dump-note>array:22</span> [<samp data-depth=2 class=sf-dump-compact>
    <span class=sf-dump-index>0</span> => \"<span class=sf-dump-str title=\"4 characters\">name</span>\"
    <span class=sf-dump-index>1</span> => \"<span class=sf-dump-str title=\"8 characters\">admin_id</span>\"
    <span class=sf-dump-index>2</span> => \"<span class=sf-dump-str title=\"7 characters\">enabled</span>\"
    <span class=sf-dump-index>3</span> => \"<span class=sf-dump-str title=\"10 characters\">start_date</span>\"
    <span class=sf-dump-index>4</span> => \"<span class=sf-dump-str title=\"8 characters\">end_date</span>\"
    <span class=sf-dump-index>5</span> => \"<span class=sf-dump-str title=\"17 characters\">enrollment_closes</span>\"
    <span class=sf-dump-index>6</span> => \"<span class=sf-dump-str title=\"8 characters\">capacity</span>\"
    <span class=sf-dump-index>7</span> => \"<span class=sf-dump-str title=\"16 characters\">payment_required</span>\"
    <span class=sf-dump-index>8</span> => \"<span class=sf-dump-str title=\"3 characters\">fee</span>\"
    <span class=sf-dump-index>9</span> => \"<span class=sf-dump-str title=\"11 characters\">description</span>\"
    <span class=sf-dump-index>10</span> => \"<span class=sf-dump-str title=\"5 characters\">venue</span>\"
    <span class=sf-dump-index>11</span> => \"<span class=sf-dump-str title=\"4 characters\">type</span>\"
    <span class=sf-dump-index>12</span> => \"<span class=sf-dump-str title=\"7 characters\">picture</span>\"
    <span class=sf-dump-index>13</span> => \"<span class=sf-dump-str title=\"17 characters\">enable_discussion</span>\"
    <span class=sf-dump-index>14</span> => \"<span class=sf-dump-str title=\"11 characters\">enable_chat</span>\"
    <span class=sf-dump-index>15</span> => \"<span class=sf-dump-str title=\"13 characters\">enforce_order</span>\"
    <span class=sf-dump-index>16</span> => \"<span class=sf-dump-str title=\"6 characters\">effort</span>\"
    <span class=sf-dump-index>17</span> => \"<span class=sf-dump-str title=\"6 characters\">length</span>\"
    <span class=sf-dump-index>18</span> => \"<span class=sf-dump-str title=\"17 characters\">short_description</span>\"
    <span class=sf-dump-index>19</span> => \"<span class=sf-dump-str title=\"12 characters\">introduction</span>\"
    <span class=sf-dump-index>20</span> => \"<span class=sf-dump-str title=\"12 characters\">enable_forum</span>\"
    <span class=sf-dump-index>21</span> => \"<span class=sf-dump-str title=\"16 characters\">enforce_capacity</span>\"
  </samp>]
  #<span class=sf-dump-protected title=\"Protected property\">guarded</span>: <span class=sf-dump-note>array:1</span> [<samp data-depth=2 class=sf-dump-compact>
    <span class=sf-dump-index>0</span> => \"<span class=sf-dump-str>*</span>\"
  </samp>]
</samp>}
</pre><script>Sfdump(\"sf-dump-1337856608\", {\"maxDepth\":3,\"maxStringLength\":160})</script>
","customCrumbs":"<pre class=sf-dump id=sf-dump-624065156 data-indent-pad=\"  \"><span class=sf-dump-note>array:5</span> [<samp data-depth=1 class=sf-dump-expanded>
  \"<span class=sf-dump-key>http://localhost/its-tni/public/student/dashboard</span>\" => \"<span class=sf-dump-str title=\"5 characters\">Rumah</span>\"
  \"<span class=sf-dump-key>http://localhost/its-tni/public/student/student/mysessions</span>\" => \"<span class=sf-dump-str title=\"13 characters\">Kursus online</span>\"
  \"<span class=sf-dump-key>http://localhost/its-tni/public/student/course-details/13/internet-of-things</span>\" => \"<span class=sf-dump-str title=\"13 characters\">Detail Kursus</span>\"
  \"<span class=sf-dump-key>http://localhost/its-tni/public/student/course/intro/13</span>\" => \"<span class=sf-dump-str title=\"9 characters\">pengantar</span>\"
  \"<span class=sf-dump-key>#</span>\" => \"<span class=sf-dump-str title=\"12 characters\">Detail Kelas</span>\"
</samp>]
</pre><script>Sfdump(\"sf-dump-624065156\", {\"maxDepth\":3,\"maxStringLength\":160})</script>
","userLayout":"<pre class=sf-dump id=sf-dump-40596249 data-indent-pad=\"  \">\"<span class=sf-dump-str title=\"15 characters\">layouts.student</span>\"
</pre><script>Sfdump(\"sf-dump-40596249\", {\"maxDepth\":3,\"maxStringLength\":160})</script>
"}},"userId":6,"exception":"[object] (Spatie\\LaravelIgnition\\Exceptions\\ViewException(code: 0): Undefined variable $materi at C:\\xampp\\htdocs\\its-tni\\resources\\views\\student\\course\\class.blade.php:37)
[stacktrace]
#0 C:\\xampp\\htdocs\\its-tni\\vendor\\laravel\\framework\\src\\Illuminate\\Foundation\\Bootstrap\\HandleExceptions.php(250): Illuminate\\Foundation\\Bootstrap\\HandleExceptions->handleError(2, 'Undefined varia...', 'C:\\\\xampp\\\\htdocs...', 26)
#1 C:\\xampp\\htdocs\\its-tni\\resources\\views\\student\\course\\class.blade.php(37): Illuminate\\Foundation\\Bootstrap\\HandleExceptions->Illuminate\\Foundation\\Bootstrap\\{closure}(2, 'Undefined varia...', 'C:\\\\xampp\\\\htdocs...', 26)
#2 C:\\xampp\\htdocs\\its-tni\\vendor\\laravel\\framework\\src\\Illuminate\\Filesystem\\Filesystem.php(123): require('C:\\\\xampp\\\\htdocs...')
#3 C:\\xampp\\htdocs\\its-tni\\vendor\\laravel\\framework\\src\\Illuminate\\Filesystem\\Filesystem.php(124): Illuminate\\Filesystem\\Filesystem::Illuminate\\Filesystem\\{closure}()
#4 C:\\xampp\\htdocs\\its-tni\\vendor\\laravel\\framework\\src\\Illuminate\\View\\Engines\\PhpEngine.php(58): Illuminate\\Filesystem\\Filesystem->getRequire('C:\\\\xampp\\\\htdocs...', Array)
#5 C:\\xampp\\htdocs\\its-tni\\vendor\\laravel\\framework\\src\\Illuminate\\View\\Engines\\CompilerEngine.php(70): Illuminate\\View\\Engines\\PhpEngine->evaluatePath('C:\\\\xampp\\\\htdocs...', Array)
#6 C:\\xampp\\htdocs\\its-tni\\vendor\\laravel\\framework\\src\\Illuminate\\View\\View.php(195): Illuminate\\View\\Engines\\CompilerEngine->get('C:\\\\xampp\\\\htdocs...', Array)
#7 C:\\xampp\\htdocs\\its-tni\\vendor\\laravel\\framework\\src\\Illuminate\\View\\View.php(178): Illuminate\\View\\View->getContents()
#8 C:\\xampp\\htdocs\\its-tni\\vendor\\laravel\\framework\\src\\Illuminate\\View\\View.php(147): Illuminate\\View\\View->renderContents()
#9 C:\\xampp\\htdocs\\its-tni\\vendor\\laravel\\framework\\src\\Illuminate\\Http\\Response.php(69): Illuminate\\View\\View->render()
#10 C:\\xampp\\htdocs\\its-tni\\vendor\\laravel\\framework\\src\\Illuminate\\Http\\Response.php(35): Illuminate\\Http\\Response->setContent(Object(Illuminate\\View\\View))
#11 C:\\xampp\\htdocs\\its-tni\\vendor\\laravel\\framework\\src\\Illuminate\\Routing\\Router.php(906): Illuminate\\Http\\Response->__construct(Object(Illuminate\\View\\View), 200, Array)
#12 C:\\xampp\\htdocs\\its-tni\\vendor\\laravel\\framework\\src\\Illuminate\\Routing\\Router.php(875): Illuminate\\Routing\\Router::toResponse(Object(Illuminate\\Http\\Request), Object(Illuminate\\View\\View))
#13 C:\\xampp\\htdocs\\its-tni\\vendor\\laravel\\framework\\src\\Illuminate\\Routing\\Router.php(797): Illuminate\\Routing\\Router->prepareResponse(Object(Illuminate\\Http\\Request), Object(Illuminate\\View\\View))
#14 C:\\xampp\\htdocs\\its-tni\\vendor\\laravel\\framework\\src\\Illuminate\\Pipeline\\Pipeline.php(141): Illuminate\\Routing\\Router->Illuminate\\Routing\\{closure}(Object(Illuminate\\Http\\Request))
#15 C:\\xampp\\htdocs\\its-tni\\app\\Http\\Middleware\\Student.php(33): Illuminate\\Pipeline\\Pipeline->Illuminate\\Pipeline\\{closure}(Object(Illuminate\\Http\\Request))
#16 C:\\xampp\\htdocs\\its-tni\\vendor\\laravel\\framework\\src\\Illuminate\\Pipeline\\Pipeline.php(180): App\\Http\\Middleware\\Student->handle(Object(Illuminate\\Http\\Request), Object(Closure))
#17 C:\\xampp\\htdocs\\its-tni\\vendor\\laravel\\framework\\src\\Illuminate\\Routing\\Middleware\\SubstituteBindings.php(50): Illuminate\\Pipeline\\Pipeline->Illuminate\\Pipeline\\{closure}(Object(Illuminate\\Http\\Request))
#18 C:\\xampp\\htdocs\\its-tni\\vendor\\laravel\\framework\\src\\Illuminate\\Pipeline\\Pipeline.php(180): Illuminate\\Routing\\Middleware\\SubstituteBindings->handle(Object(Illuminate\\Http\\Request), Object(Closure))
#19 C:\\xampp\\htdocs\\its-tni\\vendor\\laravel\\framework\\src\\Illuminate\\Auth\\Middleware\\Authenticate.php(45): Illuminate\\Pipeline\\Pipeline->Illuminate\\Pipeline\\{closure}(Object(Illuminate\\Http\\Request))
#20 C:\\xampp\\htdocs\\its-tni\\vendor\\laravel\\framework\\src\\Illuminate\\Pipeline\\Pipeline.php(180): Illuminate\\Auth\\Middleware\\Authenticate->handle(Object(Illuminate\\Http\\Request), Object(Closure))
#21 C:\\xampp\\htdocs\\its-tni\\vendor\\laravel\\framework\\src\\Illuminate\\Foundation\\Http\\Middleware\\VerifyCsrfToken.php(78): Illuminate\\Pipeline\\Pipeline->Illuminate\\Pipeline\\{closure}(Object(Illuminate\\Http\\Request))
#22 C:\\xampp\\htdocs\\its-tni\\vendor\\laravel\\framework\\src\\Illuminate\\Pipeline\\Pipeline.php(180): Illuminate\\Foundation\\Http\\Middleware\\VerifyCsrfToken->handle(Object(Illuminate\\Http\\Request), Object(Closure))
#23 C:\\xampp\\htdocs\\its-tni\\vendor\\laravel\\framework\\src\\Illuminate\\View\\Middleware\\ShareErrorsFromSession.php(49): Illuminate\\Pipeline\\Pipeline->Illuminate\\Pipeline\\{closure}(Object(Illuminate\\Http\\Request))
#24 C:\\xampp\\htdocs\\its-tni\\vendor\\laravel\\framework\\src\\Illuminate\\Pipeline\\Pipeline.php(180): Illuminate\\View\\Middleware\\ShareErrorsFromSession->handle(Object(Illuminate\\Http\\Request), Object(Closure))
#25 C:\\xampp\\htdocs\\its-tni\\vendor\\laravel\\framework\\src\\Illuminate\\Session\\Middleware\\StartSession.php(121): Illuminate\\Pipeline\\Pipeline->Illuminate\\Pipeline\\{closure}(Object(Illuminate\\Http\\Request))
#26 C:\\xampp\\htdocs\\its-tni\\vendor\\laravel\\framework\\src\\Illuminate\\Session\\Middleware\\StartSession.php(64): Illuminate\\Session\\Middleware\\StartSession->handleStatefulRequest(Object(Illuminate\\Http\\Request), Object(Illuminate\\Session\\Store), Object(Closure))
#27 C:\\xampp\\htdocs\\its-tni\\vendor\\laravel\\framework\\src\\Illuminate\\Pipeline\\Pipeline.php(180): Illuminate\\Session\\Middleware\\StartSession->handle(Object(Illuminate\\Http\\Request), Object(Closure))
#28 C:\\xampp\\htdocs\\its-tni\\vendor\\laravel\\framework\\src\\Illuminate\\Cookie\\Middleware\\AddQueuedCookiesToResponse.php(37): Illuminate\\Pipeline\\Pipeline->Illuminate\\Pipeline\\{closure}(Object(Illuminate\\Http\\Request))
#29 C:\\xampp\\htdocs\\its-tni\\vendor\\laravel\\framework\\src\\Illuminate\\Pipeline\\Pipeline.php(180): Illuminate\\Cookie\\Middleware\\AddQueuedCookiesToResponse->handle(Object(Illuminate\\Http\\Request), Object(Closure))
#30 C:\\xampp\\htdocs\\its-tni\\vendor\\laravel\\framework\\src\\Illuminate\\Cookie\\Middleware\\EncryptCookies.php(67): Illuminate\\Pipeline\\Pipeline->Illuminate\\Pipeline\\{closure}(Object(Illuminate\\Http\\Request))
#31 C:\\xampp\\htdocs\\its-tni\\vendor\\laravel\\framework\\src\\Illuminate\\Pipeline\\Pipeline.php(180): Illuminate\\Cookie\\Middleware\\EncryptCookies->handle(Object(Illuminate\\Http\\Request), Object(Closure))
#32 C:\\xampp\\htdocs\\its-tni\\vendor\\laravel\\framework\\src\\Illuminate\\Pipeline\\Pipeline.php(116): Illuminate\\Pipeline\\Pipeline->Illuminate\\Pipeline\\{closure}(Object(Illuminate\\Http\\Request))
#33 C:\\xampp\\htdocs\\its-tni\\vendor\\laravel\\framework\\src\\Illuminate\\Routing\\Router.php(797): Illuminate\\Pipeline\\Pipeline->then(Object(Closure))
#34 C:\\xampp\\htdocs\\its-tni\\vendor\\laravel\\framework\\src\\Illuminate\\Routing\\Router.php(776): Illuminate\\Routing\\Router->runRouteWithinStack(Object(Illuminate\\Routing\\Route), Object(Illuminate\\Http\\Request))
#35 C:\\xampp\\htdocs\\its-tni\\vendor\\laravel\\framework\\src\\Illuminate\\Routing\\Router.php(740): Illuminate\\Routing\\Router->runRoute(Object(Illuminate\\Http\\Request), Object(Illuminate\\Routing\\Route))
#36 C:\\xampp\\htdocs\\its-tni\\vendor\\laravel\\framework\\src\\Illuminate\\Routing\\Router.php(729): Illuminate\\Routing\\Router->dispatchToRoute(Object(Illuminate\\Http\\Request))
#37 C:\\xampp\\htdocs\\its-tni\\vendor\\laravel\\framework\\src\\Illuminate\\Foundation\\Http\\Kernel.php(200): Illuminate\\Routing\\Router->dispatch(Object(Illuminate\\Http\\Request))
#38 C:\\xampp\\htdocs\\its-tni\\vendor\\laravel\\framework\\src\\Illuminate\\Pipeline\\Pipeline.php(141): Illuminate\\Foundation\\Http\\Kernel->Illuminate\\Foundation\\Http\\{closure}(Object(Illuminate\\Http\\Request))
#39 C:\\xampp\\htdocs\\its-tni\\vendor\\laravel\\framework\\src\\Illuminate\\Foundation\\Http\\Middleware\\TransformsRequest.php(21): Illuminate\\Pipeline\\Pipeline->Illuminate\\Pipeline\\{closure}(Object(Illuminate\\Http\\Request))
#40 C:\\xampp\\htdocs\\its-tni\\vendor\\laravel\\framework\\src\\Illuminate\\Foundation\\Http\\Middleware\\ConvertEmptyStringsToNull.php(31): Illuminate\\Foundation\\Http\\Middleware\\TransformsRequest->handle(Object(Illuminate\\Http\\Request), Object(Closure))
#41 C:\\xampp\\htdocs\\its-tni\\vendor\\laravel\\framework\\src\\Illuminate\\Pipeline\\Pipeline.php(180): Illuminate\\Foundation\\Http\\Middleware\\ConvertEmptyStringsToNull->handle(Object(Illuminate\\Http\\Request), Object(Closure))
#42 C:\\xampp\\htdocs\\its-tni\\vendor\\laravel\\framework\\src\\Illuminate\\Foundation\\Http\\Middleware\\TransformsRequest.php(21): Illuminate\\Pipeline\\Pipeline->Illuminate\\Pipeline\\{closure}(Object(Illuminate\\Http\\Request))
#43 C:\\xampp\\htdocs\\its-tni\\vendor\\laravel\\framework\\src\\Illuminate\\Foundation\\Http\\Middleware\\TrimStrings.php(40): Illuminate\\Foundation\\Http\\Middleware\\TransformsRequest->handle(Object(Illuminate\\Http\\Request), Object(Closure))
#44 C:\\xampp\\htdocs\\its-tni\\vendor\\laravel\\framework\\src\\Illuminate\\Pipeline\\Pipeline.php(180): Illuminate\\Foundation\\Http\\Middleware\\TrimStrings->handle(Object(Illuminate\\Http\\Request), Object(Closure))
#45 C:\\xampp\\htdocs\\its-tni\\vendor\\laravel\\framework\\src\\Illuminate\\Foundation\\Http\\Middleware\\ValidatePostSize.php(27): Illuminate\\Pipeline\\Pipeline->Illuminate\\Pipeline\\{closure}(Object(Illuminate\\Http\\Request))
#46 C:\\xampp\\htdocs\\its-tni\\vendor\\laravel\\framework\\src\\Illuminate\\Pipeline\\Pipeline.php(180): Illuminate\\Foundation\\Http\\Middleware\\ValidatePostSize->handle(Object(Illuminate\\Http\\Request), Object(Closure))
#47 C:\\xampp\\htdocs\\its-tni\\vendor\\laravel\\framework\\src\\Illuminate\\Foundation\\Http\\Middleware\\PreventRequestsDuringMaintenance.php(86): Illuminate\\Pipeline\\Pipeline->Illuminate\\Pipeline\\{closure}(Object(Illuminate\\Http\\Request))
#48 C:\\xampp\\htdocs\\its-tni\\vendor\\laravel\\framework\\src\\Illuminate\\Pipeline\\Pipeline.php(180): Illuminate\\Foundation\\Http\\Middleware\\PreventRequestsDuringMaintenance->handle(Object(Illuminate\\Http\\Request), Object(Closure))
#49 C:\\xampp\\htdocs\\its-tni\\vendor\\laravel\\framework\\src\\Illuminate\\Http\\Middleware\\HandleCors.php(49): Illuminate\\Pipeline\\Pipeline->Illuminate\\Pipeline\\{closure}(Object(Illuminate\\Http\\Request))
#50 C:\\xampp\\htdocs\\its-tni\\vendor\\laravel\\framework\\src\\Illuminate\\Pipeline\\Pipeline.php(180): Illuminate\\Http\\Middleware\\HandleCors->handle(Object(Illuminate\\Http\\Request), Object(Closure))
#51 C:\\xampp\\htdocs\\its-tni\\vendor\\laravel\\framework\\src\\Illuminate\\Http\\Middleware\\TrustProxies.php(39): Illuminate\\Pipeline\\Pipeline->Illuminate\\Pipeline\\{closure}(Object(Illuminate\\Http\\Request))
#52 C:\\xampp\\htdocs\\its-tni\\vendor\\laravel\\framework\\src\\Illuminate\\Pipeline\\Pipeline.php(180): Illuminate\\Http\\Middleware\\TrustProxies->handle(Object(Illuminate\\Http\\Request), Object(Closure))
#53 C:\\xampp\\htdocs\\its-tni\\vendor\\laravel\\framework\\src\\Illuminate\\Pipeline\\Pipeline.php(116): Illuminate\\Pipeline\\Pipeline->Illuminate\\Pipeline\\{closure}(Object(Illuminate\\Http\\Request))
#54 C:\\xampp\\htdocs\\its-tni\\vendor\\laravel\\framework\\src\\Illuminate\\Foundation\\Http\\Kernel.php(175): Illuminate\\Pipeline\\Pipeline->then(Object(Closure))
#55 C:\\xampp\\htdocs\\its-tni\\vendor\\laravel\\framework\\src\\Illuminate\\Foundation\\Http\\Kernel.php(144): Illuminate\\Foundation\\Http\\Kernel->sendRequestThroughRouter(Object(Illuminate\\Http\\Request))
#56 C:\\xampp\\htdocs\\its-tni\\public\\index.php(54): Illuminate\\Foundation\\Http\\Kernel->handle(Object(Illuminate\\Http\\Request))
#57 {main}

[previous exception] [object] (ErrorException(code: 0): Undefined variable $materi at C:\\xampp\\htdocs\\its-tni\\storage\\framework\\views\\117a84a1859fbf5429e07f564477e3a9.php:26)
[stacktrace]
#0 C:\\xampp\\htdocs\\its-tni\\vendor\\laravel\\framework\\src\\Illuminate\\Foundation\\Bootstrap\\HandleExceptions.php(250): Illuminate\\Foundation\\Bootstrap\\HandleExceptions->handleError(2, 'Undefined varia...', 'C:\\\\xampp\\\\htdocs...', 26)
#1 C:\\xampp\\htdocs\\its-tni\\storage\\framework\\views\\117a84a1859fbf5429e07f564477e3a9.php(26): Illuminate\\Foundation\\Bootstrap\\HandleExceptions->Illuminate\\Foundation\\Bootstrap\\{closure}(2, 'Undefined varia...', 'C:\\\\xampp\\\\htdocs...', 26)
#2 C:\\xampp\\htdocs\\its-tni\\vendor\\laravel\\framework\\src\\Illuminate\\Filesystem\\Filesystem.php(123): require('C:\\\\xampp\\\\htdocs...')
#3 C:\\xampp\\htdocs\\its-tni\\vendor\\laravel\\framework\\src\\Illuminate\\Filesystem\\Filesystem.php(124): Illuminate\\Filesystem\\Filesystem::Illuminate\\Filesystem\\{closure}()
#4 C:\\xampp\\htdocs\\its-tni\\vendor\\laravel\\framework\\src\\Illuminate\\View\\Engines\\PhpEngine.php(58): Illuminate\\Filesystem\\Filesystem->getRequire('C:\\\\xampp\\\\htdocs...', Array)
#5 C:\\xampp\\htdocs\\its-tni\\vendor\\laravel\\framework\\src\\Illuminate\\View\\Engines\\CompilerEngine.php(70): Illuminate\\View\\Engines\\PhpEngine->evaluatePath('C:\\\\xampp\\\\htdocs...', Array)
#6 C:\\xampp\\htdocs\\its-tni\\vendor\\laravel\\framework\\src\\Illuminate\\View\\View.php(195): Illuminate\\View\\Engines\\CompilerEngine->get('C:\\\\xampp\\\\htdocs...', Array)
#7 C:\\xampp\\htdocs\\its-tni\\vendor\\laravel\\framework\\src\\Illuminate\\View\\View.php(178): Illuminate\\View\\View->getContents()
#8 C:\\xampp\\htdocs\\its-tni\\vendor\\laravel\\framework\\src\\Illuminate\\View\\View.php(147): Illuminate\\View\\View->renderContents()
#9 C:\\xampp\\htdocs\\its-tni\\vendor\\laravel\\framework\\src\\Illuminate\\Http\\Response.php(69): Illuminate\\View\\View->render()
#10 C:\\xampp\\htdocs\\its-tni\\vendor\\laravel\\framework\\src\\Illuminate\\Http\\Response.php(35): Illuminate\\Http\\Response->setContent(Object(Illuminate\\View\\View))
#11 C:\\xampp\\htdocs\\its-tni\\vendor\\laravel\\framework\\src\\Illuminate\\Routing\\Router.php(906): Illuminate\\Http\\Response->__construct(Object(Illuminate\\View\\View), 200, Array)
#12 C:\\xampp\\htdocs\\its-tni\\vendor\\laravel\\framework\\src\\Illuminate\\Routing\\Router.php(875): Illuminate\\Routing\\Router::toResponse(Object(Illuminate\\Http\\Request), Object(Illuminate\\View\\View))
#13 C:\\xampp\\htdocs\\its-tni\\vendor\\laravel\\framework\\src\\Illuminate\\Routing\\Router.php(797): Illuminate\\Routing\\Router->prepareResponse(Object(Illuminate\\Http\\Request), Object(Illuminate\\View\\View))
#14 C:\\xampp\\htdocs\\its-tni\\vendor\\laravel\\framework\\src\\Illuminate\\Pipeline\\Pipeline.php(141): Illuminate\\Routing\\Router->Illuminate\\Routing\\{closure}(Object(Illuminate\\Http\\Request))
#15 C:\\xampp\\htdocs\\its-tni\\app\\Http\\Middleware\\Student.php(33): Illuminate\\Pipeline\\Pipeline->Illuminate\\Pipeline\\{closure}(Object(Illuminate\\Http\\Request))
#16 C:\\xampp\\htdocs\\its-tni\\vendor\\laravel\\framework\\src\\Illuminate\\Pipeline\\Pipeline.php(180): App\\Http\\Middleware\\Student->handle(Object(Illuminate\\Http\\Request), Object(Closure))
#17 C:\\xampp\\htdocs\\its-tni\\vendor\\laravel\\framework\\src\\Illuminate\\Routing\\Middleware\\SubstituteBindings.php(50): Illuminate\\Pipeline\\Pipeline->Illuminate\\Pipeline\\{closure}(Object(Illuminate\\Http\\Request))
#18 C:\\xampp\\htdocs\\its-tni\\vendor\\laravel\\framework\\src\\Illuminate\\Pipeline\\Pipeline.php(180): Illuminate\\Routing\\Middleware\\SubstituteBindings->handle(Object(Illuminate\\Http\\Request), Object(Closure))
#19 C:\\xampp\\htdocs\\its-tni\\vendor\\laravel\\framework\\src\\Illuminate\\Auth\\Middleware\\Authenticate.php(45): Illuminate\\Pipeline\\Pipeline->Illuminate\\Pipeline\\{closure}(Object(Illuminate\\Http\\Request))
#20 C:\\xampp\\htdocs\\its-tni\\vendor\\laravel\\framework\\src\\Illuminate\\Pipeline\\Pipeline.php(180): Illuminate\\Auth\\Middleware\\Authenticate->handle(Object(Illuminate\\Http\\Request), Object(Closure))
#21 C:\\xampp\\htdocs\\its-tni\\vendor\\laravel\\framework\\src\\Illuminate\\Foundation\\Http\\Middleware\\VerifyCsrfToken.php(78): Illuminate\\Pipeline\\Pipeline->Illuminate\\Pipeline\\{closure}(Object(Illuminate\\Http\\Request))
#22 C:\\xampp\\htdocs\\its-tni\\vendor\\laravel\\framework\\src\\Illuminate\\Pipeline\\Pipeline.php(180): Illuminate\\Foundation\\Http\\Middleware\\VerifyCsrfToken->handle(Object(Illuminate\\Http\\Request), Object(Closure))
#23 C:\\xampp\\htdocs\\its-tni\\vendor\\laravel\\framework\\src\\Illuminate\\View\\Middleware\\ShareErrorsFromSession.php(49): Illuminate\\Pipeline\\Pipeline->Illuminate\\Pipeline\\{closure}(Object(Illuminate\\Http\\Request))
#24 C:\\xampp\\htdocs\\its-tni\\vendor\\laravel\\framework\\src\\Illuminate\\Pipeline\\Pipeline.php(180): Illuminate\\View\\Middleware\\ShareErrorsFromSession->handle(Object(Illuminate\\Http\\Request), Object(Closure))
#25 C:\\xampp\\htdocs\\its-tni\\vendor\\laravel\\framework\\src\\Illuminate\\Session\\Middleware\\StartSession.php(121): Illuminate\\Pipeline\\Pipeline->Illuminate\\Pipeline\\{closure}(Object(Illuminate\\Http\\Request))
#26 C:\\xampp\\htdocs\\its-tni\\vendor\\laravel\\framework\\src\\Illuminate\\Session\\Middleware\\StartSession.php(64): Illuminate\\Session\\Middleware\\StartSession->handleStatefulRequest(Object(Illuminate\\Http\\Request), Object(Illuminate\\Session\\Store), Object(Closure))
#27 C:\\xampp\\htdocs\\its-tni\\vendor\\laravel\\framework\\src\\Illuminate\\Pipeline\\Pipeline.php(180): Illuminate\\Session\\Middleware\\StartSession->handle(Object(Illuminate\\Http\\Request), Object(Closure))
#28 C:\\xampp\\htdocs\\its-tni\\vendor\\laravel\\framework\\src\\Illuminate\\Cookie\\Middleware\\AddQueuedCookiesToResponse.php(37): Illuminate\\Pipeline\\Pipeline->Illuminate\\Pipeline\\{closure}(Object(Illuminate\\Http\\Request))
#29 C:\\xampp\\htdocs\\its-tni\\vendor\\laravel\\framework\\src\\Illuminate\\Pipeline\\Pipeline.php(180): Illuminate\\Cookie\\Middleware\\AddQueuedCookiesToResponse->handle(Object(Illuminate\\Http\\Request), Object(Closure))
#30 C:\\xampp\\htdocs\\its-tni\\vendor\\laravel\\framework\\src\\Illuminate\\Cookie\\Middleware\\EncryptCookies.php(67): Illuminate\\Pipeline\\Pipeline->Illuminate\\Pipeline\\{closure}(Object(Illuminate\\Http\\Request))
#31 C:\\xampp\\htdocs\\its-tni\\vendor\\laravel\\framework\\src\\Illuminate\\Pipeline\\Pipeline.php(180): Illuminate\\Cookie\\Middleware\\EncryptCookies->handle(Object(Illuminate\\Http\\Request), Object(Closure))
#32 C:\\xampp\\htdocs\\its-tni\\vendor\\laravel\\framework\\src\\Illuminate\\Pipeline\\Pipeline.php(116): Illuminate\\Pipeline\\Pipeline->Illuminate\\Pipeline\\{closure}(Object(Illuminate\\Http\\Request))
#33 C:\\xampp\\htdocs\\its-tni\\vendor\\laravel\\framework\\src\\Illuminate\\Routing\\Router.php(797): Illuminate\\Pipeline\\Pipeline->then(Object(Closure))
#34 C:\\xampp\\htdocs\\its-tni\\vendor\\laravel\\framework\\src\\Illuminate\\Routing\\Router.php(776): Illuminate\\Routing\\Router->runRouteWithinStack(Object(Illuminate\\Routing\\Route), Object(Illuminate\\Http\\Request))
#35 C:\\xampp\\htdocs\\its-tni\\vendor\\laravel\\framework\\src\\Illuminate\\Routing\\Router.php(740): Illuminate\\Routing\\Router->runRoute(Object(Illuminate\\Http\\Request), Object(Illuminate\\Routing\\Route))
#36 C:\\xampp\\htdocs\\its-tni\\vendor\\laravel\\framework\\src\\Illuminate\\Routing\\Router.php(729): Illuminate\\Routing\\Router->dispatchToRoute(Object(Illuminate\\Http\\Request))
#37 C:\\xampp\\htdocs\\its-tni\\vendor\\laravel\\framework\\src\\Illuminate\\Foundation\\Http\\Kernel.php(200): Illuminate\\Routing\\Router->dispatch(Object(Illuminate\\Http\\Request))
#38 C:\\xampp\\htdocs\\its-tni\\vendor\\laravel\\framework\\src\\Illuminate\\Pipeline\\Pipeline.php(141): Illuminate\\Foundation\\Http\\Kernel->Illuminate\\Foundation\\Http\\{closure}(Object(Illuminate\\Http\\Request))
#39 C:\\xampp\\htdocs\\its-tni\\vendor\\laravel\\framework\\src\\Illuminate\\Foundation\\Http\\Middleware\\TransformsRequest.php(21): Illuminate\\Pipeline\\Pipeline->Illuminate\\Pipeline\\{closure}(Object(Illuminate\\Http\\Request))
#40 C:\\xampp\\htdocs\\its-tni\\vendor\\laravel\\framework\\src\\Illuminate\\Foundation\\Http\\Middleware\\ConvertEmptyStringsToNull.php(31): Illuminate\\Foundation\\Http\\Middleware\\TransformsRequest->handle(Object(Illuminate\\Http\\Request), Object(Closure))
#41 C:\\xampp\\htdocs\\its-tni\\vendor\\laravel\\framework\\src\\Illuminate\\Pipeline\\Pipeline.php(180): Illuminate\\Foundation\\Http\\Middleware\\ConvertEmptyStringsToNull->handle(Object(Illuminate\\Http\\Request), Object(Closure))
#42 C:\\xampp\\htdocs\\its-tni\\vendor\\laravel\\framework\\src\\Illuminate\\Foundation\\Http\\Middleware\\TransformsRequest.php(21): Illuminate\\Pipeline\\Pipeline->Illuminate\\Pipeline\\{closure}(Object(Illuminate\\Http\\Request))
#43 C:\\xampp\\htdocs\\its-tni\\vendor\\laravel\\framework\\src\\Illuminate\\Foundation\\Http\\Middleware\\TrimStrings.php(40): Illuminate\\Foundation\\Http\\Middleware\\TransformsRequest->handle(Object(Illuminate\\Http\\Request), Object(Closure))
#44 C:\\xampp\\htdocs\\its-tni\\vendor\\laravel\\framework\\src\\Illuminate\\Pipeline\\Pipeline.php(180): Illuminate\\Foundation\\Http\\Middleware\\TrimStrings->handle(Object(Illuminate\\Http\\Request), Object(Closure))
#45 C:\\xampp\\htdocs\\its-tni\\vendor\\laravel\\framework\\src\\Illuminate\\Foundation\\Http\\Middleware\\ValidatePostSize.php(27): Illuminate\\Pipeline\\Pipeline->Illuminate\\Pipeline\\{closure}(Object(Illuminate\\Http\\Request))
#46 C:\\xampp\\htdocs\\its-tni\\vendor\\laravel\\framework\\src\\Illuminate\\Pipeline\\Pipeline.php(180): Illuminate\\Foundation\\Http\\Middleware\\ValidatePostSize->handle(Object(Illuminate\\Http\\Request), Object(Closure))
#47 C:\\xampp\\htdocs\\its-tni\\vendor\\laravel\\framework\\src\\Illuminate\\Foundation\\Http\\Middleware\\PreventRequestsDuringMaintenance.php(86): Illuminate\\Pipeline\\Pipeline->Illuminate\\Pipeline\\{closure}(Object(Illuminate\\Http\\Request))
#48 C:\\xampp\\htdocs\\its-tni\\vendor\\laravel\\framework\\src\\Illuminate\\Pipeline\\Pipeline.php(180): Illuminate\\Foundation\\Http\\Middleware\\PreventRequestsDuringMaintenance->handle(Object(Illuminate\\Http\\Request), Object(Closure))
#49 C:\\xampp\\htdocs\\its-tni\\vendor\\laravel\\framework\\src\\Illuminate\\Http\\Middleware\\HandleCors.php(49): Illuminate\\Pipeline\\Pipeline->Illuminate\\Pipeline\\{closure}(Object(Illuminate\\Http\\Request))
#50 C:\\xampp\\htdocs\\its-tni\\vendor\\laravel\\framework\\src\\Illuminate\\Pipeline\\Pipeline.php(180): Illuminate\\Http\\Middleware\\HandleCors->handle(Object(Illuminate\\Http\\Request), Object(Closure))
#51 C:\\xampp\\htdocs\\its-tni\\vendor\\laravel\\framework\\src\\Illuminate\\Http\\Middleware\\TrustProxies.php(39): Illuminate\\Pipeline\\Pipeline->Illuminate\\Pipeline\\{closure}(Object(Illuminate\\Http\\Request))
#52 C:\\xampp\\htdocs\\its-tni\\vendor\\laravel\\framework\\src\\Illuminate\\Pipeline\\Pipeline.php(180): Illuminate\\Http\\Middleware\\TrustProxies->handle(Object(Illuminate\\Http\\Request), Object(Closure))
#53 C:\\xampp\\htdocs\\its-tni\\vendor\\laravel\\framework\\src\\Illuminate\\Pipeline\\Pipeline.php(116): Illuminate\\Pipeline\\Pipeline->Illuminate\\Pipeline\\{closure}(Object(Illuminate\\Http\\Request))
#54 C:\\xampp\\htdocs\\its-tni\\vendor\\laravel\\framework\\src\\Illuminate\\Foundation\\Http\\Kernel.php(175): Illuminate\\Pipeline\\Pipeline->then(Object(Closure))
#55 C:\\xampp\\htdocs\\its-tni\\vendor\\laravel\\framework\\src\\Illuminate\\Foundation\\Http\\Kernel.php(144): Illuminate\\Foundation\\Http\\Kernel->sendRequestThroughRouter(Object(Illuminate\\Http\\Request))
#56 C:\\xampp\\htdocs\\its-tni\\public\\index.php(54): Illuminate\\Foundation\\Http\\Kernel->handle(Object(Illuminate\\Http\\Request))
#57 {main}
"} 
[2024-07-12 01:04:49] local.ERROR: Undefined variable $materi {"view":{"view":"C:\\xampp\\htdocs\\its-tni\\resources\\views\\student\\course\\class.blade.php","data":{"errors":"<pre class=sf-dump id=sf-dump-2111444188 data-indent-pad=\"  \"><span class=sf-dump-note>Illuminate\\Support\\ViewErrorBag</span> {<a class=sf-dump-ref>#2297</a><samp data-depth=1 class=sf-dump-expanded>
  #<span class=sf-dump-protected title=\"Protected property\">bags</span>: []
</samp>}
</pre><script>Sfdump(\"sf-dump-2111444188\", {\"maxDepth\":3,\"maxStringLength\":160})</script>
","pageTitle":"<pre class=sf-dump id=sf-dump-2136582770 data-indent-pad=\"  \">\"<span class=sf-dump-str title=\"29 characters\">Kelas : Pengenalan IOT Visual</span>\"
</pre><script>Sfdump(\"sf-dump-2136582770\", {\"maxDepth\":3,\"maxStringLength\":160})</script>
","lectures":"<pre class=sf-dump id=sf-dump-906995302 data-indent-pad=\"  \"><span class=sf-dump-note>Laminas\\Db\\ResultSet\\ResultSet</span> {<a class=sf-dump-ref>#2509</a><samp data-depth=1 class=sf-dump-expanded>
  #<span class=sf-dump-protected title=\"Protected property\">buffer</span>: []
  #<span class=sf-dump-protected title=\"Protected property\">count</span>: <span class=sf-dump-const>null</span>
  #<span class=sf-dump-protected title=\"Protected property\">dataSource</span>: <span class=sf-dump-note title=\"Laminas\\Db\\Adapter\\Driver\\Pdo\\Result
\"><span class=\"sf-dump-ellipsis sf-dump-ellipsis-note\">Laminas\\Db\\Adapter\\Driver\\Pdo</span><span class=\"sf-dump-ellipsis sf-dump-ellipsis-note\">\\</span>Result</span> {<a class=sf-dump-ref>#2508</a><samp data-depth=2 class=sf-dump-compact>
    #<span class=sf-dump-protected title=\"Protected property\">statementMode</span>: \"<span class=sf-dump-str title=\"7 characters\">forward</span>\"
    #<span class=sf-dump-protected title=\"Protected property\">fetchMode</span>: <span class=sf-dump-num>2</span>
    #<span class=sf-dump-protected title=\"Protected property\">resource</span>: <span class=sf-dump-note>PDOStatement</span> {<a class=sf-dump-ref>#2510</a><samp data-depth=3 class=sf-dump-compact>
      +<span class=sf-dump-public title=\"Public property\">queryString</span>: \"<span class=sf-dump-str title=\"89 characters\">SELECT `lectures`.* FROM `lectures` WHERE `lesson_id` = :where1 ORDER BY `sort_order` ASC</span>\"
    </samp>}
    #<span class=sf-dump-protected title=\"Protected property\">options</span>: <span class=sf-dump-const>null</span>
    #<span class=sf-dump-protected title=\"Protected property\">currentComplete</span>: <span class=sf-dump-const>true</span>
    #<span class=sf-dump-protected title=\"Protected property\">currentData</span>: <span class=sf-dump-const>false</span>
    #<span class=sf-dump-protected title=\"Protected property\">position</span>: <span class=sf-dump-num>0</span>
    #<span class=sf-dump-protected title=\"Protected property\">generatedValue</span>: \"<span class=sf-dump-str>0</span>\"
    #<span class=sf-dump-protected title=\"Protected property\">rowCount</span>: <span class=sf-dump-const>null</span>
  </samp>}
  #<span class=sf-dump-protected title=\"Protected property\">fieldCount</span>: <span class=sf-dump-num>6</span>
  #<span class=sf-dump-protected title=\"Protected property\">position</span>: <span class=sf-dump-num>0</span>
  #<span class=sf-dump-protected title=\"Protected property\">allowedReturnTypes</span>: <span class=sf-dump-note>array:2</span> [<samp data-depth=2 class=sf-dump-compact>
    <span class=sf-dump-index>0</span> => \"<span class=sf-dump-str title=\"11 characters\">arrayobject</span>\"
    <span class=sf-dump-index>1</span> => \"<span class=sf-dump-str title=\"5 characters\">array</span>\"
  </samp>]
  #<span class=sf-dump-protected title=\"Protected property\">arrayObjectPrototype</span>: <span class=sf-dump-note>ArrayObject</span> {<a class=sf-dump-ref>#2503</a><samp data-depth=2 class=sf-dump-compact>
    -<span class=sf-dump-private title=\"Private property defined in class:&#10;`ArrayObject`\">storage</span>: []
    <span class=sf-dump-meta>flag::STD_PROP_LIST</span>: <span class=sf-dump-const>false</span>
    <span class=sf-dump-meta>flag::ARRAY_AS_PROPS</span>: <span class=sf-dump-const>true</span>
    <span class=sf-dump-meta>iteratorClass</span>: \"<span class=sf-dump-str title=\"13 characters\">ArrayIterator</span>\"
  </samp>}
  #<span class=sf-dump-protected title=\"Protected property\">returnType</span>: \"<span class=sf-dump-str title=\"11 characters\">arrayobject</span>\"
</samp>}
</pre><script>Sfdump(\"sf-dump-906995302\", {\"maxDepth\":3,\"maxStringLength\":160})</script>
","lectureTable":"<pre class=sf-dump id=sf-dump-1844690694 data-indent-pad=\"  \"><span class=sf-dump-note>App\\V2\\Model\\LectureTable</span> {<a class=sf-dump-ref>#2476</a><samp data-depth=1 class=sf-dump-expanded>
  #<span class=sf-dump-protected title=\"Protected property\">tableName</span>: \"<span class=sf-dump-str title=\"8 characters\">lectures</span>\"
  +<span class=sf-dump-public title=\"Public property\">tableGateway</span>: <span class=sf-dump-note title=\"Laminas\\Db\\TableGateway\\TableGateway
\"><span class=\"sf-dump-ellipsis sf-dump-ellipsis-note\">Laminas\\Db\\TableGateway</span><span class=\"sf-dump-ellipsis sf-dump-ellipsis-note\">\\</span>TableGateway</span> {<a class=sf-dump-ref href=#sf-dump-1844690694-ref22439 title=\"2 occurrences\">#2439</a><samp data-depth=2 id=sf-dump-1844690694-ref22439 class=sf-dump-compact>
    #<span class=sf-dump-protected title=\"Protected property\">isInitialized</span>: <span class=sf-dump-const>true</span>
    #<span class=sf-dump-protected title=\"Protected property\">adapter</span>: <span class=sf-dump-note title=\"Laminas\\Db\\Adapter\\Adapter
\"><span class=\"sf-dump-ellipsis sf-dump-ellipsis-note\">Laminas\\Db\\Adapter</span><span class=\"sf-dump-ellipsis sf-dump-ellipsis-note\">\\</span>Adapter</span> {<a class=sf-dump-ref href=#sf-dump-1844690694-ref22310 title=\"4 occurrences\">#2310</a><samp data-depth=3 id=sf-dump-1844690694-ref22310 class=sf-dump-compact>
      #<span class=sf-dump-protected title=\"Protected property\">driver</span>: <span class=sf-dump-note title=\"Laminas\\Db\\Adapter\\Driver\\Pdo\\Pdo
\"><span class=\"sf-dump-ellipsis sf-dump-ellipsis-note\">Laminas\\Db\\Adapter\\Driver\\Pdo</span><span class=\"sf-dump-ellipsis sf-dump-ellipsis-note\">\\</span>Pdo</span> {<a class=sf-dump-ref href=#sf-dump-1844690694-ref22301 title=\"4 occurrences\">#2301</a> &#8230;5}
      #<span class=sf-dump-protected title=\"Protected property\">platform</span>: <span class=sf-dump-note title=\"Laminas\\Db\\Adapter\\Platform\\Mysql
\"><span class=\"sf-dump-ellipsis sf-dump-ellipsis-note\">Laminas\\Db\\Adapter\\Platform</span><span class=\"sf-dump-ellipsis sf-dump-ellipsis-note\">\\</span>Mysql</span> {<a class=sf-dump-ref href=#sf-dump-1844690694-ref22312 title=\"2 occurrences\">#2312</a> &#8230;5}
      #<span class=sf-dump-protected title=\"Protected property\">profiler</span>: <span class=sf-dump-const>null</span>
      #<span class=sf-dump-protected title=\"Protected property\">queryResultSetPrototype</span>: <span class=sf-dump-note title=\"Laminas\\Db\\ResultSet\\ResultSet
\"><span class=\"sf-dump-ellipsis sf-dump-ellipsis-note\">Laminas\\Db\\ResultSet</span><span class=\"sf-dump-ellipsis sf-dump-ellipsis-note\">\\</span>ResultSet</span> {<a class=sf-dump-ref>#2326</a> &#8230;8}
      #<span class=sf-dump-protected title=\"Protected property\">lastPreparedStatement</span>: <span class=sf-dump-const>null</span>
    </samp>}
    #<span class=sf-dump-protected title=\"Protected property\">table</span>: \"<span class=sf-dump-str title=\"8 characters\">lectures</span>\"
    #<span class=sf-dump-protected title=\"Protected property\">columns</span>: []
    #<span class=sf-dump-protected title=\"Protected property\">featureSet</span>: <span class=sf-dump-note title=\"Laminas\\Db\\TableGateway\\Feature\\FeatureSet
\"><span class=\"sf-dump-ellipsis sf-dump-ellipsis-note\">Laminas\\Db\\TableGateway\\Feature</span><span class=\"sf-dump-ellipsis sf-dump-ellipsis-note\">\\</span>FeatureSet</span> {<a class=sf-dump-ref>#2477</a><samp data-depth=3 class=sf-dump-compact>
      #<span class=sf-dump-protected title=\"Protected property\">tableGateway</span>: <span class=sf-dump-note title=\"Laminas\\Db\\TableGateway\\TableGateway
\"><span class=\"sf-dump-ellipsis sf-dump-ellipsis-note\">Laminas\\Db\\TableGateway</span><span class=\"sf-dump-ellipsis sf-dump-ellipsis-note\">\\</span>TableGateway</span> {<a class=sf-dump-ref href=#sf-dump-1844690694-ref22439 title=\"2 occurrences\">#2439</a>}
      #<span class=sf-dump-protected title=\"Protected property\">features</span>: []
      #<span class=sf-dump-protected title=\"Protected property\">magicSpecifications</span>: []
    </samp>}
    #<span class=sf-dump-protected title=\"Protected property\">resultSetPrototype</span>: <span class=sf-dump-note title=\"Laminas\\Db\\ResultSet\\ResultSet
\"><span class=\"sf-dump-ellipsis sf-dump-ellipsis-note\">Laminas\\Db\\ResultSet</span><span class=\"sf-dump-ellipsis sf-dump-ellipsis-note\">\\</span>ResultSet</span> {<a class=sf-dump-ref>#2502</a><samp data-depth=3 class=sf-dump-compact>
      #<span class=sf-dump-protected title=\"Protected property\">buffer</span>: <span class=sf-dump-const>null</span>
      #<span class=sf-dump-protected title=\"Protected property\">count</span>: <span class=sf-dump-const>null</span>
      #<span class=sf-dump-protected title=\"Protected property\">dataSource</span>: <span class=sf-dump-const>null</span>
      #<span class=sf-dump-protected title=\"Protected property\">fieldCount</span>: <span class=sf-dump-const>null</span>
      #<span class=sf-dump-protected title=\"Protected property\">position</span>: <span class=sf-dump-num>0</span>
      #<span class=sf-dump-protected title=\"Protected property\">allowedReturnTypes</span>: <span class=sf-dump-note>array:2</span> [ &#8230;2]
      #<span class=sf-dump-protected title=\"Protected property\">arrayObjectPrototype</span>: <span class=sf-dump-note>ArrayObject</span> {<a class=sf-dump-ref>#2503</a> &#8230;4}
      #<span class=sf-dump-protected title=\"Protected property\">returnType</span>: \"<span class=sf-dump-str title=\"11 characters\">arrayobject</span>\"
    </samp>}
    #<span class=sf-dump-protected title=\"Protected property\">sql</span>: <span class=sf-dump-note title=\"Laminas\\Db\\Sql\\Sql
\"><span class=\"sf-dump-ellipsis sf-dump-ellipsis-note\">Laminas\\Db\\Sql</span><span class=\"sf-dump-ellipsis sf-dump-ellipsis-note\">\\</span>Sql</span> {<a class=sf-dump-ref>#2504</a><samp data-depth=3 class=sf-dump-compact>
      #<span class=sf-dump-protected title=\"Protected property\">adapter</span>: <span class=sf-dump-note title=\"Laminas\\Db\\Adapter\\Adapter
\"><span class=\"sf-dump-ellipsis sf-dump-ellipsis-note\">Laminas\\Db\\Adapter</span><span class=\"sf-dump-ellipsis sf-dump-ellipsis-note\">\\</span>Adapter</span> {<a class=sf-dump-ref href=#sf-dump-1844690694-ref22310 title=\"4 occurrences\">#2310</a>}
      #<span class=sf-dump-protected title=\"Protected property\">table</span>: \"<span class=sf-dump-str title=\"8 characters\">lectures</span>\"
      #<span class=sf-dump-protected title=\"Protected property\">sqlPlatform</span>: <span class=sf-dump-note title=\"Laminas\\Db\\Sql\\Platform\\Platform
\"><span class=\"sf-dump-ellipsis sf-dump-ellipsis-note\">Laminas\\Db\\Sql\\Platform</span><span class=\"sf-dump-ellipsis sf-dump-ellipsis-note\">\\</span>Platform</span> {<a class=sf-dump-ref>#2505</a> &#8230;4}
    </samp>}
    #<span class=sf-dump-protected title=\"Protected property\">lastInsertValue</span>: <span class=sf-dump-const>null</span>
  </samp>}
  #<span class=sf-dump-protected title=\"Protected property\">serviceLocator</span>: <span class=sf-dump-note title=\"Laminas\\ServiceManager\\ServiceManager
\"><span class=\"sf-dump-ellipsis sf-dump-ellipsis-note\">Laminas\\ServiceManager</span><span class=\"sf-dump-ellipsis sf-dump-ellipsis-note\">\\</span>ServiceManager</span> {<a class=sf-dump-ref href=#sf-dump-1844690694-ref21222 title=\"2 occurrences\">#1222</a><samp data-depth=2 id=sf-dump-1844690694-ref21222 class=sf-dump-compact>
    #<span class=sf-dump-protected title=\"Protected property\">abstractFactories</span>: []
    #<span class=sf-dump-protected title=\"Protected property\">aliases</span>: []
    #<span class=sf-dump-protected title=\"Protected property\">allowOverride</span>: <span class=sf-dump-const>false</span>
    #<span class=sf-dump-protected title=\"Protected property\">creationContext</span>: <span class=sf-dump-note title=\"Laminas\\ServiceManager\\ServiceManager
\"><span class=\"sf-dump-ellipsis sf-dump-ellipsis-note\">Laminas\\ServiceManager</span><span class=\"sf-dump-ellipsis sf-dump-ellipsis-note\">\\</span>ServiceManager</span> {<a class=sf-dump-ref href=#sf-dump-1844690694-ref21222 title=\"2 occurrences\">#1222</a>}
    #<span class=sf-dump-protected title=\"Protected property\">delegators</span>: []
    #<span class=sf-dump-protected title=\"Protected property\">factories</span>: <span class=sf-dump-note>array:1</span> [<samp data-depth=3 class=sf-dump-compact>
      \"<span class=sf-dump-key>Laminas\\Db\\Adapter\\Adapter</span>\" => <span class=sf-dump-note>Closure($sm)</span> {<a class=sf-dump-ref>#1223</a> &#8230;3}
    </samp>]
    #<span class=sf-dump-protected title=\"Protected property\">initializers</span>: []
    #<span class=sf-dump-protected title=\"Protected property\">lazyServices</span>: []
    -<span class=sf-dump-private title=\"Private property defined in class:&#10;`Laminas\\ServiceManager\\ServiceManager`\">lazyServicesDelegator</span>: <span class=sf-dump-const>null</span>
    #<span class=sf-dump-protected title=\"Protected property\">services</span>: <span class=sf-dump-note>array:1</span> [<samp data-depth=3 class=sf-dump-compact>
      \"<span class=sf-dump-key>Laminas\\Db\\Adapter\\Adapter</span>\" => <span class=sf-dump-note title=\"Laminas\\Db\\Adapter\\Adapter
\"><span class=\"sf-dump-ellipsis sf-dump-ellipsis-note\">Laminas\\Db\\Adapter</span><span class=\"sf-dump-ellipsis sf-dump-ellipsis-note\">\\</span>Adapter</span> {<a class=sf-dump-ref href=#sf-dump-1844690694-ref22310 title=\"4 occurrences\">#2310</a>}
    </samp>]
    #<span class=sf-dump-protected title=\"Protected property\">shared</span>: []
    #<span class=sf-dump-protected title=\"Protected property\">sharedByDefault</span>: <span class=sf-dump-const>true</span>
    #<span class=sf-dump-protected title=\"Protected property\">configured</span>: <span class=sf-dump-const>true</span>
    -<span class=sf-dump-private title=\"Private property defined in class:&#10;`Laminas\\ServiceManager\\ServiceManager`\">cachedAbstractFactories</span>: []
  </samp>}
  #<span class=sf-dump-protected title=\"Protected property\">primary</span>: \"<span class=sf-dump-str title=\"2 characters\">id</span>\"
  #<span class=sf-dump-protected title=\"Protected property\">adapter</span>: <span class=sf-dump-note title=\"Laminas\\Db\\Adapter\\Adapter
\"><span class=\"sf-dump-ellipsis sf-dump-ellipsis-note\">Laminas\\Db\\Adapter</span><span class=\"sf-dump-ellipsis sf-dump-ellipsis-note\">\\</span>Adapter</span> {<a class=sf-dump-ref href=#sf-dump-1844690694-ref22310 title=\"4 occurrences\">#2310</a>}
  #<span class=sf-dump-protected title=\"Protected property\">inputFilter</span>: <span class=sf-dump-const>null</span>
  +<span class=sf-dump-public title=\"Public property\">db</span>: <span class=sf-dump-const>null</span>
  +<span class=sf-dump-public title=\"Public property\">config</span>: <span class=sf-dump-const>null</span>
  +<span class=sf-dump-public title=\"Public property\">cache</span>: <span class=sf-dump-const>null</span>
  #<span class=sf-dump-protected title=\"Protected property\">accountId</span>: <span class=sf-dump-const>false</span>
  #<span class=sf-dump-protected title=\"Protected property\">prefix</span>: \"\"
  #<span class=sf-dump-protected title=\"Protected property\">timeStamp</span>: <span class=sf-dump-const>true</span>
</samp>}
</pre><script>Sfdump(\"sf-dump-1844690694\", {\"maxDepth\":3,\"maxStringLength\":160})</script>
","classRow":"<pre class=sf-dump id=sf-dump-763651162 data-indent-pad=\"  \"><span class=sf-dump-note>ArrayObject</span> {<a class=sf-dump-ref>#2501</a><samp data-depth=1 class=sf-dump-expanded>
  -<span class=sf-dump-private title=\"Private property defined in class:&#10;`ArrayObject`\">storage</span>: <span class=sf-dump-note>array:13</span> [<samp data-depth=2 class=sf-dump-compact>
    \"<span class=sf-dump-key>id</span>\" => <span class=sf-dump-num>24</span>
    \"<span class=sf-dump-key>created_at</span>\" => \"<span class=sf-dump-str title=\"19 characters\">2024-07-11 08:52:30</span>\"
    \"<span class=sf-dump-key>updated_at</span>\" => \"<span class=sf-dump-str title=\"19 characters\">2024-07-11 08:52:30</span>\"
    \"<span class=sf-dump-key>name</span>\" => \"<span class=sf-dump-str title=\"21 characters\">Pengenalan IOT Visual</span>\"
    \"<span class=sf-dump-key>admin_id</span>\" => <span class=sf-dump-num>2</span>
    \"<span class=sf-dump-key>picture</span>\" => <span class=sf-dump-const>null</span>
    \"<span class=sf-dump-key>description</span>\" => \"<span class=sf-dump-str title=\"89 characters\">&lt;p&gt;Ini adalah materi pengenalan IOT dengan menggunakan pendekatan gaya belajar Visual&lt;/p&gt;</span>\"
    \"<span class=sf-dump-key>sort_order</span>\" => <span class=sf-dump-const>null</span>
    \"<span class=sf-dump-key>test_required</span>\" => <span class=sf-dump-const>null</span>
    \"<span class=sf-dump-key>test_id</span>\" => <span class=sf-dump-const>null</span>
    \"<span class=sf-dump-key>type</span>\" => \"<span class=sf-dump-str>c</span>\"
    \"<span class=sf-dump-key>introduction</span>\" => \"<span class=sf-dump-str title=\"109 characters\">&lt;p&gt;Pengantar untuk pengenalan materi Internet Of Things dengan menggunakan pendekatan gaya belajar visual&lt;/p&gt;</span>\"
    \"<span class=sf-dump-key>enforce_lecture_order</span>\" => <span class=sf-dump-num>1</span>
  </samp>]
  <span class=sf-dump-meta>flag::STD_PROP_LIST</span>: <span class=sf-dump-const>false</span>
  <span class=sf-dump-meta>flag::ARRAY_AS_PROPS</span>: <span class=sf-dump-const>true</span>
  <span class=sf-dump-meta>iteratorClass</span>: \"<span class=sf-dump-str title=\"13 characters\">ArrayIterator</span>\"
</samp>}
</pre><script>Sfdump(\"sf-dump-763651162\", {\"maxDepth\":3,\"maxStringLength\":160})</script>
","downloads":"<pre class=sf-dump id=sf-dump-991242687 data-indent-pad=\"  \"><span class=sf-dump-note>Laminas\\Db\\ResultSet\\ResultSet</span> {<a class=sf-dump-ref>#2574</a><samp data-depth=1 class=sf-dump-expanded>
  #<span class=sf-dump-protected title=\"Protected property\">buffer</span>: []
  #<span class=sf-dump-protected title=\"Protected property\">count</span>: <span class=sf-dump-const>null</span>
  #<span class=sf-dump-protected title=\"Protected property\">dataSource</span>: <span class=sf-dump-note title=\"Laminas\\Db\\Adapter\\Driver\\Pdo\\Result
\"><span class=\"sf-dump-ellipsis sf-dump-ellipsis-note\">Laminas\\Db\\Adapter\\Driver\\Pdo</span><span class=\"sf-dump-ellipsis sf-dump-ellipsis-note\">\\</span>Result</span> {<a class=sf-dump-ref>#2573</a><samp data-depth=2 class=sf-dump-compact>
    #<span class=sf-dump-protected title=\"Protected property\">statementMode</span>: \"<span class=sf-dump-str title=\"7 characters\">forward</span>\"
    #<span class=sf-dump-protected title=\"Protected property\">fetchMode</span>: <span class=sf-dump-num>2</span>
    #<span class=sf-dump-protected title=\"Protected property\">resource</span>: <span class=sf-dump-note>PDOStatement</span> {<a class=sf-dump-ref>#2575</a><samp data-depth=3 class=sf-dump-compact>
      +<span class=sf-dump-public title=\"Public property\">queryString</span>: \"<span class=sf-dump-str title=\"90 characters\">SELECT `lesson_files`.* FROM `lesson_files` WHERE `lesson_id` = :where1 ORDER BY `id` DESC</span>\"
    </samp>}
    #<span class=sf-dump-protected title=\"Protected property\">options</span>: <span class=sf-dump-const>null</span>
    #<span class=sf-dump-protected title=\"Protected property\">currentComplete</span>: <span class=sf-dump-const>true</span>
    #<span class=sf-dump-protected title=\"Protected property\">currentData</span>: <span class=sf-dump-const>false</span>
    #<span class=sf-dump-protected title=\"Protected property\">position</span>: <span class=sf-dump-num>0</span>
    #<span class=sf-dump-protected title=\"Protected property\">generatedValue</span>: \"<span class=sf-dump-str>0</span>\"
    #<span class=sf-dump-protected title=\"Protected property\">rowCount</span>: <span class=sf-dump-const>null</span>
  </samp>}
  #<span class=sf-dump-protected title=\"Protected property\">fieldCount</span>: <span class=sf-dump-num>6</span>
  #<span class=sf-dump-protected title=\"Protected property\">position</span>: <span class=sf-dump-num>0</span>
  #<span class=sf-dump-protected title=\"Protected property\">allowedReturnTypes</span>: <span class=sf-dump-note>array:2</span> [<samp data-depth=2 class=sf-dump-compact>
    <span class=sf-dump-index>0</span> => \"<span class=sf-dump-str title=\"11 characters\">arrayobject</span>\"
    <span class=sf-dump-index>1</span> => \"<span class=sf-dump-str title=\"5 characters\">array</span>\"
  </samp>]
  #<span class=sf-dump-protected title=\"Protected property\">arrayObjectPrototype</span>: <span class=sf-dump-note>ArrayObject</span> {<a class=sf-dump-ref>#2541</a><samp data-depth=2 class=sf-dump-compact>
    -<span class=sf-dump-private title=\"Private property defined in class:&#10;`ArrayObject`\">storage</span>: []
    <span class=sf-dump-meta>flag::STD_PROP_LIST</span>: <span class=sf-dump-const>false</span>
    <span class=sf-dump-meta>flag::ARRAY_AS_PROPS</span>: <span class=sf-dump-const>true</span>
    <span class=sf-dump-meta>iteratorClass</span>: \"<span class=sf-dump-str title=\"13 characters\">ArrayIterator</span>\"
  </samp>}
  #<span class=sf-dump-protected title=\"Protected property\">returnType</span>: \"<span class=sf-dump-str title=\"11 characters\">arrayobject</span>\"
</samp>}
</pre><script>Sfdump(\"sf-dump-991242687\", {\"maxDepth\":3,\"maxStringLength\":160})</script>
","fileTable":"<pre class=sf-dump id=sf-dump-892677653 data-indent-pad=\"  \"><span class=sf-dump-note>App\\V2\\Model\\LessonFileTable</span> {<a class=sf-dump-ref>#2564</a><samp data-depth=1 class=sf-dump-expanded>
  #<span class=sf-dump-protected title=\"Protected property\">tableName</span>: \"<span class=sf-dump-str title=\"12 characters\">lesson_files</span>\"
  +<span class=sf-dump-public title=\"Public property\">tableGateway</span>: <span class=sf-dump-note title=\"Laminas\\Db\\TableGateway\\TableGateway
\"><span class=\"sf-dump-ellipsis sf-dump-ellipsis-note\">Laminas\\Db\\TableGateway</span><span class=\"sf-dump-ellipsis sf-dump-ellipsis-note\">\\</span>TableGateway</span> {<a class=sf-dump-ref href=#sf-dump-892677653-ref22559 title=\"2 occurrences\">#2559</a><samp data-depth=2 id=sf-dump-892677653-ref22559 class=sf-dump-compact>
    #<span class=sf-dump-protected title=\"Protected property\">isInitialized</span>: <span class=sf-dump-const>true</span>
    #<span class=sf-dump-protected title=\"Protected property\">adapter</span>: <span class=sf-dump-note title=\"Laminas\\Db\\Adapter\\Adapter
\"><span class=\"sf-dump-ellipsis sf-dump-ellipsis-note\">Laminas\\Db\\Adapter</span><span class=\"sf-dump-ellipsis sf-dump-ellipsis-note\">\\</span>Adapter</span> {<a class=sf-dump-ref href=#sf-dump-892677653-ref22310 title=\"4 occurrences\">#2310</a><samp data-depth=3 id=sf-dump-892677653-ref22310 class=sf-dump-compact>
      #<span class=sf-dump-protected title=\"Protected property\">driver</span>: <span class=sf-dump-note title=\"Laminas\\Db\\Adapter\\Driver\\Pdo\\Pdo
\"><span class=\"sf-dump-ellipsis sf-dump-ellipsis-note\">Laminas\\Db\\Adapter\\Driver\\Pdo</span><span class=\"sf-dump-ellipsis sf-dump-ellipsis-note\">\\</span>Pdo</span> {<a class=sf-dump-ref href=#sf-dump-892677653-ref22301 title=\"4 occurrences\">#2301</a> &#8230;5}
      #<span class=sf-dump-protected title=\"Protected property\">platform</span>: <span class=sf-dump-note title=\"Laminas\\Db\\Adapter\\Platform\\Mysql
\"><span class=\"sf-dump-ellipsis sf-dump-ellipsis-note\">Laminas\\Db\\Adapter\\Platform</span><span class=\"sf-dump-ellipsis sf-dump-ellipsis-note\">\\</span>Mysql</span> {<a class=sf-dump-ref href=#sf-dump-892677653-ref22312 title=\"2 occurrences\">#2312</a> &#8230;5}
      #<span class=sf-dump-protected title=\"Protected property\">profiler</span>: <span class=sf-dump-const>null</span>
      #<span class=sf-dump-protected title=\"Protected property\">queryResultSetPrototype</span>: <span class=sf-dump-note title=\"Laminas\\Db\\ResultSet\\ResultSet
\"><span class=\"sf-dump-ellipsis sf-dump-ellipsis-note\">Laminas\\Db\\ResultSet</span><span class=\"sf-dump-ellipsis sf-dump-ellipsis-note\">\\</span>ResultSet</span> {<a class=sf-dump-ref>#2326</a> &#8230;8}
      #<span class=sf-dump-protected title=\"Protected property\">lastPreparedStatement</span>: <span class=sf-dump-const>null</span>
    </samp>}
    #<span class=sf-dump-protected title=\"Protected property\">table</span>: \"<span class=sf-dump-str title=\"12 characters\">lesson_files</span>\"
    #<span class=sf-dump-protected title=\"Protected property\">columns</span>: []
    #<span class=sf-dump-protected title=\"Protected property\">featureSet</span>: <span class=sf-dump-note title=\"Laminas\\Db\\TableGateway\\Feature\\FeatureSet
\"><span class=\"sf-dump-ellipsis sf-dump-ellipsis-note\">Laminas\\Db\\TableGateway\\Feature</span><span class=\"sf-dump-ellipsis sf-dump-ellipsis-note\">\\</span>FeatureSet</span> {<a class=sf-dump-ref>#2554</a><samp data-depth=3 class=sf-dump-compact>
      #<span class=sf-dump-protected title=\"Protected property\">tableGateway</span>: <span class=sf-dump-note title=\"Laminas\\Db\\TableGateway\\TableGateway
\"><span class=\"sf-dump-ellipsis sf-dump-ellipsis-note\">Laminas\\Db\\TableGateway</span><span class=\"sf-dump-ellipsis sf-dump-ellipsis-note\">\\</span>TableGateway</span> {<a class=sf-dump-ref href=#sf-dump-892677653-ref22559 title=\"2 occurrences\">#2559</a>}
      #<span class=sf-dump-protected title=\"Protected property\">features</span>: []
      #<span class=sf-dump-protected title=\"Protected property\">magicSpecifications</span>: []
    </samp>}
    #<span class=sf-dump-protected title=\"Protected property\">resultSetPrototype</span>: <span class=sf-dump-note title=\"Laminas\\Db\\ResultSet\\ResultSet
\"><span class=\"sf-dump-ellipsis sf-dump-ellipsis-note\">Laminas\\Db\\ResultSet</span><span class=\"sf-dump-ellipsis sf-dump-ellipsis-note\">\\</span>ResultSet</span> {<a class=sf-dump-ref>#2548</a><samp data-depth=3 class=sf-dump-compact>
      #<span class=sf-dump-protected title=\"Protected property\">buffer</span>: <span class=sf-dump-const>null</span>
      #<span class=sf-dump-protected title=\"Protected property\">count</span>: <span class=sf-dump-const>null</span>
      #<span class=sf-dump-protected title=\"Protected property\">dataSource</span>: <span class=sf-dump-const>null</span>
      #<span class=sf-dump-protected title=\"Protected property\">fieldCount</span>: <span class=sf-dump-const>null</span>
      #<span class=sf-dump-protected title=\"Protected property\">position</span>: <span class=sf-dump-num>0</span>
      #<span class=sf-dump-protected title=\"Protected property\">allowedReturnTypes</span>: <span class=sf-dump-note>array:2</span> [ &#8230;2]
      #<span class=sf-dump-protected title=\"Protected property\">arrayObjectPrototype</span>: <span class=sf-dump-note>ArrayObject</span> {<a class=sf-dump-ref>#2541</a> &#8230;4}
      #<span class=sf-dump-protected title=\"Protected property\">returnType</span>: \"<span class=sf-dump-str title=\"11 characters\">arrayobject</span>\"
    </samp>}
    #<span class=sf-dump-protected title=\"Protected property\">sql</span>: <span class=sf-dump-note title=\"Laminas\\Db\\Sql\\Sql
\"><span class=\"sf-dump-ellipsis sf-dump-ellipsis-note\">Laminas\\Db\\Sql</span><span class=\"sf-dump-ellipsis sf-dump-ellipsis-note\">\\</span>Sql</span> {<a class=sf-dump-ref>#2569</a><samp data-depth=3 class=sf-dump-compact>
      #<span class=sf-dump-protected title=\"Protected property\">adapter</span>: <span class=sf-dump-note title=\"Laminas\\Db\\Adapter\\Adapter
\"><span class=\"sf-dump-ellipsis sf-dump-ellipsis-note\">Laminas\\Db\\Adapter</span><span class=\"sf-dump-ellipsis sf-dump-ellipsis-note\">\\</span>Adapter</span> {<a class=sf-dump-ref href=#sf-dump-892677653-ref22310 title=\"4 occurrences\">#2310</a>}
      #<span class=sf-dump-protected title=\"Protected property\">table</span>: \"<span class=sf-dump-str title=\"12 characters\">lesson_files</span>\"
      #<span class=sf-dump-protected title=\"Protected property\">sqlPlatform</span>: <span class=sf-dump-note title=\"Laminas\\Db\\Sql\\Platform\\Platform
\"><span class=\"sf-dump-ellipsis sf-dump-ellipsis-note\">Laminas\\Db\\Sql\\Platform</span><span class=\"sf-dump-ellipsis sf-dump-ellipsis-note\">\\</span>Platform</span> {<a class=sf-dump-ref>#2570</a> &#8230;4}
    </samp>}
    #<span class=sf-dump-protected title=\"Protected property\">lastInsertValue</span>: <span class=sf-dump-const>null</span>
  </samp>}
  #<span class=sf-dump-protected title=\"Protected property\">serviceLocator</span>: <span class=sf-dump-note title=\"Laminas\\ServiceManager\\ServiceManager
\"><span class=\"sf-dump-ellipsis sf-dump-ellipsis-note\">Laminas\\ServiceManager</span><span class=\"sf-dump-ellipsis sf-dump-ellipsis-note\">\\</span>ServiceManager</span> {<a class=sf-dump-ref href=#sf-dump-892677653-ref21222 title=\"2 occurrences\">#1222</a><samp data-depth=2 id=sf-dump-892677653-ref21222 class=sf-dump-compact>
    #<span class=sf-dump-protected title=\"Protected property\">abstractFactories</span>: []
    #<span class=sf-dump-protected title=\"Protected property\">aliases</span>: []
    #<span class=sf-dump-protected title=\"Protected property\">allowOverride</span>: <span class=sf-dump-const>false</span>
    #<span class=sf-dump-protected title=\"Protected property\">creationContext</span>: <span class=sf-dump-note title=\"Laminas\\ServiceManager\\ServiceManager
\"><span class=\"sf-dump-ellipsis sf-dump-ellipsis-note\">Laminas\\ServiceManager</span><span class=\"sf-dump-ellipsis sf-dump-ellipsis-note\">\\</span>ServiceManager</span> {<a class=sf-dump-ref href=#sf-dump-892677653-ref21222 title=\"2 occurrences\">#1222</a>}
    #<span class=sf-dump-protected title=\"Protected property\">delegators</span>: []
    #<span class=sf-dump-protected title=\"Protected property\">factories</span>: <span class=sf-dump-note>array:1</span> [<samp data-depth=3 class=sf-dump-compact>
      \"<span class=sf-dump-key>Laminas\\Db\\Adapter\\Adapter</span>\" => <span class=sf-dump-note>Closure($sm)</span> {<a class=sf-dump-ref>#1223</a> &#8230;3}
    </samp>]
    #<span class=sf-dump-protected title=\"Protected property\">initializers</span>: []
    #<span class=sf-dump-protected title=\"Protected property\">lazyServices</span>: []
    -<span class=sf-dump-private title=\"Private property defined in class:&#10;`Laminas\\ServiceManager\\ServiceManager`\">lazyServicesDelegator</span>: <span class=sf-dump-const>null</span>
    #<span class=sf-dump-protected title=\"Protected property\">services</span>: <span class=sf-dump-note>array:1</span> [<samp data-depth=3 class=sf-dump-compact>
      \"<span class=sf-dump-key>Laminas\\Db\\Adapter\\Adapter</span>\" => <span class=sf-dump-note title=\"Laminas\\Db\\Adapter\\Adapter
\"><span class=\"sf-dump-ellipsis sf-dump-ellipsis-note\">Laminas\\Db\\Adapter</span><span class=\"sf-dump-ellipsis sf-dump-ellipsis-note\">\\</span>Adapter</span> {<a class=sf-dump-ref href=#sf-dump-892677653-ref22310 title=\"4 occurrences\">#2310</a>}
    </samp>]
    #<span class=sf-dump-protected title=\"Protected property\">shared</span>: []
    #<span class=sf-dump-protected title=\"Protected property\">sharedByDefault</span>: <span class=sf-dump-const>true</span>
    #<span class=sf-dump-protected title=\"Protected property\">configured</span>: <span class=sf-dump-const>true</span>
    -<span class=sf-dump-private title=\"Private property defined in class:&#10;`Laminas\\ServiceManager\\ServiceManager`\">cachedAbstractFactories</span>: []
  </samp>}
  #<span class=sf-dump-protected title=\"Protected property\">primary</span>: \"<span class=sf-dump-str title=\"2 characters\">id</span>\"
  #<span class=sf-dump-protected title=\"Protected property\">adapter</span>: <span class=sf-dump-note title=\"Laminas\\Db\\Adapter\\Adapter
\"><span class=\"sf-dump-ellipsis sf-dump-ellipsis-note\">Laminas\\Db\\Adapter</span><span class=\"sf-dump-ellipsis sf-dump-ellipsis-note\">\\</span>Adapter</span> {<a class=sf-dump-ref href=#sf-dump-892677653-ref22310 title=\"4 occurrences\">#2310</a>}
  #<span class=sf-dump-protected title=\"Protected property\">inputFilter</span>: <span class=sf-dump-const>null</span>
  +<span class=sf-dump-public title=\"Public property\">db</span>: <span class=sf-dump-const>null</span>
  +<span class=sf-dump-public title=\"Public property\">config</span>: <span class=sf-dump-const>null</span>
  +<span class=sf-dump-public title=\"Public property\">cache</span>: <span class=sf-dump-const>null</span>
  #<span class=sf-dump-protected title=\"Protected property\">accountId</span>: <span class=sf-dump-const>false</span>
  #<span class=sf-dump-protected title=\"Protected property\">prefix</span>: \"\"
  #<span class=sf-dump-protected title=\"Protected property\">timeStamp</span>: <span class=sf-dump-const>true</span>
</samp>}
</pre><script>Sfdump(\"sf-dump-892677653\", {\"maxDepth\":3,\"maxStringLength\":160})</script>
","previous":"<pre class=sf-dump id=sf-dump-851432150 data-indent-pad=\"  \"><span class=sf-dump-const>false</span>
</pre><script>Sfdump(\"sf-dump-851432150\", {\"maxDepth\":3,\"maxStringLength\":160})</script>
","next":"<pre class=sf-dump id=sf-dump-1807278182 data-indent-pad=\"  \"><span class=sf-dump-const>false</span>
</pre><script>Sfdump(\"sf-dump-1807278182\", {\"maxDepth\":3,\"maxStringLength\":160})</script>
","lecturePageTable":"<pre class=sf-dump id=sf-dump-634604221 data-indent-pad=\"  \"><span class=sf-dump-note>App\\V2\\Model\\LecturePageTable</span> {<a class=sf-dump-ref>#2534</a><samp data-depth=1 class=sf-dump-expanded>
  #<span class=sf-dump-protected title=\"Protected property\">tableName</span>: \"<span class=sf-dump-str title=\"13 characters\">lecture_pages</span>\"
  +<span class=sf-dump-public title=\"Public property\">tableGateway</span>: <span class=sf-dump-note title=\"Laminas\\Db\\TableGateway\\TableGateway
\"><span class=\"sf-dump-ellipsis sf-dump-ellipsis-note\">Laminas\\Db\\TableGateway</span><span class=\"sf-dump-ellipsis sf-dump-ellipsis-note\">\\</span>TableGateway</span> {<a class=sf-dump-ref href=#sf-dump-634604221-ref22535 title=\"2 occurrences\">#2535</a><samp data-depth=2 id=sf-dump-634604221-ref22535 class=sf-dump-compact>
    #<span class=sf-dump-protected title=\"Protected property\">isInitialized</span>: <span class=sf-dump-const>true</span>
    #<span class=sf-dump-protected title=\"Protected property\">adapter</span>: <span class=sf-dump-note title=\"Laminas\\Db\\Adapter\\Adapter
\"><span class=\"sf-dump-ellipsis sf-dump-ellipsis-note\">Laminas\\Db\\Adapter</span><span class=\"sf-dump-ellipsis sf-dump-ellipsis-note\">\\</span>Adapter</span> {<a class=sf-dump-ref href=#sf-dump-634604221-ref22310 title=\"4 occurrences\">#2310</a><samp data-depth=3 id=sf-dump-634604221-ref22310 class=sf-dump-compact>
      #<span class=sf-dump-protected title=\"Protected property\">driver</span>: <span class=sf-dump-note title=\"Laminas\\Db\\Adapter\\Driver\\Pdo\\Pdo
\"><span class=\"sf-dump-ellipsis sf-dump-ellipsis-note\">Laminas\\Db\\Adapter\\Driver\\Pdo</span><span class=\"sf-dump-ellipsis sf-dump-ellipsis-note\">\\</span>Pdo</span> {<a class=sf-dump-ref href=#sf-dump-634604221-ref22301 title=\"4 occurrences\">#2301</a> &#8230;5}
      #<span class=sf-dump-protected title=\"Protected property\">platform</span>: <span class=sf-dump-note title=\"Laminas\\Db\\Adapter\\Platform\\Mysql
\"><span class=\"sf-dump-ellipsis sf-dump-ellipsis-note\">Laminas\\Db\\Adapter\\Platform</span><span class=\"sf-dump-ellipsis sf-dump-ellipsis-note\">\\</span>Mysql</span> {<a class=sf-dump-ref href=#sf-dump-634604221-ref22312 title=\"2 occurrences\">#2312</a> &#8230;5}
      #<span class=sf-dump-protected title=\"Protected property\">profiler</span>: <span class=sf-dump-const>null</span>
      #<span class=sf-dump-protected title=\"Protected property\">queryResultSetPrototype</span>: <span class=sf-dump-note title=\"Laminas\\Db\\ResultSet\\ResultSet
\"><span class=\"sf-dump-ellipsis sf-dump-ellipsis-note\">Laminas\\Db\\ResultSet</span><span class=\"sf-dump-ellipsis sf-dump-ellipsis-note\">\\</span>ResultSet</span> {<a class=sf-dump-ref>#2326</a> &#8230;8}
      #<span class=sf-dump-protected title=\"Protected property\">lastPreparedStatement</span>: <span class=sf-dump-const>null</span>
    </samp>}
    #<span class=sf-dump-protected title=\"Protected property\">table</span>: \"<span class=sf-dump-str title=\"13 characters\">lecture_pages</span>\"
    #<span class=sf-dump-protected title=\"Protected property\">columns</span>: []
    #<span class=sf-dump-protected title=\"Protected property\">featureSet</span>: <span class=sf-dump-note title=\"Laminas\\Db\\TableGateway\\Feature\\FeatureSet
\"><span class=\"sf-dump-ellipsis sf-dump-ellipsis-note\">Laminas\\Db\\TableGateway\\Feature</span><span class=\"sf-dump-ellipsis sf-dump-ellipsis-note\">\\</span>FeatureSet</span> {<a class=sf-dump-ref>#2536</a><samp data-depth=3 class=sf-dump-compact>
      #<span class=sf-dump-protected title=\"Protected property\">tableGateway</span>: <span class=sf-dump-note title=\"Laminas\\Db\\TableGateway\\TableGateway
\"><span class=\"sf-dump-ellipsis sf-dump-ellipsis-note\">Laminas\\Db\\TableGateway</span><span class=\"sf-dump-ellipsis sf-dump-ellipsis-note\">\\</span>TableGateway</span> {<a class=sf-dump-ref href=#sf-dump-634604221-ref22535 title=\"2 occurrences\">#2535</a>}
      #<span class=sf-dump-protected title=\"Protected property\">features</span>: []
      #<span class=sf-dump-protected title=\"Protected property\">magicSpecifications</span>: []
    </samp>}
    #<span class=sf-dump-protected title=\"Protected property\">resultSetPrototype</span>: <span class=sf-dump-note title=\"Laminas\\Db\\ResultSet\\ResultSet
\"><span class=\"sf-dump-ellipsis sf-dump-ellipsis-note\">Laminas\\Db\\ResultSet</span><span class=\"sf-dump-ellipsis sf-dump-ellipsis-note\">\\</span>ResultSet</span> {<a class=sf-dump-ref>#2537</a><samp data-depth=3 class=sf-dump-compact>
      #<span class=sf-dump-protected title=\"Protected property\">buffer</span>: <span class=sf-dump-const>null</span>
      #<span class=sf-dump-protected title=\"Protected property\">count</span>: <span class=sf-dump-const>null</span>
      #<span class=sf-dump-protected title=\"Protected property\">dataSource</span>: <span class=sf-dump-const>null</span>
      #<span class=sf-dump-protected title=\"Protected property\">fieldCount</span>: <span class=sf-dump-const>null</span>
      #<span class=sf-dump-protected title=\"Protected property\">position</span>: <span class=sf-dump-num>0</span>
      #<span class=sf-dump-protected title=\"Protected property\">allowedReturnTypes</span>: <span class=sf-dump-note>array:2</span> [ &#8230;2]
      #<span class=sf-dump-protected title=\"Protected property\">arrayObjectPrototype</span>: <span class=sf-dump-note>ArrayObject</span> {<a class=sf-dump-ref>#2538</a> &#8230;4}
      #<span class=sf-dump-protected title=\"Protected property\">returnType</span>: \"<span class=sf-dump-str title=\"11 characters\">arrayobject</span>\"
    </samp>}
    #<span class=sf-dump-protected title=\"Protected property\">sql</span>: <span class=sf-dump-note title=\"Laminas\\Db\\Sql\\Sql
\"><span class=\"sf-dump-ellipsis sf-dump-ellipsis-note\">Laminas\\Db\\Sql</span><span class=\"sf-dump-ellipsis sf-dump-ellipsis-note\">\\</span>Sql</span> {<a class=sf-dump-ref>#2539</a><samp data-depth=3 class=sf-dump-compact>
      #<span class=sf-dump-protected title=\"Protected property\">adapter</span>: <span class=sf-dump-note title=\"Laminas\\Db\\Adapter\\Adapter
\"><span class=\"sf-dump-ellipsis sf-dump-ellipsis-note\">Laminas\\Db\\Adapter</span><span class=\"sf-dump-ellipsis sf-dump-ellipsis-note\">\\</span>Adapter</span> {<a class=sf-dump-ref href=#sf-dump-634604221-ref22310 title=\"4 occurrences\">#2310</a>}
      #<span class=sf-dump-protected title=\"Protected property\">table</span>: \"<span class=sf-dump-str title=\"13 characters\">lecture_pages</span>\"
      #<span class=sf-dump-protected title=\"Protected property\">sqlPlatform</span>: <span class=sf-dump-note title=\"Laminas\\Db\\Sql\\Platform\\Platform
\"><span class=\"sf-dump-ellipsis sf-dump-ellipsis-note\">Laminas\\Db\\Sql\\Platform</span><span class=\"sf-dump-ellipsis sf-dump-ellipsis-note\">\\</span>Platform</span> {<a class=sf-dump-ref>#2540</a> &#8230;4}
    </samp>}
    #<span class=sf-dump-protected title=\"Protected property\">lastInsertValue</span>: <span class=sf-dump-const>null</span>
  </samp>}
  #<span class=sf-dump-protected title=\"Protected property\">serviceLocator</span>: <span class=sf-dump-note title=\"Laminas\\ServiceManager\\ServiceManager
\"><span class=\"sf-dump-ellipsis sf-dump-ellipsis-note\">Laminas\\ServiceManager</span><span class=\"sf-dump-ellipsis sf-dump-ellipsis-note\">\\</span>ServiceManager</span> {<a class=sf-dump-ref href=#sf-dump-634604221-ref21222 title=\"2 occurrences\">#1222</a><samp data-depth=2 id=sf-dump-634604221-ref21222 class=sf-dump-compact>
    #<span class=sf-dump-protected title=\"Protected property\">abstractFactories</span>: []
    #<span class=sf-dump-protected title=\"Protected property\">aliases</span>: []
    #<span class=sf-dump-protected title=\"Protected property\">allowOverride</span>: <span class=sf-dump-const>false</span>
    #<span class=sf-dump-protected title=\"Protected property\">creationContext</span>: <span class=sf-dump-note title=\"Laminas\\ServiceManager\\ServiceManager
\"><span class=\"sf-dump-ellipsis sf-dump-ellipsis-note\">Laminas\\ServiceManager</span><span class=\"sf-dump-ellipsis sf-dump-ellipsis-note\">\\</span>ServiceManager</span> {<a class=sf-dump-ref href=#sf-dump-634604221-ref21222 title=\"2 occurrences\">#1222</a>}
    #<span class=sf-dump-protected title=\"Protected property\">delegators</span>: []
    #<span class=sf-dump-protected title=\"Protected property\">factories</span>: <span class=sf-dump-note>array:1</span> [<samp data-depth=3 class=sf-dump-compact>
      \"<span class=sf-dump-key>Laminas\\Db\\Adapter\\Adapter</span>\" => <span class=sf-dump-note>Closure($sm)</span> {<a class=sf-dump-ref>#1223</a> &#8230;3}
    </samp>]
    #<span class=sf-dump-protected title=\"Protected property\">initializers</span>: []
    #<span class=sf-dump-protected title=\"Protected property\">lazyServices</span>: []
    -<span class=sf-dump-private title=\"Private property defined in class:&#10;`Laminas\\ServiceManager\\ServiceManager`\">lazyServicesDelegator</span>: <span class=sf-dump-const>null</span>
    #<span class=sf-dump-protected title=\"Protected property\">services</span>: <span class=sf-dump-note>array:1</span> [<samp data-depth=3 class=sf-dump-compact>
      \"<span class=sf-dump-key>Laminas\\Db\\Adapter\\Adapter</span>\" => <span class=sf-dump-note title=\"Laminas\\Db\\Adapter\\Adapter
\"><span class=\"sf-dump-ellipsis sf-dump-ellipsis-note\">Laminas\\Db\\Adapter</span><span class=\"sf-dump-ellipsis sf-dump-ellipsis-note\">\\</span>Adapter</span> {<a class=sf-dump-ref href=#sf-dump-634604221-ref22310 title=\"4 occurrences\">#2310</a>}
    </samp>]
    #<span class=sf-dump-protected title=\"Protected property\">shared</span>: []
    #<span class=sf-dump-protected title=\"Protected property\">sharedByDefault</span>: <span class=sf-dump-const>true</span>
    #<span class=sf-dump-protected title=\"Protected property\">configured</span>: <span class=sf-dump-const>true</span>
    -<span class=sf-dump-private title=\"Private property defined in class:&#10;`Laminas\\ServiceManager\\ServiceManager`\">cachedAbstractFactories</span>: []
  </samp>}
  #<span class=sf-dump-protected title=\"Protected property\">primary</span>: \"<span class=sf-dump-str title=\"2 characters\">id</span>\"
  #<span class=sf-dump-protected title=\"Protected property\">adapter</span>: <span class=sf-dump-note title=\"Laminas\\Db\\Adapter\\Adapter
\"><span class=\"sf-dump-ellipsis sf-dump-ellipsis-note\">Laminas\\Db\\Adapter</span><span class=\"sf-dump-ellipsis sf-dump-ellipsis-note\">\\</span>Adapter</span> {<a class=sf-dump-ref href=#sf-dump-634604221-ref22310 title=\"4 occurrences\">#2310</a>}
  #<span class=sf-dump-protected title=\"Protected property\">inputFilter</span>: <span class=sf-dump-const>null</span>
  +<span class=sf-dump-public title=\"Public property\">db</span>: <span class=sf-dump-const>null</span>
  +<span class=sf-dump-public title=\"Public property\">config</span>: <span class=sf-dump-const>null</span>
  +<span class=sf-dump-public title=\"Public property\">cache</span>: <span class=sf-dump-const>null</span>
  #<span class=sf-dump-protected title=\"Protected property\">accountId</span>: <span class=sf-dump-const>false</span>
  #<span class=sf-dump-protected title=\"Protected property\">prefix</span>: \"\"
  #<span class=sf-dump-protected title=\"Protected property\">timeStamp</span>: <span class=sf-dump-const>true</span>
</samp>}
</pre><script>Sfdump(\"sf-dump-634604221\", {\"maxDepth\":3,\"maxStringLength\":160})</script>
","sessionId":"<pre class=sf-dump id=sf-dump-1003468661 data-indent-pad=\"  \"><span class=sf-dump-num>13</span>
</pre><script>Sfdump(\"sf-dump-1003468661\", {\"maxDepth\":3,\"maxStringLength\":160})</script>
","course":"<pre class=sf-dump id=sf-dump-1129570378 data-indent-pad=\"  \"><span class=sf-dump-note>App\\Course</span> {<a class=sf-dump-ref>#2323</a><samp data-depth=1 class=sf-dump-expanded>
  #<span class=sf-dump-protected title=\"Protected property\">connection</span>: \"<span class=sf-dump-str title=\"5 characters\">mysql</span>\"
  #<span class=sf-dump-protected title=\"Protected property\">table</span>: \"<span class=sf-dump-str title=\"7 characters\">courses</span>\"
  #<span class=sf-dump-protected title=\"Protected property\">primaryKey</span>: \"<span class=sf-dump-str title=\"2 characters\">id</span>\"
  #<span class=sf-dump-protected title=\"Protected property\">keyType</span>: \"<span class=sf-dump-str title=\"3 characters\">int</span>\"
  +<span class=sf-dump-public title=\"Public property\">incrementing</span>: <span class=sf-dump-const>true</span>
  #<span class=sf-dump-protected title=\"Protected property\">with</span>: []
  #<span class=sf-dump-protected title=\"Protected property\">withCount</span>: []
  +<span class=sf-dump-public title=\"Public property\">preventsLazyLoading</span>: <span class=sf-dump-const>false</span>
  #<span class=sf-dump-protected title=\"Protected property\">perPage</span>: <span class=sf-dump-num>15</span>
  +<span class=sf-dump-public title=\"Public property\">exists</span>: <span class=sf-dump-const>true</span>
  +<span class=sf-dump-public title=\"Public property\">wasRecentlyCreated</span>: <span class=sf-dump-const>false</span>
  #<span class=sf-dump-protected title=\"Protected property\">escapeWhenCastingToString</span>: <span class=sf-dump-const>false</span>
  #<span class=sf-dump-protected title=\"Protected property\">attributes</span>: <span class=sf-dump-note>array:26</span> [<samp data-depth=2 class=sf-dump-compact>
    \"<span class=sf-dump-key>id</span>\" => <span class=sf-dump-num>13</span>
    \"<span class=sf-dump-key>created_at</span>\" => \"<span class=sf-dump-str title=\"19 characters\">2024-07-10 06:53:58</span>\"
    \"<span class=sf-dump-key>updated_at</span>\" => \"<span class=sf-dump-str title=\"19 characters\">2024-07-10 06:53:58</span>\"
    \"<span class=sf-dump-key>name</span>\" => \"<span class=sf-dump-str title=\"18 characters\">Internet Of Things</span>\"
    \"<span class=sf-dump-key>admin_id</span>\" => <span class=sf-dump-num>2</span>
    \"<span class=sf-dump-key>enabled</span>\" => <span class=sf-dump-num>1</span>
    \"<span class=sf-dump-key>start_date</span>\" => \"<span class=sf-dump-str title=\"19 characters\">0000-00-00 00:00:00</span>\"
    \"<span class=sf-dump-key>end_date</span>\" => <span class=sf-dump-const>null</span>
    \"<span class=sf-dump-key>enrollment_closes</span>\" => <span class=sf-dump-const>null</span>
    \"<span class=sf-dump-key>capacity</span>\" => <span class=sf-dump-const>null</span>
    \"<span class=sf-dump-key>payment_required</span>\" => <span class=sf-dump-num>0</span>
    \"<span class=sf-dump-key>fee</span>\" => <span class=sf-dump-const>null</span>
    \"<span class=sf-dump-key>description</span>\" => \"<span class=sf-dump-str title=\"118 characters\">&lt;p&gt;Ini adalah kelas dengan materi mata kuliah Internet Of Things dengan menggunakan pendekatan gaya belajar Visual&lt;/p&gt;</span>\"
    \"<span class=sf-dump-key>venue</span>\" => <span class=sf-dump-const>null</span>
    \"<span class=sf-dump-key>type</span>\" => \"<span class=sf-dump-str>c</span>\"
    \"<span class=sf-dump-key>picture</span>\" => \"<span class=sf-dump-str title=\"60 characters\">usermedia/Cover_Kelas/jorge-ramirez-988-7dFbNlo-unsplash.jpg</span>\"
    \"<span class=sf-dump-key>enable_discussion</span>\" => <span class=sf-dump-num>1</span>
    \"<span class=sf-dump-key>enable_chat</span>\" => <span class=sf-dump-num>1</span>
    \"<span class=sf-dump-key>enforce_order</span>\" => <span class=sf-dump-num>1</span>
    \"<span class=sf-dump-key>effort</span>\" => <span class=sf-dump-const>null</span>
    \"<span class=sf-dump-key>length</span>\" => <span class=sf-dump-const>null</span>
    \"<span class=sf-dump-key>short_description</span>\" => \"<span class=sf-dump-str title=\"61 characters\">Internet Of Things dengan tipe pendekatan gaya belajar Visual</span>\"
    \"<span class=sf-dump-key>introduction</span>\" => \"<span class=sf-dump-str title=\"119 characters\">&lt;p&gt;Kumpulan materi Internet Of Things dengan materi yang dihadirkan menggunakan pendekatan tipe gaya belajar Visual&lt;/p&gt;</span>\"
    \"<span class=sf-dump-key>enable_forum</span>\" => <span class=sf-dump-num>1</span>
    \"<span class=sf-dump-key>enforce_capacity</span>\" => <span class=sf-dump-num>0</span>
    \"<span class=sf-dump-key>nama_materi</span>\" => \"<span class=sf-dump-str title=\"18 characters\">Internet Of Things</span>\"
  </samp>]
  #<span class=sf-dump-protected title=\"Protected property\">original</span>: <span class=sf-dump-note>array:26</span> [<samp data-depth=2 class=sf-dump-compact>
    \"<span class=sf-dump-key>id</span>\" => <span class=sf-dump-num>13</span>
    \"<span class=sf-dump-key>created_at</span>\" => \"<span class=sf-dump-str title=\"19 characters\">2024-07-10 06:53:58</span>\"
    \"<span class=sf-dump-key>updated_at</span>\" => \"<span class=sf-dump-str title=\"19 characters\">2024-07-10 06:53:58</span>\"
    \"<span class=sf-dump-key>name</span>\" => \"<span class=sf-dump-str title=\"18 characters\">Internet Of Things</span>\"
    \"<span class=sf-dump-key>admin_id</span>\" => <span class=sf-dump-num>2</span>
    \"<span class=sf-dump-key>enabled</span>\" => <span class=sf-dump-num>1</span>
    \"<span class=sf-dump-key>start_date</span>\" => \"<span class=sf-dump-str title=\"19 characters\">0000-00-00 00:00:00</span>\"
    \"<span class=sf-dump-key>end_date</span>\" => <span class=sf-dump-const>null</span>
    \"<span class=sf-dump-key>enrollment_closes</span>\" => <span class=sf-dump-const>null</span>
    \"<span class=sf-dump-key>capacity</span>\" => <span class=sf-dump-const>null</span>
    \"<span class=sf-dump-key>payment_required</span>\" => <span class=sf-dump-num>0</span>
    \"<span class=sf-dump-key>fee</span>\" => <span class=sf-dump-const>null</span>
    \"<span class=sf-dump-key>description</span>\" => \"<span class=sf-dump-str title=\"118 characters\">&lt;p&gt;Ini adalah kelas dengan materi mata kuliah Internet Of Things dengan menggunakan pendekatan gaya belajar Visual&lt;/p&gt;</span>\"
    \"<span class=sf-dump-key>venue</span>\" => <span class=sf-dump-const>null</span>
    \"<span class=sf-dump-key>type</span>\" => \"<span class=sf-dump-str>c</span>\"
    \"<span class=sf-dump-key>picture</span>\" => \"<span class=sf-dump-str title=\"60 characters\">usermedia/Cover_Kelas/jorge-ramirez-988-7dFbNlo-unsplash.jpg</span>\"
    \"<span class=sf-dump-key>enable_discussion</span>\" => <span class=sf-dump-num>1</span>
    \"<span class=sf-dump-key>enable_chat</span>\" => <span class=sf-dump-num>1</span>
    \"<span class=sf-dump-key>enforce_order</span>\" => <span class=sf-dump-num>1</span>
    \"<span class=sf-dump-key>effort</span>\" => <span class=sf-dump-const>null</span>
    \"<span class=sf-dump-key>length</span>\" => <span class=sf-dump-const>null</span>
    \"<span class=sf-dump-key>short_description</span>\" => \"<span class=sf-dump-str title=\"61 characters\">Internet Of Things dengan tipe pendekatan gaya belajar Visual</span>\"
    \"<span class=sf-dump-key>introduction</span>\" => \"<span class=sf-dump-str title=\"119 characters\">&lt;p&gt;Kumpulan materi Internet Of Things dengan materi yang dihadirkan menggunakan pendekatan tipe gaya belajar Visual&lt;/p&gt;</span>\"
    \"<span class=sf-dump-key>enable_forum</span>\" => <span class=sf-dump-num>1</span>
    \"<span class=sf-dump-key>enforce_capacity</span>\" => <span class=sf-dump-num>0</span>
    \"<span class=sf-dump-key>nama_materi</span>\" => \"<span class=sf-dump-str title=\"18 characters\">Internet Of Things</span>\"
  </samp>]
  #<span class=sf-dump-protected title=\"Protected property\">changes</span>: []
  #<span class=sf-dump-protected title=\"Protected property\">casts</span>: []
  #<span class=sf-dump-protected title=\"Protected property\">classCastCache</span>: []
  #<span class=sf-dump-protected title=\"Protected property\">attributeCastCache</span>: []
  #<span class=sf-dump-protected title=\"Protected property\">dateFormat</span>: <span class=sf-dump-const>null</span>
  #<span class=sf-dump-protected title=\"Protected property\">appends</span>: []
  #<span class=sf-dump-protected title=\"Protected property\">dispatchesEvents</span>: []
  #<span class=sf-dump-protected title=\"Protected property\">observables</span>: []
  #<span class=sf-dump-protected title=\"Protected property\">relations</span>: []
  #<span class=sf-dump-protected title=\"Protected property\">touches</span>: []
  +<span class=sf-dump-public title=\"Public property\">timestamps</span>: <span class=sf-dump-const>true</span>
  +<span class=sf-dump-public title=\"Public property\">usesUniqueIds</span>: <span class=sf-dump-const>false</span>
  #<span class=sf-dump-protected title=\"Protected property\">hidden</span>: []
  #<span class=sf-dump-protected title=\"Protected property\">visible</span>: []
  #<span class=sf-dump-protected title=\"Protected property\">fillable</span>: <span class=sf-dump-note>array:22</span> [<samp data-depth=2 class=sf-dump-compact>
    <span class=sf-dump-index>0</span> => \"<span class=sf-dump-str title=\"4 characters\">name</span>\"
    <span class=sf-dump-index>1</span> => \"<span class=sf-dump-str title=\"8 characters\">admin_id</span>\"
    <span class=sf-dump-index>2</span> => \"<span class=sf-dump-str title=\"7 characters\">enabled</span>\"
    <span class=sf-dump-index>3</span> => \"<span class=sf-dump-str title=\"10 characters\">start_date</span>\"
    <span class=sf-dump-index>4</span> => \"<span class=sf-dump-str title=\"8 characters\">end_date</span>\"
    <span class=sf-dump-index>5</span> => \"<span class=sf-dump-str title=\"17 characters\">enrollment_closes</span>\"
    <span class=sf-dump-index>6</span> => \"<span class=sf-dump-str title=\"8 characters\">capacity</span>\"
    <span class=sf-dump-index>7</span> => \"<span class=sf-dump-str title=\"16 characters\">payment_required</span>\"
    <span class=sf-dump-index>8</span> => \"<span class=sf-dump-str title=\"3 characters\">fee</span>\"
    <span class=sf-dump-index>9</span> => \"<span class=sf-dump-str title=\"11 characters\">description</span>\"
    <span class=sf-dump-index>10</span> => \"<span class=sf-dump-str title=\"5 characters\">venue</span>\"
    <span class=sf-dump-index>11</span> => \"<span class=sf-dump-str title=\"4 characters\">type</span>\"
    <span class=sf-dump-index>12</span> => \"<span class=sf-dump-str title=\"7 characters\">picture</span>\"
    <span class=sf-dump-index>13</span> => \"<span class=sf-dump-str title=\"17 characters\">enable_discussion</span>\"
    <span class=sf-dump-index>14</span> => \"<span class=sf-dump-str title=\"11 characters\">enable_chat</span>\"
    <span class=sf-dump-index>15</span> => \"<span class=sf-dump-str title=\"13 characters\">enforce_order</span>\"
    <span class=sf-dump-index>16</span> => \"<span class=sf-dump-str title=\"6 characters\">effort</span>\"
    <span class=sf-dump-index>17</span> => \"<span class=sf-dump-str title=\"6 characters\">length</span>\"
    <span class=sf-dump-index>18</span> => \"<span class=sf-dump-str title=\"17 characters\">short_description</span>\"
    <span class=sf-dump-index>19</span> => \"<span class=sf-dump-str title=\"12 characters\">introduction</span>\"
    <span class=sf-dump-index>20</span> => \"<span class=sf-dump-str title=\"12 characters\">enable_forum</span>\"
    <span class=sf-dump-index>21</span> => \"<span class=sf-dump-str title=\"16 characters\">enforce_capacity</span>\"
  </samp>]
  #<span class=sf-dump-protected title=\"Protected property\">guarded</span>: <span class=sf-dump-note>array:1</span> [<samp data-depth=2 class=sf-dump-compact>
    <span class=sf-dump-index>0</span> => \"<span class=sf-dump-str>*</span>\"
  </samp>]
</samp>}
</pre><script>Sfdump(\"sf-dump-1129570378\", {\"maxDepth\":3,\"maxStringLength\":160})</script>
","customCrumbs":"<pre class=sf-dump id=sf-dump-1486494604 data-indent-pad=\"  \"><span class=sf-dump-note>array:5</span> [<samp data-depth=1 class=sf-dump-expanded>
  \"<span class=sf-dump-key>http://localhost/its-tni/public/student/dashboard</span>\" => \"<span class=sf-dump-str title=\"5 characters\">Rumah</span>\"
  \"<span class=sf-dump-key>http://localhost/its-tni/public/student/student/mysessions</span>\" => \"<span class=sf-dump-str title=\"13 characters\">Kursus online</span>\"
  \"<span class=sf-dump-key>http://localhost/its-tni/public/student/course-details/13/internet-of-things</span>\" => \"<span class=sf-dump-str title=\"13 characters\">Detail Kursus</span>\"
  \"<span class=sf-dump-key>http://localhost/its-tni/public/student/course/intro/13</span>\" => \"<span class=sf-dump-str title=\"9 characters\">pengantar</span>\"
  \"<span class=sf-dump-key>#</span>\" => \"<span class=sf-dump-str title=\"12 characters\">Detail Kelas</span>\"
</samp>]
</pre><script>Sfdump(\"sf-dump-1486494604\", {\"maxDepth\":3,\"maxStringLength\":160})</script>
","userLayout":"<pre class=sf-dump id=sf-dump-1771515541 data-indent-pad=\"  \">\"<span class=sf-dump-str title=\"15 characters\">layouts.student</span>\"
</pre><script>Sfdump(\"sf-dump-1771515541\", {\"maxDepth\":3,\"maxStringLength\":160})</script>
"}},"userId":6,"exception":"[object] (Spatie\\LaravelIgnition\\Exceptions\\ViewException(code: 0): Undefined variable $materi at C:\\xampp\\htdocs\\its-tni\\resources\\views\\student\\course\\class.blade.php:37)
[stacktrace]
#0 C:\\xampp\\htdocs\\its-tni\\vendor\\laravel\\framework\\src\\Illuminate\\Foundation\\Bootstrap\\HandleExceptions.php(250): Illuminate\\Foundation\\Bootstrap\\HandleExceptions->handleError(2, 'Undefined varia...', 'C:\\\\xampp\\\\htdocs...', 26)
#1 C:\\xampp\\htdocs\\its-tni\\resources\\views\\student\\course\\class.blade.php(37): Illuminate\\Foundation\\Bootstrap\\HandleExceptions->Illuminate\\Foundation\\Bootstrap\\{closure}(2, 'Undefined varia...', 'C:\\\\xampp\\\\htdocs...', 26)
#2 C:\\xampp\\htdocs\\its-tni\\vendor\\laravel\\framework\\src\\Illuminate\\Filesystem\\Filesystem.php(123): require('C:\\\\xampp\\\\htdocs...')
#3 C:\\xampp\\htdocs\\its-tni\\vendor\\laravel\\framework\\src\\Illuminate\\Filesystem\\Filesystem.php(124): Illuminate\\Filesystem\\Filesystem::Illuminate\\Filesystem\\{closure}()
#4 C:\\xampp\\htdocs\\its-tni\\vendor\\laravel\\framework\\src\\Illuminate\\View\\Engines\\PhpEngine.php(58): Illuminate\\Filesystem\\Filesystem->getRequire('C:\\\\xampp\\\\htdocs...', Array)
#5 C:\\xampp\\htdocs\\its-tni\\vendor\\laravel\\framework\\src\\Illuminate\\View\\Engines\\CompilerEngine.php(70): Illuminate\\View\\Engines\\PhpEngine->evaluatePath('C:\\\\xampp\\\\htdocs...', Array)
#6 C:\\xampp\\htdocs\\its-tni\\vendor\\laravel\\framework\\src\\Illuminate\\View\\View.php(195): Illuminate\\View\\Engines\\CompilerEngine->get('C:\\\\xampp\\\\htdocs...', Array)
#7 C:\\xampp\\htdocs\\its-tni\\vendor\\laravel\\framework\\src\\Illuminate\\View\\View.php(178): Illuminate\\View\\View->getContents()
#8 C:\\xampp\\htdocs\\its-tni\\vendor\\laravel\\framework\\src\\Illuminate\\View\\View.php(147): Illuminate\\View\\View->renderContents()
#9 C:\\xampp\\htdocs\\its-tni\\vendor\\laravel\\framework\\src\\Illuminate\\Http\\Response.php(69): Illuminate\\View\\View->render()
#10 C:\\xampp\\htdocs\\its-tni\\vendor\\laravel\\framework\\src\\Illuminate\\Http\\Response.php(35): Illuminate\\Http\\Response->setContent(Object(Illuminate\\View\\View))
#11 C:\\xampp\\htdocs\\its-tni\\vendor\\laravel\\framework\\src\\Illuminate\\Routing\\Router.php(906): Illuminate\\Http\\Response->__construct(Object(Illuminate\\View\\View), 200, Array)
#12 C:\\xampp\\htdocs\\its-tni\\vendor\\laravel\\framework\\src\\Illuminate\\Routing\\Router.php(875): Illuminate\\Routing\\Router::toResponse(Object(Illuminate\\Http\\Request), Object(Illuminate\\View\\View))
#13 C:\\xampp\\htdocs\\its-tni\\vendor\\laravel\\framework\\src\\Illuminate\\Routing\\Router.php(797): Illuminate\\Routing\\Router->prepareResponse(Object(Illuminate\\Http\\Request), Object(Illuminate\\View\\View))
#14 C:\\xampp\\htdocs\\its-tni\\vendor\\laravel\\framework\\src\\Illuminate\\Pipeline\\Pipeline.php(141): Illuminate\\Routing\\Router->Illuminate\\Routing\\{closure}(Object(Illuminate\\Http\\Request))
#15 C:\\xampp\\htdocs\\its-tni\\app\\Http\\Middleware\\Student.php(33): Illuminate\\Pipeline\\Pipeline->Illuminate\\Pipeline\\{closure}(Object(Illuminate\\Http\\Request))
#16 C:\\xampp\\htdocs\\its-tni\\vendor\\laravel\\framework\\src\\Illuminate\\Pipeline\\Pipeline.php(180): App\\Http\\Middleware\\Student->handle(Object(Illuminate\\Http\\Request), Object(Closure))
#17 C:\\xampp\\htdocs\\its-tni\\vendor\\laravel\\framework\\src\\Illuminate\\Routing\\Middleware\\SubstituteBindings.php(50): Illuminate\\Pipeline\\Pipeline->Illuminate\\Pipeline\\{closure}(Object(Illuminate\\Http\\Request))
#18 C:\\xampp\\htdocs\\its-tni\\vendor\\laravel\\framework\\src\\Illuminate\\Pipeline\\Pipeline.php(180): Illuminate\\Routing\\Middleware\\SubstituteBindings->handle(Object(Illuminate\\Http\\Request), Object(Closure))
#19 C:\\xampp\\htdocs\\its-tni\\vendor\\laravel\\framework\\src\\Illuminate\\Auth\\Middleware\\Authenticate.php(45): Illuminate\\Pipeline\\Pipeline->Illuminate\\Pipeline\\{closure}(Object(Illuminate\\Http\\Request))
#20 C:\\xampp\\htdocs\\its-tni\\vendor\\laravel\\framework\\src\\Illuminate\\Pipeline\\Pipeline.php(180): Illuminate\\Auth\\Middleware\\Authenticate->handle(Object(Illuminate\\Http\\Request), Object(Closure))
#21 C:\\xampp\\htdocs\\its-tni\\vendor\\laravel\\framework\\src\\Illuminate\\Foundation\\Http\\Middleware\\VerifyCsrfToken.php(78): Illuminate\\Pipeline\\Pipeline->Illuminate\\Pipeline\\{closure}(Object(Illuminate\\Http\\Request))
#22 C:\\xampp\\htdocs\\its-tni\\vendor\\laravel\\framework\\src\\Illuminate\\Pipeline\\Pipeline.php(180): Illuminate\\Foundation\\Http\\Middleware\\VerifyCsrfToken->handle(Object(Illuminate\\Http\\Request), Object(Closure))
#23 C:\\xampp\\htdocs\\its-tni\\vendor\\laravel\\framework\\src\\Illuminate\\View\\Middleware\\ShareErrorsFromSession.php(49): Illuminate\\Pipeline\\Pipeline->Illuminate\\Pipeline\\{closure}(Object(Illuminate\\Http\\Request))
#24 C:\\xampp\\htdocs\\its-tni\\vendor\\laravel\\framework\\src\\Illuminate\\Pipeline\\Pipeline.php(180): Illuminate\\View\\Middleware\\ShareErrorsFromSession->handle(Object(Illuminate\\Http\\Request), Object(Closure))
#25 C:\\xampp\\htdocs\\its-tni\\vendor\\laravel\\framework\\src\\Illuminate\\Session\\Middleware\\StartSession.php(121): Illuminate\\Pipeline\\Pipeline->Illuminate\\Pipeline\\{closure}(Object(Illuminate\\Http\\Request))
#26 C:\\xampp\\htdocs\\its-tni\\vendor\\laravel\\framework\\src\\Illuminate\\Session\\Middleware\\StartSession.php(64): Illuminate\\Session\\Middleware\\StartSession->handleStatefulRequest(Object(Illuminate\\Http\\Request), Object(Illuminate\\Session\\Store), Object(Closure))
#27 C:\\xampp\\htdocs\\its-tni\\vendor\\laravel\\framework\\src\\Illuminate\\Pipeline\\Pipeline.php(180): Illuminate\\Session\\Middleware\\StartSession->handle(Object(Illuminate\\Http\\Request), Object(Closure))
#28 C:\\xampp\\htdocs\\its-tni\\vendor\\laravel\\framework\\src\\Illuminate\\Cookie\\Middleware\\AddQueuedCookiesToResponse.php(37): Illuminate\\Pipeline\\Pipeline->Illuminate\\Pipeline\\{closure}(Object(Illuminate\\Http\\Request))
#29 C:\\xampp\\htdocs\\its-tni\\vendor\\laravel\\framework\\src\\Illuminate\\Pipeline\\Pipeline.php(180): Illuminate\\Cookie\\Middleware\\AddQueuedCookiesToResponse->handle(Object(Illuminate\\Http\\Request), Object(Closure))
#30 C:\\xampp\\htdocs\\its-tni\\vendor\\laravel\\framework\\src\\Illuminate\\Cookie\\Middleware\\EncryptCookies.php(67): Illuminate\\Pipeline\\Pipeline->Illuminate\\Pipeline\\{closure}(Object(Illuminate\\Http\\Request))
#31 C:\\xampp\\htdocs\\its-tni\\vendor\\laravel\\framework\\src\\Illuminate\\Pipeline\\Pipeline.php(180): Illuminate\\Cookie\\Middleware\\EncryptCookies->handle(Object(Illuminate\\Http\\Request), Object(Closure))
#32 C:\\xampp\\htdocs\\its-tni\\vendor\\laravel\\framework\\src\\Illuminate\\Pipeline\\Pipeline.php(116): Illuminate\\Pipeline\\Pipeline->Illuminate\\Pipeline\\{closure}(Object(Illuminate\\Http\\Request))
#33 C:\\xampp\\htdocs\\its-tni\\vendor\\laravel\\framework\\src\\Illuminate\\Routing\\Router.php(797): Illuminate\\Pipeline\\Pipeline->then(Object(Closure))
#34 C:\\xampp\\htdocs\\its-tni\\vendor\\laravel\\framework\\src\\Illuminate\\Routing\\Router.php(776): Illuminate\\Routing\\Router->runRouteWithinStack(Object(Illuminate\\Routing\\Route), Object(Illuminate\\Http\\Request))
#35 C:\\xampp\\htdocs\\its-tni\\vendor\\laravel\\framework\\src\\Illuminate\\Routing\\Router.php(740): Illuminate\\Routing\\Router->runRoute(Object(Illuminate\\Http\\Request), Object(Illuminate\\Routing\\Route))
#36 C:\\xampp\\htdocs\\its-tni\\vendor\\laravel\\framework\\src\\Illuminate\\Routing\\Router.php(729): Illuminate\\Routing\\Router->dispatchToRoute(Object(Illuminate\\Http\\Request))
#37 C:\\xampp\\htdocs\\its-tni\\vendor\\laravel\\framework\\src\\Illuminate\\Foundation\\Http\\Kernel.php(200): Illuminate\\Routing\\Router->dispatch(Object(Illuminate\\Http\\Request))
#38 C:\\xampp\\htdocs\\its-tni\\vendor\\laravel\\framework\\src\\Illuminate\\Pipeline\\Pipeline.php(141): Illuminate\\Foundation\\Http\\Kernel->Illuminate\\Foundation\\Http\\{closure}(Object(Illuminate\\Http\\Request))
#39 C:\\xampp\\htdocs\\its-tni\\vendor\\laravel\\framework\\src\\Illuminate\\Foundation\\Http\\Middleware\\TransformsRequest.php(21): Illuminate\\Pipeline\\Pipeline->Illuminate\\Pipeline\\{closure}(Object(Illuminate\\Http\\Request))
#40 C:\\xampp\\htdocs\\its-tni\\vendor\\laravel\\framework\\src\\Illuminate\\Foundation\\Http\\Middleware\\ConvertEmptyStringsToNull.php(31): Illuminate\\Foundation\\Http\\Middleware\\TransformsRequest->handle(Object(Illuminate\\Http\\Request), Object(Closure))
#41 C:\\xampp\\htdocs\\its-tni\\vendor\\laravel\\framework\\src\\Illuminate\\Pipeline\\Pipeline.php(180): Illuminate\\Foundation\\Http\\Middleware\\ConvertEmptyStringsToNull->handle(Object(Illuminate\\Http\\Request), Object(Closure))
#42 C:\\xampp\\htdocs\\its-tni\\vendor\\laravel\\framework\\src\\Illuminate\\Foundation\\Http\\Middleware\\TransformsRequest.php(21): Illuminate\\Pipeline\\Pipeline->Illuminate\\Pipeline\\{closure}(Object(Illuminate\\Http\\Request))
#43 C:\\xampp\\htdocs\\its-tni\\vendor\\laravel\\framework\\src\\Illuminate\\Foundation\\Http\\Middleware\\TrimStrings.php(40): Illuminate\\Foundation\\Http\\Middleware\\TransformsRequest->handle(Object(Illuminate\\Http\\Request), Object(Closure))
#44 C:\\xampp\\htdocs\\its-tni\\vendor\\laravel\\framework\\src\\Illuminate\\Pipeline\\Pipeline.php(180): Illuminate\\Foundation\\Http\\Middleware\\TrimStrings->handle(Object(Illuminate\\Http\\Request), Object(Closure))
#45 C:\\xampp\\htdocs\\its-tni\\vendor\\laravel\\framework\\src\\Illuminate\\Foundation\\Http\\Middleware\\ValidatePostSize.php(27): Illuminate\\Pipeline\\Pipeline->Illuminate\\Pipeline\\{closure}(Object(Illuminate\\Http\\Request))
#46 C:\\xampp\\htdocs\\its-tni\\vendor\\laravel\\framework\\src\\Illuminate\\Pipeline\\Pipeline.php(180): Illuminate\\Foundation\\Http\\Middleware\\ValidatePostSize->handle(Object(Illuminate\\Http\\Request), Object(Closure))
#47 C:\\xampp\\htdocs\\its-tni\\vendor\\laravel\\framework\\src\\Illuminate\\Foundation\\Http\\Middleware\\PreventRequestsDuringMaintenance.php(86): Illuminate\\Pipeline\\Pipeline->Illuminate\\Pipeline\\{closure}(Object(Illuminate\\Http\\Request))
#48 C:\\xampp\\htdocs\\its-tni\\vendor\\laravel\\framework\\src\\Illuminate\\Pipeline\\Pipeline.php(180): Illuminate\\Foundation\\Http\\Middleware\\PreventRequestsDuringMaintenance->handle(Object(Illuminate\\Http\\Request), Object(Closure))
#49 C:\\xampp\\htdocs\\its-tni\\vendor\\laravel\\framework\\src\\Illuminate\\Http\\Middleware\\HandleCors.php(49): Illuminate\\Pipeline\\Pipeline->Illuminate\\Pipeline\\{closure}(Object(Illuminate\\Http\\Request))
#50 C:\\xampp\\htdocs\\its-tni\\vendor\\laravel\\framework\\src\\Illuminate\\Pipeline\\Pipeline.php(180): Illuminate\\Http\\Middleware\\HandleCors->handle(Object(Illuminate\\Http\\Request), Object(Closure))
#51 C:\\xampp\\htdocs\\its-tni\\vendor\\laravel\\framework\\src\\Illuminate\\Http\\Middleware\\TrustProxies.php(39): Illuminate\\Pipeline\\Pipeline->Illuminate\\Pipeline\\{closure}(Object(Illuminate\\Http\\Request))
#52 C:\\xampp\\htdocs\\its-tni\\vendor\\laravel\\framework\\src\\Illuminate\\Pipeline\\Pipeline.php(180): Illuminate\\Http\\Middleware\\TrustProxies->handle(Object(Illuminate\\Http\\Request), Object(Closure))
#53 C:\\xampp\\htdocs\\its-tni\\vendor\\laravel\\framework\\src\\Illuminate\\Pipeline\\Pipeline.php(116): Illuminate\\Pipeline\\Pipeline->Illuminate\\Pipeline\\{closure}(Object(Illuminate\\Http\\Request))
#54 C:\\xampp\\htdocs\\its-tni\\vendor\\laravel\\framework\\src\\Illuminate\\Foundation\\Http\\Kernel.php(175): Illuminate\\Pipeline\\Pipeline->then(Object(Closure))
#55 C:\\xampp\\htdocs\\its-tni\\vendor\\laravel\\framework\\src\\Illuminate\\Foundation\\Http\\Kernel.php(144): Illuminate\\Foundation\\Http\\Kernel->sendRequestThroughRouter(Object(Illuminate\\Http\\Request))
#56 C:\\xampp\\htdocs\\its-tni\\public\\index.php(54): Illuminate\\Foundation\\Http\\Kernel->handle(Object(Illuminate\\Http\\Request))
#57 {main}

[previous exception] [object] (ErrorException(code: 0): Undefined variable $materi at C:\\xampp\\htdocs\\its-tni\\storage\\framework\\views\\117a84a1859fbf5429e07f564477e3a9.php:26)
[stacktrace]
#0 C:\\xampp\\htdocs\\its-tni\\vendor\\laravel\\framework\\src\\Illuminate\\Foundation\\Bootstrap\\HandleExceptions.php(250): Illuminate\\Foundation\\Bootstrap\\HandleExceptions->handleError(2, 'Undefined varia...', 'C:\\\\xampp\\\\htdocs...', 26)
#1 C:\\xampp\\htdocs\\its-tni\\storage\\framework\\views\\117a84a1859fbf5429e07f564477e3a9.php(26): Illuminate\\Foundation\\Bootstrap\\HandleExceptions->Illuminate\\Foundation\\Bootstrap\\{closure}(2, 'Undefined varia...', 'C:\\\\xampp\\\\htdocs...', 26)
#2 C:\\xampp\\htdocs\\its-tni\\vendor\\laravel\\framework\\src\\Illuminate\\Filesystem\\Filesystem.php(123): require('C:\\\\xampp\\\\htdocs...')
#3 C:\\xampp\\htdocs\\its-tni\\vendor\\laravel\\framework\\src\\Illuminate\\Filesystem\\Filesystem.php(124): Illuminate\\Filesystem\\Filesystem::Illuminate\\Filesystem\\{closure}()
#4 C:\\xampp\\htdocs\\its-tni\\vendor\\laravel\\framework\\src\\Illuminate\\View\\Engines\\PhpEngine.php(58): Illuminate\\Filesystem\\Filesystem->getRequire('C:\\\\xampp\\\\htdocs...', Array)
#5 C:\\xampp\\htdocs\\its-tni\\vendor\\laravel\\framework\\src\\Illuminate\\View\\Engines\\CompilerEngine.php(70): Illuminate\\View\\Engines\\PhpEngine->evaluatePath('C:\\\\xampp\\\\htdocs...', Array)
#6 C:\\xampp\\htdocs\\its-tni\\vendor\\laravel\\framework\\src\\Illuminate\\View\\View.php(195): Illuminate\\View\\Engines\\CompilerEngine->get('C:\\\\xampp\\\\htdocs...', Array)
#7 C:\\xampp\\htdocs\\its-tni\\vendor\\laravel\\framework\\src\\Illuminate\\View\\View.php(178): Illuminate\\View\\View->getContents()
#8 C:\\xampp\\htdocs\\its-tni\\vendor\\laravel\\framework\\src\\Illuminate\\View\\View.php(147): Illuminate\\View\\View->renderContents()
#9 C:\\xampp\\htdocs\\its-tni\\vendor\\laravel\\framework\\src\\Illuminate\\Http\\Response.php(69): Illuminate\\View\\View->render()
#10 C:\\xampp\\htdocs\\its-tni\\vendor\\laravel\\framework\\src\\Illuminate\\Http\\Response.php(35): Illuminate\\Http\\Response->setContent(Object(Illuminate\\View\\View))
#11 C:\\xampp\\htdocs\\its-tni\\vendor\\laravel\\framework\\src\\Illuminate\\Routing\\Router.php(906): Illuminate\\Http\\Response->__construct(Object(Illuminate\\View\\View), 200, Array)
#12 C:\\xampp\\htdocs\\its-tni\\vendor\\laravel\\framework\\src\\Illuminate\\Routing\\Router.php(875): Illuminate\\Routing\\Router::toResponse(Object(Illuminate\\Http\\Request), Object(Illuminate\\View\\View))
#13 C:\\xampp\\htdocs\\its-tni\\vendor\\laravel\\framework\\src\\Illuminate\\Routing\\Router.php(797): Illuminate\\Routing\\Router->prepareResponse(Object(Illuminate\\Http\\Request), Object(Illuminate\\View\\View))
#14 C:\\xampp\\htdocs\\its-tni\\vendor\\laravel\\framework\\src\\Illuminate\\Pipeline\\Pipeline.php(141): Illuminate\\Routing\\Router->Illuminate\\Routing\\{closure}(Object(Illuminate\\Http\\Request))
#15 C:\\xampp\\htdocs\\its-tni\\app\\Http\\Middleware\\Student.php(33): Illuminate\\Pipeline\\Pipeline->Illuminate\\Pipeline\\{closure}(Object(Illuminate\\Http\\Request))
#16 C:\\xampp\\htdocs\\its-tni\\vendor\\laravel\\framework\\src\\Illuminate\\Pipeline\\Pipeline.php(180): App\\Http\\Middleware\\Student->handle(Object(Illuminate\\Http\\Request), Object(Closure))
#17 C:\\xampp\\htdocs\\its-tni\\vendor\\laravel\\framework\\src\\Illuminate\\Routing\\Middleware\\SubstituteBindings.php(50): Illuminate\\Pipeline\\Pipeline->Illuminate\\Pipeline\\{closure}(Object(Illuminate\\Http\\Request))
#18 C:\\xampp\\htdocs\\its-tni\\vendor\\laravel\\framework\\src\\Illuminate\\Pipeline\\Pipeline.php(180): Illuminate\\Routing\\Middleware\\SubstituteBindings->handle(Object(Illuminate\\Http\\Request), Object(Closure))
#19 C:\\xampp\\htdocs\\its-tni\\vendor\\laravel\\framework\\src\\Illuminate\\Auth\\Middleware\\Authenticate.php(45): Illuminate\\Pipeline\\Pipeline->Illuminate\\Pipeline\\{closure}(Object(Illuminate\\Http\\Request))
#20 C:\\xampp\\htdocs\\its-tni\\vendor\\laravel\\framework\\src\\Illuminate\\Pipeline\\Pipeline.php(180): Illuminate\\Auth\\Middleware\\Authenticate->handle(Object(Illuminate\\Http\\Request), Object(Closure))
#21 C:\\xampp\\htdocs\\its-tni\\vendor\\laravel\\framework\\src\\Illuminate\\Foundation\\Http\\Middleware\\VerifyCsrfToken.php(78): Illuminate\\Pipeline\\Pipeline->Illuminate\\Pipeline\\{closure}(Object(Illuminate\\Http\\Request))
#22 C:\\xampp\\htdocs\\its-tni\\vendor\\laravel\\framework\\src\\Illuminate\\Pipeline\\Pipeline.php(180): Illuminate\\Foundation\\Http\\Middleware\\VerifyCsrfToken->handle(Object(Illuminate\\Http\\Request), Object(Closure))
#23 C:\\xampp\\htdocs\\its-tni\\vendor\\laravel\\framework\\src\\Illuminate\\View\\Middleware\\ShareErrorsFromSession.php(49): Illuminate\\Pipeline\\Pipeline->Illuminate\\Pipeline\\{closure}(Object(Illuminate\\Http\\Request))
#24 C:\\xampp\\htdocs\\its-tni\\vendor\\laravel\\framework\\src\\Illuminate\\Pipeline\\Pipeline.php(180): Illuminate\\View\\Middleware\\ShareErrorsFromSession->handle(Object(Illuminate\\Http\\Request), Object(Closure))
#25 C:\\xampp\\htdocs\\its-tni\\vendor\\laravel\\framework\\src\\Illuminate\\Session\\Middleware\\StartSession.php(121): Illuminate\\Pipeline\\Pipeline->Illuminate\\Pipeline\\{closure}(Object(Illuminate\\Http\\Request))
#26 C:\\xampp\\htdocs\\its-tni\\vendor\\laravel\\framework\\src\\Illuminate\\Session\\Middleware\\StartSession.php(64): Illuminate\\Session\\Middleware\\StartSession->handleStatefulRequest(Object(Illuminate\\Http\\Request), Object(Illuminate\\Session\\Store), Object(Closure))
#27 C:\\xampp\\htdocs\\its-tni\\vendor\\laravel\\framework\\src\\Illuminate\\Pipeline\\Pipeline.php(180): Illuminate\\Session\\Middleware\\StartSession->handle(Object(Illuminate\\Http\\Request), Object(Closure))
#28 C:\\xampp\\htdocs\\its-tni\\vendor\\laravel\\framework\\src\\Illuminate\\Cookie\\Middleware\\AddQueuedCookiesToResponse.php(37): Illuminate\\Pipeline\\Pipeline->Illuminate\\Pipeline\\{closure}(Object(Illuminate\\Http\\Request))
#29 C:\\xampp\\htdocs\\its-tni\\vendor\\laravel\\framework\\src\\Illuminate\\Pipeline\\Pipeline.php(180): Illuminate\\Cookie\\Middleware\\AddQueuedCookiesToResponse->handle(Object(Illuminate\\Http\\Request), Object(Closure))
#30 C:\\xampp\\htdocs\\its-tni\\vendor\\laravel\\framework\\src\\Illuminate\\Cookie\\Middleware\\EncryptCookies.php(67): Illuminate\\Pipeline\\Pipeline->Illuminate\\Pipeline\\{closure}(Object(Illuminate\\Http\\Request))
#31 C:\\xampp\\htdocs\\its-tni\\vendor\\laravel\\framework\\src\\Illuminate\\Pipeline\\Pipeline.php(180): Illuminate\\Cookie\\Middleware\\EncryptCookies->handle(Object(Illuminate\\Http\\Request), Object(Closure))
#32 C:\\xampp\\htdocs\\its-tni\\vendor\\laravel\\framework\\src\\Illuminate\\Pipeline\\Pipeline.php(116): Illuminate\\Pipeline\\Pipeline->Illuminate\\Pipeline\\{closure}(Object(Illuminate\\Http\\Request))
#33 C:\\xampp\\htdocs\\its-tni\\vendor\\laravel\\framework\\src\\Illuminate\\Routing\\Router.php(797): Illuminate\\Pipeline\\Pipeline->then(Object(Closure))
#34 C:\\xampp\\htdocs\\its-tni\\vendor\\laravel\\framework\\src\\Illuminate\\Routing\\Router.php(776): Illuminate\\Routing\\Router->runRouteWithinStack(Object(Illuminate\\Routing\\Route), Object(Illuminate\\Http\\Request))
#35 C:\\xampp\\htdocs\\its-tni\\vendor\\laravel\\framework\\src\\Illuminate\\Routing\\Router.php(740): Illuminate\\Routing\\Router->runRoute(Object(Illuminate\\Http\\Request), Object(Illuminate\\Routing\\Route))
#36 C:\\xampp\\htdocs\\its-tni\\vendor\\laravel\\framework\\src\\Illuminate\\Routing\\Router.php(729): Illuminate\\Routing\\Router->dispatchToRoute(Object(Illuminate\\Http\\Request))
#37 C:\\xampp\\htdocs\\its-tni\\vendor\\laravel\\framework\\src\\Illuminate\\Foundation\\Http\\Kernel.php(200): Illuminate\\Routing\\Router->dispatch(Object(Illuminate\\Http\\Request))
#38 C:\\xampp\\htdocs\\its-tni\\vendor\\laravel\\framework\\src\\Illuminate\\Pipeline\\Pipeline.php(141): Illuminate\\Foundation\\Http\\Kernel->Illuminate\\Foundation\\Http\\{closure}(Object(Illuminate\\Http\\Request))
#39 C:\\xampp\\htdocs\\its-tni\\vendor\\laravel\\framework\\src\\Illuminate\\Foundation\\Http\\Middleware\\TransformsRequest.php(21): Illuminate\\Pipeline\\Pipeline->Illuminate\\Pipeline\\{closure}(Object(Illuminate\\Http\\Request))
#40 C:\\xampp\\htdocs\\its-tni\\vendor\\laravel\\framework\\src\\Illuminate\\Foundation\\Http\\Middleware\\ConvertEmptyStringsToNull.php(31): Illuminate\\Foundation\\Http\\Middleware\\TransformsRequest->handle(Object(Illuminate\\Http\\Request), Object(Closure))
#41 C:\\xampp\\htdocs\\its-tni\\vendor\\laravel\\framework\\src\\Illuminate\\Pipeline\\Pipeline.php(180): Illuminate\\Foundation\\Http\\Middleware\\ConvertEmptyStringsToNull->handle(Object(Illuminate\\Http\\Request), Object(Closure))
#42 C:\\xampp\\htdocs\\its-tni\\vendor\\laravel\\framework\\src\\Illuminate\\Foundation\\Http\\Middleware\\TransformsRequest.php(21): Illuminate\\Pipeline\\Pipeline->Illuminate\\Pipeline\\{closure}(Object(Illuminate\\Http\\Request))
#43 C:\\xampp\\htdocs\\its-tni\\vendor\\laravel\\framework\\src\\Illuminate\\Foundation\\Http\\Middleware\\TrimStrings.php(40): Illuminate\\Foundation\\Http\\Middleware\\TransformsRequest->handle(Object(Illuminate\\Http\\Request), Object(Closure))
#44 C:\\xampp\\htdocs\\its-tni\\vendor\\laravel\\framework\\src\\Illuminate\\Pipeline\\Pipeline.php(180): Illuminate\\Foundation\\Http\\Middleware\\TrimStrings->handle(Object(Illuminate\\Http\\Request), Object(Closure))
#45 C:\\xampp\\htdocs\\its-tni\\vendor\\laravel\\framework\\src\\Illuminate\\Foundation\\Http\\Middleware\\ValidatePostSize.php(27): Illuminate\\Pipeline\\Pipeline->Illuminate\\Pipeline\\{closure}(Object(Illuminate\\Http\\Request))
#46 C:\\xampp\\htdocs\\its-tni\\vendor\\laravel\\framework\\src\\Illuminate\\Pipeline\\Pipeline.php(180): Illuminate\\Foundation\\Http\\Middleware\\ValidatePostSize->handle(Object(Illuminate\\Http\\Request), Object(Closure))
#47 C:\\xampp\\htdocs\\its-tni\\vendor\\laravel\\framework\\src\\Illuminate\\Foundation\\Http\\Middleware\\PreventRequestsDuringMaintenance.php(86): Illuminate\\Pipeline\\Pipeline->Illuminate\\Pipeline\\{closure}(Object(Illuminate\\Http\\Request))
#48 C:\\xampp\\htdocs\\its-tni\\vendor\\laravel\\framework\\src\\Illuminate\\Pipeline\\Pipeline.php(180): Illuminate\\Foundation\\Http\\Middleware\\PreventRequestsDuringMaintenance->handle(Object(Illuminate\\Http\\Request), Object(Closure))
#49 C:\\xampp\\htdocs\\its-tni\\vendor\\laravel\\framework\\src\\Illuminate\\Http\\Middleware\\HandleCors.php(49): Illuminate\\Pipeline\\Pipeline->Illuminate\\Pipeline\\{closure}(Object(Illuminate\\Http\\Request))
#50 C:\\xampp\\htdocs\\its-tni\\vendor\\laravel\\framework\\src\\Illuminate\\Pipeline\\Pipeline.php(180): Illuminate\\Http\\Middleware\\HandleCors->handle(Object(Illuminate\\Http\\Request), Object(Closure))
#51 C:\\xampp\\htdocs\\its-tni\\vendor\\laravel\\framework\\src\\Illuminate\\Http\\Middleware\\TrustProxies.php(39): Illuminate\\Pipeline\\Pipeline->Illuminate\\Pipeline\\{closure}(Object(Illuminate\\Http\\Request))
#52 C:\\xampp\\htdocs\\its-tni\\vendor\\laravel\\framework\\src\\Illuminate\\Pipeline\\Pipeline.php(180): Illuminate\\Http\\Middleware\\TrustProxies->handle(Object(Illuminate\\Http\\Request), Object(Closure))
#53 C:\\xampp\\htdocs\\its-tni\\vendor\\laravel\\framework\\src\\Illuminate\\Pipeline\\Pipeline.php(116): Illuminate\\Pipeline\\Pipeline->Illuminate\\Pipeline\\{closure}(Object(Illuminate\\Http\\Request))
#54 C:\\xampp\\htdocs\\its-tni\\vendor\\laravel\\framework\\src\\Illuminate\\Foundation\\Http\\Kernel.php(175): Illuminate\\Pipeline\\Pipeline->then(Object(Closure))
#55 C:\\xampp\\htdocs\\its-tni\\vendor\\laravel\\framework\\src\\Illuminate\\Foundation\\Http\\Kernel.php(144): Illuminate\\Foundation\\Http\\Kernel->sendRequestThroughRouter(Object(Illuminate\\Http\\Request))
#56 C:\\xampp\\htdocs\\its-tni\\public\\index.php(54): Illuminate\\Foundation\\Http\\Kernel->handle(Object(Illuminate\\Http\\Request))
#57 {main}
"} 
[2024-07-12 01:18:35] local.ERROR: Undefined variable $lecture {"view":{"view":"C:\\xampp\\htdocs\\its-tni\\resources\\views\\student\\course\\class.blade.php","data":{"errors":"<pre class=sf-dump id=sf-dump-381797132 data-indent-pad=\"  \"><span class=sf-dump-note>Illuminate\\Support\\ViewErrorBag</span> {<a class=sf-dump-ref>#2297</a><samp data-depth=1 class=sf-dump-expanded>
  #<span class=sf-dump-protected title=\"Protected property\">bags</span>: []
</samp>}
</pre><script>Sfdump(\"sf-dump-381797132\", {\"maxDepth\":3,\"maxStringLength\":160})</script>
","pageTitle":"<pre class=sf-dump id=sf-dump-1888408224 data-indent-pad=\"  \">\"<span class=sf-dump-str title=\"29 characters\">Kelas : Pengenalan IOT Visual</span>\"
</pre><script>Sfdump(\"sf-dump-1888408224\", {\"maxDepth\":3,\"maxStringLength\":160})</script>
","lectures":"<pre class=sf-dump id=sf-dump-128654824 data-indent-pad=\"  \"><span class=sf-dump-note>Laminas\\Db\\ResultSet\\ResultSet</span> {<a class=sf-dump-ref>#2509</a><samp data-depth=1 class=sf-dump-expanded>
  #<span class=sf-dump-protected title=\"Protected property\">buffer</span>: []
  #<span class=sf-dump-protected title=\"Protected property\">count</span>: <span class=sf-dump-const>null</span>
  #<span class=sf-dump-protected title=\"Protected property\">dataSource</span>: <span class=sf-dump-note title=\"Laminas\\Db\\Adapter\\Driver\\Pdo\\Result
\"><span class=\"sf-dump-ellipsis sf-dump-ellipsis-note\">Laminas\\Db\\Adapter\\Driver\\Pdo</span><span class=\"sf-dump-ellipsis sf-dump-ellipsis-note\">\\</span>Result</span> {<a class=sf-dump-ref>#2508</a><samp data-depth=2 class=sf-dump-compact>
    #<span class=sf-dump-protected title=\"Protected property\">statementMode</span>: \"<span class=sf-dump-str title=\"7 characters\">forward</span>\"
    #<span class=sf-dump-protected title=\"Protected property\">fetchMode</span>: <span class=sf-dump-num>2</span>
    #<span class=sf-dump-protected title=\"Protected property\">resource</span>: <span class=sf-dump-note>PDOStatement</span> {<a class=sf-dump-ref>#2510</a><samp data-depth=3 class=sf-dump-compact>
      +<span class=sf-dump-public title=\"Public property\">queryString</span>: \"<span class=sf-dump-str title=\"89 characters\">SELECT `lectures`.* FROM `lectures` WHERE `lesson_id` = :where1 ORDER BY `sort_order` ASC</span>\"
    </samp>}
    #<span class=sf-dump-protected title=\"Protected property\">options</span>: <span class=sf-dump-const>null</span>
    #<span class=sf-dump-protected title=\"Protected property\">currentComplete</span>: <span class=sf-dump-const>true</span>
    #<span class=sf-dump-protected title=\"Protected property\">currentData</span>: <span class=sf-dump-const>false</span>
    #<span class=sf-dump-protected title=\"Protected property\">position</span>: <span class=sf-dump-num>0</span>
    #<span class=sf-dump-protected title=\"Protected property\">generatedValue</span>: \"<span class=sf-dump-str>0</span>\"
    #<span class=sf-dump-protected title=\"Protected property\">rowCount</span>: <span class=sf-dump-const>null</span>
  </samp>}
  #<span class=sf-dump-protected title=\"Protected property\">fieldCount</span>: <span class=sf-dump-num>6</span>
  #<span class=sf-dump-protected title=\"Protected property\">position</span>: <span class=sf-dump-num>0</span>
  #<span class=sf-dump-protected title=\"Protected property\">allowedReturnTypes</span>: <span class=sf-dump-note>array:2</span> [<samp data-depth=2 class=sf-dump-compact>
    <span class=sf-dump-index>0</span> => \"<span class=sf-dump-str title=\"11 characters\">arrayobject</span>\"
    <span class=sf-dump-index>1</span> => \"<span class=sf-dump-str title=\"5 characters\">array</span>\"
  </samp>]
  #<span class=sf-dump-protected title=\"Protected property\">arrayObjectPrototype</span>: <span class=sf-dump-note>ArrayObject</span> {<a class=sf-dump-ref>#2503</a><samp data-depth=2 class=sf-dump-compact>
    -<span class=sf-dump-private title=\"Private property defined in class:&#10;`ArrayObject`\">storage</span>: []
    <span class=sf-dump-meta>flag::STD_PROP_LIST</span>: <span class=sf-dump-const>false</span>
    <span class=sf-dump-meta>flag::ARRAY_AS_PROPS</span>: <span class=sf-dump-const>true</span>
    <span class=sf-dump-meta>iteratorClass</span>: \"<span class=sf-dump-str title=\"13 characters\">ArrayIterator</span>\"
  </samp>}
  #<span class=sf-dump-protected title=\"Protected property\">returnType</span>: \"<span class=sf-dump-str title=\"11 characters\">arrayobject</span>\"
</samp>}
</pre><script>Sfdump(\"sf-dump-128654824\", {\"maxDepth\":3,\"maxStringLength\":160})</script>
","lectureTable":"<pre class=sf-dump id=sf-dump-1724606946 data-indent-pad=\"  \"><span class=sf-dump-note>App\\V2\\Model\\LectureTable</span> {<a class=sf-dump-ref>#2476</a><samp data-depth=1 class=sf-dump-expanded>
  #<span class=sf-dump-protected title=\"Protected property\">tableName</span>: \"<span class=sf-dump-str title=\"8 characters\">lectures</span>\"
  +<span class=sf-dump-public title=\"Public property\">tableGateway</span>: <span class=sf-dump-note title=\"Laminas\\Db\\TableGateway\\TableGateway
\"><span class=\"sf-dump-ellipsis sf-dump-ellipsis-note\">Laminas\\Db\\TableGateway</span><span class=\"sf-dump-ellipsis sf-dump-ellipsis-note\">\\</span>TableGateway</span> {<a class=sf-dump-ref href=#sf-dump-1724606946-ref22439 title=\"2 occurrences\">#2439</a><samp data-depth=2 id=sf-dump-1724606946-ref22439 class=sf-dump-compact>
    #<span class=sf-dump-protected title=\"Protected property\">isInitialized</span>: <span class=sf-dump-const>true</span>
    #<span class=sf-dump-protected title=\"Protected property\">adapter</span>: <span class=sf-dump-note title=\"Laminas\\Db\\Adapter\\Adapter
\"><span class=\"sf-dump-ellipsis sf-dump-ellipsis-note\">Laminas\\Db\\Adapter</span><span class=\"sf-dump-ellipsis sf-dump-ellipsis-note\">\\</span>Adapter</span> {<a class=sf-dump-ref href=#sf-dump-1724606946-ref22310 title=\"4 occurrences\">#2310</a><samp data-depth=3 id=sf-dump-1724606946-ref22310 class=sf-dump-compact>
      #<span class=sf-dump-protected title=\"Protected property\">driver</span>: <span class=sf-dump-note title=\"Laminas\\Db\\Adapter\\Driver\\Pdo\\Pdo
\"><span class=\"sf-dump-ellipsis sf-dump-ellipsis-note\">Laminas\\Db\\Adapter\\Driver\\Pdo</span><span class=\"sf-dump-ellipsis sf-dump-ellipsis-note\">\\</span>Pdo</span> {<a class=sf-dump-ref href=#sf-dump-1724606946-ref22301 title=\"4 occurrences\">#2301</a> &#8230;5}
      #<span class=sf-dump-protected title=\"Protected property\">platform</span>: <span class=sf-dump-note title=\"Laminas\\Db\\Adapter\\Platform\\Mysql
\"><span class=\"sf-dump-ellipsis sf-dump-ellipsis-note\">Laminas\\Db\\Adapter\\Platform</span><span class=\"sf-dump-ellipsis sf-dump-ellipsis-note\">\\</span>Mysql</span> {<a class=sf-dump-ref href=#sf-dump-1724606946-ref22312 title=\"2 occurrences\">#2312</a> &#8230;5}
      #<span class=sf-dump-protected title=\"Protected property\">profiler</span>: <span class=sf-dump-const>null</span>
      #<span class=sf-dump-protected title=\"Protected property\">queryResultSetPrototype</span>: <span class=sf-dump-note title=\"Laminas\\Db\\ResultSet\\ResultSet
\"><span class=\"sf-dump-ellipsis sf-dump-ellipsis-note\">Laminas\\Db\\ResultSet</span><span class=\"sf-dump-ellipsis sf-dump-ellipsis-note\">\\</span>ResultSet</span> {<a class=sf-dump-ref>#2326</a> &#8230;8}
      #<span class=sf-dump-protected title=\"Protected property\">lastPreparedStatement</span>: <span class=sf-dump-const>null</span>
    </samp>}
    #<span class=sf-dump-protected title=\"Protected property\">table</span>: \"<span class=sf-dump-str title=\"8 characters\">lectures</span>\"
    #<span class=sf-dump-protected title=\"Protected property\">columns</span>: []
    #<span class=sf-dump-protected title=\"Protected property\">featureSet</span>: <span class=sf-dump-note title=\"Laminas\\Db\\TableGateway\\Feature\\FeatureSet
\"><span class=\"sf-dump-ellipsis sf-dump-ellipsis-note\">Laminas\\Db\\TableGateway\\Feature</span><span class=\"sf-dump-ellipsis sf-dump-ellipsis-note\">\\</span>FeatureSet</span> {<a class=sf-dump-ref>#2477</a><samp data-depth=3 class=sf-dump-compact>
      #<span class=sf-dump-protected title=\"Protected property\">tableGateway</span>: <span class=sf-dump-note title=\"Laminas\\Db\\TableGateway\\TableGateway
\"><span class=\"sf-dump-ellipsis sf-dump-ellipsis-note\">Laminas\\Db\\TableGateway</span><span class=\"sf-dump-ellipsis sf-dump-ellipsis-note\">\\</span>TableGateway</span> {<a class=sf-dump-ref href=#sf-dump-1724606946-ref22439 title=\"2 occurrences\">#2439</a>}
      #<span class=sf-dump-protected title=\"Protected property\">features</span>: []
      #<span class=sf-dump-protected title=\"Protected property\">magicSpecifications</span>: []
    </samp>}
    #<span class=sf-dump-protected title=\"Protected property\">resultSetPrototype</span>: <span class=sf-dump-note title=\"Laminas\\Db\\ResultSet\\ResultSet
\"><span class=\"sf-dump-ellipsis sf-dump-ellipsis-note\">Laminas\\Db\\ResultSet</span><span class=\"sf-dump-ellipsis sf-dump-ellipsis-note\">\\</span>ResultSet</span> {<a class=sf-dump-ref>#2502</a><samp data-depth=3 class=sf-dump-compact>
      #<span class=sf-dump-protected title=\"Protected property\">buffer</span>: <span class=sf-dump-const>null</span>
      #<span class=sf-dump-protected title=\"Protected property\">count</span>: <span class=sf-dump-const>null</span>
      #<span class=sf-dump-protected title=\"Protected property\">dataSource</span>: <span class=sf-dump-const>null</span>
      #<span class=sf-dump-protected title=\"Protected property\">fieldCount</span>: <span class=sf-dump-const>null</span>
      #<span class=sf-dump-protected title=\"Protected property\">position</span>: <span class=sf-dump-num>0</span>
      #<span class=sf-dump-protected title=\"Protected property\">allowedReturnTypes</span>: <span class=sf-dump-note>array:2</span> [ &#8230;2]
      #<span class=sf-dump-protected title=\"Protected property\">arrayObjectPrototype</span>: <span class=sf-dump-note>ArrayObject</span> {<a class=sf-dump-ref>#2503</a> &#8230;4}
      #<span class=sf-dump-protected title=\"Protected property\">returnType</span>: \"<span class=sf-dump-str title=\"11 characters\">arrayobject</span>\"
    </samp>}
    #<span class=sf-dump-protected title=\"Protected property\">sql</span>: <span class=sf-dump-note title=\"Laminas\\Db\\Sql\\Sql
\"><span class=\"sf-dump-ellipsis sf-dump-ellipsis-note\">Laminas\\Db\\Sql</span><span class=\"sf-dump-ellipsis sf-dump-ellipsis-note\">\\</span>Sql</span> {<a class=sf-dump-ref>#2504</a><samp data-depth=3 class=sf-dump-compact>
      #<span class=sf-dump-protected title=\"Protected property\">adapter</span>: <span class=sf-dump-note title=\"Laminas\\Db\\Adapter\\Adapter
\"><span class=\"sf-dump-ellipsis sf-dump-ellipsis-note\">Laminas\\Db\\Adapter</span><span class=\"sf-dump-ellipsis sf-dump-ellipsis-note\">\\</span>Adapter</span> {<a class=sf-dump-ref href=#sf-dump-1724606946-ref22310 title=\"4 occurrences\">#2310</a>}
      #<span class=sf-dump-protected title=\"Protected property\">table</span>: \"<span class=sf-dump-str title=\"8 characters\">lectures</span>\"
      #<span class=sf-dump-protected title=\"Protected property\">sqlPlatform</span>: <span class=sf-dump-note title=\"Laminas\\Db\\Sql\\Platform\\Platform
\"><span class=\"sf-dump-ellipsis sf-dump-ellipsis-note\">Laminas\\Db\\Sql\\Platform</span><span class=\"sf-dump-ellipsis sf-dump-ellipsis-note\">\\</span>Platform</span> {<a class=sf-dump-ref>#2505</a> &#8230;4}
    </samp>}
    #<span class=sf-dump-protected title=\"Protected property\">lastInsertValue</span>: <span class=sf-dump-const>null</span>
  </samp>}
  #<span class=sf-dump-protected title=\"Protected property\">serviceLocator</span>: <span class=sf-dump-note title=\"Laminas\\ServiceManager\\ServiceManager
\"><span class=\"sf-dump-ellipsis sf-dump-ellipsis-note\">Laminas\\ServiceManager</span><span class=\"sf-dump-ellipsis sf-dump-ellipsis-note\">\\</span>ServiceManager</span> {<a class=sf-dump-ref href=#sf-dump-1724606946-ref21222 title=\"2 occurrences\">#1222</a><samp data-depth=2 id=sf-dump-1724606946-ref21222 class=sf-dump-compact>
    #<span class=sf-dump-protected title=\"Protected property\">abstractFactories</span>: []
    #<span class=sf-dump-protected title=\"Protected property\">aliases</span>: []
    #<span class=sf-dump-protected title=\"Protected property\">allowOverride</span>: <span class=sf-dump-const>false</span>
    #<span class=sf-dump-protected title=\"Protected property\">creationContext</span>: <span class=sf-dump-note title=\"Laminas\\ServiceManager\\ServiceManager
\"><span class=\"sf-dump-ellipsis sf-dump-ellipsis-note\">Laminas\\ServiceManager</span><span class=\"sf-dump-ellipsis sf-dump-ellipsis-note\">\\</span>ServiceManager</span> {<a class=sf-dump-ref href=#sf-dump-1724606946-ref21222 title=\"2 occurrences\">#1222</a>}
    #<span class=sf-dump-protected title=\"Protected property\">delegators</span>: []
    #<span class=sf-dump-protected title=\"Protected property\">factories</span>: <span class=sf-dump-note>array:1</span> [<samp data-depth=3 class=sf-dump-compact>
      \"<span class=sf-dump-key>Laminas\\Db\\Adapter\\Adapter</span>\" => <span class=sf-dump-note>Closure($sm)</span> {<a class=sf-dump-ref>#1223</a> &#8230;3}
    </samp>]
    #<span class=sf-dump-protected title=\"Protected property\">initializers</span>: []
    #<span class=sf-dump-protected title=\"Protected property\">lazyServices</span>: []
    -<span class=sf-dump-private title=\"Private property defined in class:&#10;`Laminas\\ServiceManager\\ServiceManager`\">lazyServicesDelegator</span>: <span class=sf-dump-const>null</span>
    #<span class=sf-dump-protected title=\"Protected property\">services</span>: <span class=sf-dump-note>array:1</span> [<samp data-depth=3 class=sf-dump-compact>
      \"<span class=sf-dump-key>Laminas\\Db\\Adapter\\Adapter</span>\" => <span class=sf-dump-note title=\"Laminas\\Db\\Adapter\\Adapter
\"><span class=\"sf-dump-ellipsis sf-dump-ellipsis-note\">Laminas\\Db\\Adapter</span><span class=\"sf-dump-ellipsis sf-dump-ellipsis-note\">\\</span>Adapter</span> {<a class=sf-dump-ref href=#sf-dump-1724606946-ref22310 title=\"4 occurrences\">#2310</a>}
    </samp>]
    #<span class=sf-dump-protected title=\"Protected property\">shared</span>: []
    #<span class=sf-dump-protected title=\"Protected property\">sharedByDefault</span>: <span class=sf-dump-const>true</span>
    #<span class=sf-dump-protected title=\"Protected property\">configured</span>: <span class=sf-dump-const>true</span>
    -<span class=sf-dump-private title=\"Private property defined in class:&#10;`Laminas\\ServiceManager\\ServiceManager`\">cachedAbstractFactories</span>: []
  </samp>}
  #<span class=sf-dump-protected title=\"Protected property\">primary</span>: \"<span class=sf-dump-str title=\"2 characters\">id</span>\"
  #<span class=sf-dump-protected title=\"Protected property\">adapter</span>: <span class=sf-dump-note title=\"Laminas\\Db\\Adapter\\Adapter
\"><span class=\"sf-dump-ellipsis sf-dump-ellipsis-note\">Laminas\\Db\\Adapter</span><span class=\"sf-dump-ellipsis sf-dump-ellipsis-note\">\\</span>Adapter</span> {<a class=sf-dump-ref href=#sf-dump-1724606946-ref22310 title=\"4 occurrences\">#2310</a>}
  #<span class=sf-dump-protected title=\"Protected property\">inputFilter</span>: <span class=sf-dump-const>null</span>
  +<span class=sf-dump-public title=\"Public property\">db</span>: <span class=sf-dump-const>null</span>
  +<span class=sf-dump-public title=\"Public property\">config</span>: <span class=sf-dump-const>null</span>
  +<span class=sf-dump-public title=\"Public property\">cache</span>: <span class=sf-dump-const>null</span>
  #<span class=sf-dump-protected title=\"Protected property\">accountId</span>: <span class=sf-dump-const>false</span>
  #<span class=sf-dump-protected title=\"Protected property\">prefix</span>: \"\"
  #<span class=sf-dump-protected title=\"Protected property\">timeStamp</span>: <span class=sf-dump-const>true</span>
</samp>}
</pre><script>Sfdump(\"sf-dump-1724606946\", {\"maxDepth\":3,\"maxStringLength\":160})</script>
","classRow":"<pre class=sf-dump id=sf-dump-92000230 data-indent-pad=\"  \"><span class=sf-dump-note>ArrayObject</span> {<a class=sf-dump-ref>#2501</a><samp data-depth=1 class=sf-dump-expanded>
  -<span class=sf-dump-private title=\"Private property defined in class:&#10;`ArrayObject`\">storage</span>: <span class=sf-dump-note>array:13</span> [<samp data-depth=2 class=sf-dump-compact>
    \"<span class=sf-dump-key>id</span>\" => <span class=sf-dump-num>24</span>
    \"<span class=sf-dump-key>created_at</span>\" => \"<span class=sf-dump-str title=\"19 characters\">2024-07-11 08:52:30</span>\"
    \"<span class=sf-dump-key>updated_at</span>\" => \"<span class=sf-dump-str title=\"19 characters\">2024-07-11 08:52:30</span>\"
    \"<span class=sf-dump-key>name</span>\" => \"<span class=sf-dump-str title=\"21 characters\">Pengenalan IOT Visual</span>\"
    \"<span class=sf-dump-key>admin_id</span>\" => <span class=sf-dump-num>2</span>
    \"<span class=sf-dump-key>picture</span>\" => <span class=sf-dump-const>null</span>
    \"<span class=sf-dump-key>description</span>\" => \"<span class=sf-dump-str title=\"89 characters\">&lt;p&gt;Ini adalah materi pengenalan IOT dengan menggunakan pendekatan gaya belajar Visual&lt;/p&gt;</span>\"
    \"<span class=sf-dump-key>sort_order</span>\" => <span class=sf-dump-const>null</span>
    \"<span class=sf-dump-key>test_required</span>\" => <span class=sf-dump-const>null</span>
    \"<span class=sf-dump-key>test_id</span>\" => <span class=sf-dump-const>null</span>
    \"<span class=sf-dump-key>type</span>\" => \"<span class=sf-dump-str>c</span>\"
    \"<span class=sf-dump-key>introduction</span>\" => \"<span class=sf-dump-str title=\"109 characters\">&lt;p&gt;Pengantar untuk pengenalan materi Internet Of Things dengan menggunakan pendekatan gaya belajar visual&lt;/p&gt;</span>\"
    \"<span class=sf-dump-key>enforce_lecture_order</span>\" => <span class=sf-dump-num>1</span>
  </samp>]
  <span class=sf-dump-meta>flag::STD_PROP_LIST</span>: <span class=sf-dump-const>false</span>
  <span class=sf-dump-meta>flag::ARRAY_AS_PROPS</span>: <span class=sf-dump-const>true</span>
  <span class=sf-dump-meta>iteratorClass</span>: \"<span class=sf-dump-str title=\"13 characters\">ArrayIterator</span>\"
</samp>}
</pre><script>Sfdump(\"sf-dump-92000230\", {\"maxDepth\":3,\"maxStringLength\":160})</script>
","downloads":"<pre class=sf-dump id=sf-dump-1528825633 data-indent-pad=\"  \"><span class=sf-dump-note>Laminas\\Db\\ResultSet\\ResultSet</span> {<a class=sf-dump-ref>#2574</a><samp data-depth=1 class=sf-dump-expanded>
  #<span class=sf-dump-protected title=\"Protected property\">buffer</span>: []
  #<span class=sf-dump-protected title=\"Protected property\">count</span>: <span class=sf-dump-const>null</span>
  #<span class=sf-dump-protected title=\"Protected property\">dataSource</span>: <span class=sf-dump-note title=\"Laminas\\Db\\Adapter\\Driver\\Pdo\\Result
\"><span class=\"sf-dump-ellipsis sf-dump-ellipsis-note\">Laminas\\Db\\Adapter\\Driver\\Pdo</span><span class=\"sf-dump-ellipsis sf-dump-ellipsis-note\">\\</span>Result</span> {<a class=sf-dump-ref>#2573</a><samp data-depth=2 class=sf-dump-compact>
    #<span class=sf-dump-protected title=\"Protected property\">statementMode</span>: \"<span class=sf-dump-str title=\"7 characters\">forward</span>\"
    #<span class=sf-dump-protected title=\"Protected property\">fetchMode</span>: <span class=sf-dump-num>2</span>
    #<span class=sf-dump-protected title=\"Protected property\">resource</span>: <span class=sf-dump-note>PDOStatement</span> {<a class=sf-dump-ref>#2575</a><samp data-depth=3 class=sf-dump-compact>
      +<span class=sf-dump-public title=\"Public property\">queryString</span>: \"<span class=sf-dump-str title=\"90 characters\">SELECT `lesson_files`.* FROM `lesson_files` WHERE `lesson_id` = :where1 ORDER BY `id` DESC</span>\"
    </samp>}
    #<span class=sf-dump-protected title=\"Protected property\">options</span>: <span class=sf-dump-const>null</span>
    #<span class=sf-dump-protected title=\"Protected property\">currentComplete</span>: <span class=sf-dump-const>true</span>
    #<span class=sf-dump-protected title=\"Protected property\">currentData</span>: <span class=sf-dump-const>false</span>
    #<span class=sf-dump-protected title=\"Protected property\">position</span>: <span class=sf-dump-num>0</span>
    #<span class=sf-dump-protected title=\"Protected property\">generatedValue</span>: \"<span class=sf-dump-str>0</span>\"
    #<span class=sf-dump-protected title=\"Protected property\">rowCount</span>: <span class=sf-dump-const>null</span>
  </samp>}
  #<span class=sf-dump-protected title=\"Protected property\">fieldCount</span>: <span class=sf-dump-num>6</span>
  #<span class=sf-dump-protected title=\"Protected property\">position</span>: <span class=sf-dump-num>0</span>
  #<span class=sf-dump-protected title=\"Protected property\">allowedReturnTypes</span>: <span class=sf-dump-note>array:2</span> [<samp data-depth=2 class=sf-dump-compact>
    <span class=sf-dump-index>0</span> => \"<span class=sf-dump-str title=\"11 characters\">arrayobject</span>\"
    <span class=sf-dump-index>1</span> => \"<span class=sf-dump-str title=\"5 characters\">array</span>\"
  </samp>]
  #<span class=sf-dump-protected title=\"Protected property\">arrayObjectPrototype</span>: <span class=sf-dump-note>ArrayObject</span> {<a class=sf-dump-ref>#2541</a><samp data-depth=2 class=sf-dump-compact>
    -<span class=sf-dump-private title=\"Private property defined in class:&#10;`ArrayObject`\">storage</span>: []
    <span class=sf-dump-meta>flag::STD_PROP_LIST</span>: <span class=sf-dump-const>false</span>
    <span class=sf-dump-meta>flag::ARRAY_AS_PROPS</span>: <span class=sf-dump-const>true</span>
    <span class=sf-dump-meta>iteratorClass</span>: \"<span class=sf-dump-str title=\"13 characters\">ArrayIterator</span>\"
  </samp>}
  #<span class=sf-dump-protected title=\"Protected property\">returnType</span>: \"<span class=sf-dump-str title=\"11 characters\">arrayobject</span>\"
</samp>}
</pre><script>Sfdump(\"sf-dump-1528825633\", {\"maxDepth\":3,\"maxStringLength\":160})</script>
","fileTable":"<pre class=sf-dump id=sf-dump-1018223237 data-indent-pad=\"  \"><span class=sf-dump-note>App\\V2\\Model\\LessonFileTable</span> {<a class=sf-dump-ref>#2564</a><samp data-depth=1 class=sf-dump-expanded>
  #<span class=sf-dump-protected title=\"Protected property\">tableName</span>: \"<span class=sf-dump-str title=\"12 characters\">lesson_files</span>\"
  +<span class=sf-dump-public title=\"Public property\">tableGateway</span>: <span class=sf-dump-note title=\"Laminas\\Db\\TableGateway\\TableGateway
\"><span class=\"sf-dump-ellipsis sf-dump-ellipsis-note\">Laminas\\Db\\TableGateway</span><span class=\"sf-dump-ellipsis sf-dump-ellipsis-note\">\\</span>TableGateway</span> {<a class=sf-dump-ref href=#sf-dump-1018223237-ref22559 title=\"2 occurrences\">#2559</a><samp data-depth=2 id=sf-dump-1018223237-ref22559 class=sf-dump-compact>
    #<span class=sf-dump-protected title=\"Protected property\">isInitialized</span>: <span class=sf-dump-const>true</span>
    #<span class=sf-dump-protected title=\"Protected property\">adapter</span>: <span class=sf-dump-note title=\"Laminas\\Db\\Adapter\\Adapter
\"><span class=\"sf-dump-ellipsis sf-dump-ellipsis-note\">Laminas\\Db\\Adapter</span><span class=\"sf-dump-ellipsis sf-dump-ellipsis-note\">\\</span>Adapter</span> {<a class=sf-dump-ref href=#sf-dump-1018223237-ref22310 title=\"4 occurrences\">#2310</a><samp data-depth=3 id=sf-dump-1018223237-ref22310 class=sf-dump-compact>
      #<span class=sf-dump-protected title=\"Protected property\">driver</span>: <span class=sf-dump-note title=\"Laminas\\Db\\Adapter\\Driver\\Pdo\\Pdo
\"><span class=\"sf-dump-ellipsis sf-dump-ellipsis-note\">Laminas\\Db\\Adapter\\Driver\\Pdo</span><span class=\"sf-dump-ellipsis sf-dump-ellipsis-note\">\\</span>Pdo</span> {<a class=sf-dump-ref href=#sf-dump-1018223237-ref22301 title=\"4 occurrences\">#2301</a> &#8230;5}
      #<span class=sf-dump-protected title=\"Protected property\">platform</span>: <span class=sf-dump-note title=\"Laminas\\Db\\Adapter\\Platform\\Mysql
\"><span class=\"sf-dump-ellipsis sf-dump-ellipsis-note\">Laminas\\Db\\Adapter\\Platform</span><span class=\"sf-dump-ellipsis sf-dump-ellipsis-note\">\\</span>Mysql</span> {<a class=sf-dump-ref href=#sf-dump-1018223237-ref22312 title=\"2 occurrences\">#2312</a> &#8230;5}
      #<span class=sf-dump-protected title=\"Protected property\">profiler</span>: <span class=sf-dump-const>null</span>
      #<span class=sf-dump-protected title=\"Protected property\">queryResultSetPrototype</span>: <span class=sf-dump-note title=\"Laminas\\Db\\ResultSet\\ResultSet
\"><span class=\"sf-dump-ellipsis sf-dump-ellipsis-note\">Laminas\\Db\\ResultSet</span><span class=\"sf-dump-ellipsis sf-dump-ellipsis-note\">\\</span>ResultSet</span> {<a class=sf-dump-ref>#2326</a> &#8230;8}
      #<span class=sf-dump-protected title=\"Protected property\">lastPreparedStatement</span>: <span class=sf-dump-const>null</span>
    </samp>}
    #<span class=sf-dump-protected title=\"Protected property\">table</span>: \"<span class=sf-dump-str title=\"12 characters\">lesson_files</span>\"
    #<span class=sf-dump-protected title=\"Protected property\">columns</span>: []
    #<span class=sf-dump-protected title=\"Protected property\">featureSet</span>: <span class=sf-dump-note title=\"Laminas\\Db\\TableGateway\\Feature\\FeatureSet
\"><span class=\"sf-dump-ellipsis sf-dump-ellipsis-note\">Laminas\\Db\\TableGateway\\Feature</span><span class=\"sf-dump-ellipsis sf-dump-ellipsis-note\">\\</span>FeatureSet</span> {<a class=sf-dump-ref>#2554</a><samp data-depth=3 class=sf-dump-compact>
      #<span class=sf-dump-protected title=\"Protected property\">tableGateway</span>: <span class=sf-dump-note title=\"Laminas\\Db\\TableGateway\\TableGateway
\"><span class=\"sf-dump-ellipsis sf-dump-ellipsis-note\">Laminas\\Db\\TableGateway</span><span class=\"sf-dump-ellipsis sf-dump-ellipsis-note\">\\</span>TableGateway</span> {<a class=sf-dump-ref href=#sf-dump-1018223237-ref22559 title=\"2 occurrences\">#2559</a>}
      #<span class=sf-dump-protected title=\"Protected property\">features</span>: []
      #<span class=sf-dump-protected title=\"Protected property\">magicSpecifications</span>: []
    </samp>}
    #<span class=sf-dump-protected title=\"Protected property\">resultSetPrototype</span>: <span class=sf-dump-note title=\"Laminas\\Db\\ResultSet\\ResultSet
\"><span class=\"sf-dump-ellipsis sf-dump-ellipsis-note\">Laminas\\Db\\ResultSet</span><span class=\"sf-dump-ellipsis sf-dump-ellipsis-note\">\\</span>ResultSet</span> {<a class=sf-dump-ref>#2548</a><samp data-depth=3 class=sf-dump-compact>
      #<span class=sf-dump-protected title=\"Protected property\">buffer</span>: <span class=sf-dump-const>null</span>
      #<span class=sf-dump-protected title=\"Protected property\">count</span>: <span class=sf-dump-const>null</span>
      #<span class=sf-dump-protected title=\"Protected property\">dataSource</span>: <span class=sf-dump-const>null</span>
      #<span class=sf-dump-protected title=\"Protected property\">fieldCount</span>: <span class=sf-dump-const>null</span>
      #<span class=sf-dump-protected title=\"Protected property\">position</span>: <span class=sf-dump-num>0</span>
      #<span class=sf-dump-protected title=\"Protected property\">allowedReturnTypes</span>: <span class=sf-dump-note>array:2</span> [ &#8230;2]
      #<span class=sf-dump-protected title=\"Protected property\">arrayObjectPrototype</span>: <span class=sf-dump-note>ArrayObject</span> {<a class=sf-dump-ref>#2541</a> &#8230;4}
      #<span class=sf-dump-protected title=\"Protected property\">returnType</span>: \"<span class=sf-dump-str title=\"11 characters\">arrayobject</span>\"
    </samp>}
    #<span class=sf-dump-protected title=\"Protected property\">sql</span>: <span class=sf-dump-note title=\"Laminas\\Db\\Sql\\Sql
\"><span class=\"sf-dump-ellipsis sf-dump-ellipsis-note\">Laminas\\Db\\Sql</span><span class=\"sf-dump-ellipsis sf-dump-ellipsis-note\">\\</span>Sql</span> {<a class=sf-dump-ref>#2569</a><samp data-depth=3 class=sf-dump-compact>
      #<span class=sf-dump-protected title=\"Protected property\">adapter</span>: <span class=sf-dump-note title=\"Laminas\\Db\\Adapter\\Adapter
\"><span class=\"sf-dump-ellipsis sf-dump-ellipsis-note\">Laminas\\Db\\Adapter</span><span class=\"sf-dump-ellipsis sf-dump-ellipsis-note\">\\</span>Adapter</span> {<a class=sf-dump-ref href=#sf-dump-1018223237-ref22310 title=\"4 occurrences\">#2310</a>}
      #<span class=sf-dump-protected title=\"Protected property\">table</span>: \"<span class=sf-dump-str title=\"12 characters\">lesson_files</span>\"
      #<span class=sf-dump-protected title=\"Protected property\">sqlPlatform</span>: <span class=sf-dump-note title=\"Laminas\\Db\\Sql\\Platform\\Platform
\"><span class=\"sf-dump-ellipsis sf-dump-ellipsis-note\">Laminas\\Db\\Sql\\Platform</span><span class=\"sf-dump-ellipsis sf-dump-ellipsis-note\">\\</span>Platform</span> {<a class=sf-dump-ref>#2570</a> &#8230;4}
    </samp>}
    #<span class=sf-dump-protected title=\"Protected property\">lastInsertValue</span>: <span class=sf-dump-const>null</span>
  </samp>}
  #<span class=sf-dump-protected title=\"Protected property\">serviceLocator</span>: <span class=sf-dump-note title=\"Laminas\\ServiceManager\\ServiceManager
\"><span class=\"sf-dump-ellipsis sf-dump-ellipsis-note\">Laminas\\ServiceManager</span><span class=\"sf-dump-ellipsis sf-dump-ellipsis-note\">\\</span>ServiceManager</span> {<a class=sf-dump-ref href=#sf-dump-1018223237-ref21222 title=\"2 occurrences\">#1222</a><samp data-depth=2 id=sf-dump-1018223237-ref21222 class=sf-dump-compact>
    #<span class=sf-dump-protected title=\"Protected property\">abstractFactories</span>: []
    #<span class=sf-dump-protected title=\"Protected property\">aliases</span>: []
    #<span class=sf-dump-protected title=\"Protected property\">allowOverride</span>: <span class=sf-dump-const>false</span>
    #<span class=sf-dump-protected title=\"Protected property\">creationContext</span>: <span class=sf-dump-note title=\"Laminas\\ServiceManager\\ServiceManager
\"><span class=\"sf-dump-ellipsis sf-dump-ellipsis-note\">Laminas\\ServiceManager</span><span class=\"sf-dump-ellipsis sf-dump-ellipsis-note\">\\</span>ServiceManager</span> {<a class=sf-dump-ref href=#sf-dump-1018223237-ref21222 title=\"2 occurrences\">#1222</a>}
    #<span class=sf-dump-protected title=\"Protected property\">delegators</span>: []
    #<span class=sf-dump-protected title=\"Protected property\">factories</span>: <span class=sf-dump-note>array:1</span> [<samp data-depth=3 class=sf-dump-compact>
      \"<span class=sf-dump-key>Laminas\\Db\\Adapter\\Adapter</span>\" => <span class=sf-dump-note>Closure($sm)</span> {<a class=sf-dump-ref>#1223</a> &#8230;3}
    </samp>]
    #<span class=sf-dump-protected title=\"Protected property\">initializers</span>: []
    #<span class=sf-dump-protected title=\"Protected property\">lazyServices</span>: []
    -<span class=sf-dump-private title=\"Private property defined in class:&#10;`Laminas\\ServiceManager\\ServiceManager`\">lazyServicesDelegator</span>: <span class=sf-dump-const>null</span>
    #<span class=sf-dump-protected title=\"Protected property\">services</span>: <span class=sf-dump-note>array:1</span> [<samp data-depth=3 class=sf-dump-compact>
      \"<span class=sf-dump-key>Laminas\\Db\\Adapter\\Adapter</span>\" => <span class=sf-dump-note title=\"Laminas\\Db\\Adapter\\Adapter
\"><span class=\"sf-dump-ellipsis sf-dump-ellipsis-note\">Laminas\\Db\\Adapter</span><span class=\"sf-dump-ellipsis sf-dump-ellipsis-note\">\\</span>Adapter</span> {<a class=sf-dump-ref href=#sf-dump-1018223237-ref22310 title=\"4 occurrences\">#2310</a>}
    </samp>]
    #<span class=sf-dump-protected title=\"Protected property\">shared</span>: []
    #<span class=sf-dump-protected title=\"Protected property\">sharedByDefault</span>: <span class=sf-dump-const>true</span>
    #<span class=sf-dump-protected title=\"Protected property\">configured</span>: <span class=sf-dump-const>true</span>
    -<span class=sf-dump-private title=\"Private property defined in class:&#10;`Laminas\\ServiceManager\\ServiceManager`\">cachedAbstractFactories</span>: []
  </samp>}
  #<span class=sf-dump-protected title=\"Protected property\">primary</span>: \"<span class=sf-dump-str title=\"2 characters\">id</span>\"
  #<span class=sf-dump-protected title=\"Protected property\">adapter</span>: <span class=sf-dump-note title=\"Laminas\\Db\\Adapter\\Adapter
\"><span class=\"sf-dump-ellipsis sf-dump-ellipsis-note\">Laminas\\Db\\Adapter</span><span class=\"sf-dump-ellipsis sf-dump-ellipsis-note\">\\</span>Adapter</span> {<a class=sf-dump-ref href=#sf-dump-1018223237-ref22310 title=\"4 occurrences\">#2310</a>}
  #<span class=sf-dump-protected title=\"Protected property\">inputFilter</span>: <span class=sf-dump-const>null</span>
  +<span class=sf-dump-public title=\"Public property\">db</span>: <span class=sf-dump-const>null</span>
  +<span class=sf-dump-public title=\"Public property\">config</span>: <span class=sf-dump-const>null</span>
  +<span class=sf-dump-public title=\"Public property\">cache</span>: <span class=sf-dump-const>null</span>
  #<span class=sf-dump-protected title=\"Protected property\">accountId</span>: <span class=sf-dump-const>false</span>
  #<span class=sf-dump-protected title=\"Protected property\">prefix</span>: \"\"
  #<span class=sf-dump-protected title=\"Protected property\">timeStamp</span>: <span class=sf-dump-const>true</span>
</samp>}
</pre><script>Sfdump(\"sf-dump-1018223237\", {\"maxDepth\":3,\"maxStringLength\":160})</script>
","previous":"<pre class=sf-dump id=sf-dump-474143488 data-indent-pad=\"  \"><span class=sf-dump-const>false</span>
</pre><script>Sfdump(\"sf-dump-474143488\", {\"maxDepth\":3,\"maxStringLength\":160})</script>
","next":"<pre class=sf-dump id=sf-dump-1706831627 data-indent-pad=\"  \"><span class=sf-dump-const>false</span>
</pre><script>Sfdump(\"sf-dump-1706831627\", {\"maxDepth\":3,\"maxStringLength\":160})</script>
","lecturePageTable":"<pre class=sf-dump id=sf-dump-156181835 data-indent-pad=\"  \"><span class=sf-dump-note>App\\V2\\Model\\LecturePageTable</span> {<a class=sf-dump-ref>#2534</a><samp data-depth=1 class=sf-dump-expanded>
  #<span class=sf-dump-protected title=\"Protected property\">tableName</span>: \"<span class=sf-dump-str title=\"13 characters\">lecture_pages</span>\"
  +<span class=sf-dump-public title=\"Public property\">tableGateway</span>: <span class=sf-dump-note title=\"Laminas\\Db\\TableGateway\\TableGateway
\"><span class=\"sf-dump-ellipsis sf-dump-ellipsis-note\">Laminas\\Db\\TableGateway</span><span class=\"sf-dump-ellipsis sf-dump-ellipsis-note\">\\</span>TableGateway</span> {<a class=sf-dump-ref href=#sf-dump-156181835-ref22535 title=\"2 occurrences\">#2535</a><samp data-depth=2 id=sf-dump-156181835-ref22535 class=sf-dump-compact>
    #<span class=sf-dump-protected title=\"Protected property\">isInitialized</span>: <span class=sf-dump-const>true</span>
    #<span class=sf-dump-protected title=\"Protected property\">adapter</span>: <span class=sf-dump-note title=\"Laminas\\Db\\Adapter\\Adapter
\"><span class=\"sf-dump-ellipsis sf-dump-ellipsis-note\">Laminas\\Db\\Adapter</span><span class=\"sf-dump-ellipsis sf-dump-ellipsis-note\">\\</span>Adapter</span> {<a class=sf-dump-ref href=#sf-dump-156181835-ref22310 title=\"4 occurrences\">#2310</a><samp data-depth=3 id=sf-dump-156181835-ref22310 class=sf-dump-compact>
      #<span class=sf-dump-protected title=\"Protected property\">driver</span>: <span class=sf-dump-note title=\"Laminas\\Db\\Adapter\\Driver\\Pdo\\Pdo
\"><span class=\"sf-dump-ellipsis sf-dump-ellipsis-note\">Laminas\\Db\\Adapter\\Driver\\Pdo</span><span class=\"sf-dump-ellipsis sf-dump-ellipsis-note\">\\</span>Pdo</span> {<a class=sf-dump-ref href=#sf-dump-156181835-ref22301 title=\"4 occurrences\">#2301</a> &#8230;5}
      #<span class=sf-dump-protected title=\"Protected property\">platform</span>: <span class=sf-dump-note title=\"Laminas\\Db\\Adapter\\Platform\\Mysql
\"><span class=\"sf-dump-ellipsis sf-dump-ellipsis-note\">Laminas\\Db\\Adapter\\Platform</span><span class=\"sf-dump-ellipsis sf-dump-ellipsis-note\">\\</span>Mysql</span> {<a class=sf-dump-ref href=#sf-dump-156181835-ref22312 title=\"2 occurrences\">#2312</a> &#8230;5}
      #<span class=sf-dump-protected title=\"Protected property\">profiler</span>: <span class=sf-dump-const>null</span>
      #<span class=sf-dump-protected title=\"Protected property\">queryResultSetPrototype</span>: <span class=sf-dump-note title=\"Laminas\\Db\\ResultSet\\ResultSet
\"><span class=\"sf-dump-ellipsis sf-dump-ellipsis-note\">Laminas\\Db\\ResultSet</span><span class=\"sf-dump-ellipsis sf-dump-ellipsis-note\">\\</span>ResultSet</span> {<a class=sf-dump-ref>#2326</a> &#8230;8}
      #<span class=sf-dump-protected title=\"Protected property\">lastPreparedStatement</span>: <span class=sf-dump-const>null</span>
    </samp>}
    #<span class=sf-dump-protected title=\"Protected property\">table</span>: \"<span class=sf-dump-str title=\"13 characters\">lecture_pages</span>\"
    #<span class=sf-dump-protected title=\"Protected property\">columns</span>: []
    #<span class=sf-dump-protected title=\"Protected property\">featureSet</span>: <span class=sf-dump-note title=\"Laminas\\Db\\TableGateway\\Feature\\FeatureSet
\"><span class=\"sf-dump-ellipsis sf-dump-ellipsis-note\">Laminas\\Db\\TableGateway\\Feature</span><span class=\"sf-dump-ellipsis sf-dump-ellipsis-note\">\\</span>FeatureSet</span> {<a class=sf-dump-ref>#2536</a><samp data-depth=3 class=sf-dump-compact>
      #<span class=sf-dump-protected title=\"Protected property\">tableGateway</span>: <span class=sf-dump-note title=\"Laminas\\Db\\TableGateway\\TableGateway
\"><span class=\"sf-dump-ellipsis sf-dump-ellipsis-note\">Laminas\\Db\\TableGateway</span><span class=\"sf-dump-ellipsis sf-dump-ellipsis-note\">\\</span>TableGateway</span> {<a class=sf-dump-ref href=#sf-dump-156181835-ref22535 title=\"2 occurrences\">#2535</a>}
      #<span class=sf-dump-protected title=\"Protected property\">features</span>: []
      #<span class=sf-dump-protected title=\"Protected property\">magicSpecifications</span>: []
    </samp>}
    #<span class=sf-dump-protected title=\"Protected property\">resultSetPrototype</span>: <span class=sf-dump-note title=\"Laminas\\Db\\ResultSet\\ResultSet
\"><span class=\"sf-dump-ellipsis sf-dump-ellipsis-note\">Laminas\\Db\\ResultSet</span><span class=\"sf-dump-ellipsis sf-dump-ellipsis-note\">\\</span>ResultSet</span> {<a class=sf-dump-ref>#2537</a><samp data-depth=3 class=sf-dump-compact>
      #<span class=sf-dump-protected title=\"Protected property\">buffer</span>: <span class=sf-dump-const>null</span>
      #<span class=sf-dump-protected title=\"Protected property\">count</span>: <span class=sf-dump-const>null</span>
      #<span class=sf-dump-protected title=\"Protected property\">dataSource</span>: <span class=sf-dump-const>null</span>
      #<span class=sf-dump-protected title=\"Protected property\">fieldCount</span>: <span class=sf-dump-const>null</span>
      #<span class=sf-dump-protected title=\"Protected property\">position</span>: <span class=sf-dump-num>0</span>
      #<span class=sf-dump-protected title=\"Protected property\">allowedReturnTypes</span>: <span class=sf-dump-note>array:2</span> [ &#8230;2]
      #<span class=sf-dump-protected title=\"Protected property\">arrayObjectPrototype</span>: <span class=sf-dump-note>ArrayObject</span> {<a class=sf-dump-ref>#2538</a> &#8230;4}
      #<span class=sf-dump-protected title=\"Protected property\">returnType</span>: \"<span class=sf-dump-str title=\"11 characters\">arrayobject</span>\"
    </samp>}
    #<span class=sf-dump-protected title=\"Protected property\">sql</span>: <span class=sf-dump-note title=\"Laminas\\Db\\Sql\\Sql
\"><span class=\"sf-dump-ellipsis sf-dump-ellipsis-note\">Laminas\\Db\\Sql</span><span class=\"sf-dump-ellipsis sf-dump-ellipsis-note\">\\</span>Sql</span> {<a class=sf-dump-ref>#2539</a><samp data-depth=3 class=sf-dump-compact>
      #<span class=sf-dump-protected title=\"Protected property\">adapter</span>: <span class=sf-dump-note title=\"Laminas\\Db\\Adapter\\Adapter
\"><span class=\"sf-dump-ellipsis sf-dump-ellipsis-note\">Laminas\\Db\\Adapter</span><span class=\"sf-dump-ellipsis sf-dump-ellipsis-note\">\\</span>Adapter</span> {<a class=sf-dump-ref href=#sf-dump-156181835-ref22310 title=\"4 occurrences\">#2310</a>}
      #<span class=sf-dump-protected title=\"Protected property\">table</span>: \"<span class=sf-dump-str title=\"13 characters\">lecture_pages</span>\"
      #<span class=sf-dump-protected title=\"Protected property\">sqlPlatform</span>: <span class=sf-dump-note title=\"Laminas\\Db\\Sql\\Platform\\Platform
\"><span class=\"sf-dump-ellipsis sf-dump-ellipsis-note\">Laminas\\Db\\Sql\\Platform</span><span class=\"sf-dump-ellipsis sf-dump-ellipsis-note\">\\</span>Platform</span> {<a class=sf-dump-ref>#2540</a> &#8230;4}
    </samp>}
    #<span class=sf-dump-protected title=\"Protected property\">lastInsertValue</span>: <span class=sf-dump-const>null</span>
  </samp>}
  #<span class=sf-dump-protected title=\"Protected property\">serviceLocator</span>: <span class=sf-dump-note title=\"Laminas\\ServiceManager\\ServiceManager
\"><span class=\"sf-dump-ellipsis sf-dump-ellipsis-note\">Laminas\\ServiceManager</span><span class=\"sf-dump-ellipsis sf-dump-ellipsis-note\">\\</span>ServiceManager</span> {<a class=sf-dump-ref href=#sf-dump-156181835-ref21222 title=\"2 occurrences\">#1222</a><samp data-depth=2 id=sf-dump-156181835-ref21222 class=sf-dump-compact>
    #<span class=sf-dump-protected title=\"Protected property\">abstractFactories</span>: []
    #<span class=sf-dump-protected title=\"Protected property\">aliases</span>: []
    #<span class=sf-dump-protected title=\"Protected property\">allowOverride</span>: <span class=sf-dump-const>false</span>
    #<span class=sf-dump-protected title=\"Protected property\">creationContext</span>: <span class=sf-dump-note title=\"Laminas\\ServiceManager\\ServiceManager
\"><span class=\"sf-dump-ellipsis sf-dump-ellipsis-note\">Laminas\\ServiceManager</span><span class=\"sf-dump-ellipsis sf-dump-ellipsis-note\">\\</span>ServiceManager</span> {<a class=sf-dump-ref href=#sf-dump-156181835-ref21222 title=\"2 occurrences\">#1222</a>}
    #<span class=sf-dump-protected title=\"Protected property\">delegators</span>: []
    #<span class=sf-dump-protected title=\"Protected property\">factories</span>: <span class=sf-dump-note>array:1</span> [<samp data-depth=3 class=sf-dump-compact>
      \"<span class=sf-dump-key>Laminas\\Db\\Adapter\\Adapter</span>\" => <span class=sf-dump-note>Closure($sm)</span> {<a class=sf-dump-ref>#1223</a> &#8230;3}
    </samp>]
    #<span class=sf-dump-protected title=\"Protected property\">initializers</span>: []
    #<span class=sf-dump-protected title=\"Protected property\">lazyServices</span>: []
    -<span class=sf-dump-private title=\"Private property defined in class:&#10;`Laminas\\ServiceManager\\ServiceManager`\">lazyServicesDelegator</span>: <span class=sf-dump-const>null</span>
    #<span class=sf-dump-protected title=\"Protected property\">services</span>: <span class=sf-dump-note>array:1</span> [<samp data-depth=3 class=sf-dump-compact>
      \"<span class=sf-dump-key>Laminas\\Db\\Adapter\\Adapter</span>\" => <span class=sf-dump-note title=\"Laminas\\Db\\Adapter\\Adapter
\"><span class=\"sf-dump-ellipsis sf-dump-ellipsis-note\">Laminas\\Db\\Adapter</span><span class=\"sf-dump-ellipsis sf-dump-ellipsis-note\">\\</span>Adapter</span> {<a class=sf-dump-ref href=#sf-dump-156181835-ref22310 title=\"4 occurrences\">#2310</a>}
    </samp>]
    #<span class=sf-dump-protected title=\"Protected property\">shared</span>: []
    #<span class=sf-dump-protected title=\"Protected property\">sharedByDefault</span>: <span class=sf-dump-const>true</span>
    #<span class=sf-dump-protected title=\"Protected property\">configured</span>: <span class=sf-dump-const>true</span>
    -<span class=sf-dump-private title=\"Private property defined in class:&#10;`Laminas\\ServiceManager\\ServiceManager`\">cachedAbstractFactories</span>: []
  </samp>}
  #<span class=sf-dump-protected title=\"Protected property\">primary</span>: \"<span class=sf-dump-str title=\"2 characters\">id</span>\"
  #<span class=sf-dump-protected title=\"Protected property\">adapter</span>: <span class=sf-dump-note title=\"Laminas\\Db\\Adapter\\Adapter
\"><span class=\"sf-dump-ellipsis sf-dump-ellipsis-note\">Laminas\\Db\\Adapter</span><span class=\"sf-dump-ellipsis sf-dump-ellipsis-note\">\\</span>Adapter</span> {<a class=sf-dump-ref href=#sf-dump-156181835-ref22310 title=\"4 occurrences\">#2310</a>}
  #<span class=sf-dump-protected title=\"Protected property\">inputFilter</span>: <span class=sf-dump-const>null</span>
  +<span class=sf-dump-public title=\"Public property\">db</span>: <span class=sf-dump-const>null</span>
  +<span class=sf-dump-public title=\"Public property\">config</span>: <span class=sf-dump-const>null</span>
  +<span class=sf-dump-public title=\"Public property\">cache</span>: <span class=sf-dump-const>null</span>
  #<span class=sf-dump-protected title=\"Protected property\">accountId</span>: <span class=sf-dump-const>false</span>
  #<span class=sf-dump-protected title=\"Protected property\">prefix</span>: \"\"
  #<span class=sf-dump-protected title=\"Protected property\">timeStamp</span>: <span class=sf-dump-const>true</span>
</samp>}
</pre><script>Sfdump(\"sf-dump-156181835\", {\"maxDepth\":3,\"maxStringLength\":160})</script>
","sessionId":"<pre class=sf-dump id=sf-dump-1469730699 data-indent-pad=\"  \"><span class=sf-dump-num>13</span>
</pre><script>Sfdump(\"sf-dump-1469730699\", {\"maxDepth\":3,\"maxStringLength\":160})</script>
","course":"<pre class=sf-dump id=sf-dump-1029129560 data-indent-pad=\"  \"><span class=sf-dump-note>App\\Course</span> {<a class=sf-dump-ref>#2323</a><samp data-depth=1 class=sf-dump-expanded>
  #<span class=sf-dump-protected title=\"Protected property\">connection</span>: \"<span class=sf-dump-str title=\"5 characters\">mysql</span>\"
  #<span class=sf-dump-protected title=\"Protected property\">table</span>: \"<span class=sf-dump-str title=\"7 characters\">courses</span>\"
  #<span class=sf-dump-protected title=\"Protected property\">primaryKey</span>: \"<span class=sf-dump-str title=\"2 characters\">id</span>\"
  #<span class=sf-dump-protected title=\"Protected property\">keyType</span>: \"<span class=sf-dump-str title=\"3 characters\">int</span>\"
  +<span class=sf-dump-public title=\"Public property\">incrementing</span>: <span class=sf-dump-const>true</span>
  #<span class=sf-dump-protected title=\"Protected property\">with</span>: []
  #<span class=sf-dump-protected title=\"Protected property\">withCount</span>: []
  +<span class=sf-dump-public title=\"Public property\">preventsLazyLoading</span>: <span class=sf-dump-const>false</span>
  #<span class=sf-dump-protected title=\"Protected property\">perPage</span>: <span class=sf-dump-num>15</span>
  +<span class=sf-dump-public title=\"Public property\">exists</span>: <span class=sf-dump-const>true</span>
  +<span class=sf-dump-public title=\"Public property\">wasRecentlyCreated</span>: <span class=sf-dump-const>false</span>
  #<span class=sf-dump-protected title=\"Protected property\">escapeWhenCastingToString</span>: <span class=sf-dump-const>false</span>
  #<span class=sf-dump-protected title=\"Protected property\">attributes</span>: <span class=sf-dump-note>array:26</span> [<samp data-depth=2 class=sf-dump-compact>
    \"<span class=sf-dump-key>id</span>\" => <span class=sf-dump-num>13</span>
    \"<span class=sf-dump-key>created_at</span>\" => \"<span class=sf-dump-str title=\"19 characters\">2024-07-10 06:53:58</span>\"
    \"<span class=sf-dump-key>updated_at</span>\" => \"<span class=sf-dump-str title=\"19 characters\">2024-07-10 06:53:58</span>\"
    \"<span class=sf-dump-key>name</span>\" => \"<span class=sf-dump-str title=\"18 characters\">Internet Of Things</span>\"
    \"<span class=sf-dump-key>admin_id</span>\" => <span class=sf-dump-num>2</span>
    \"<span class=sf-dump-key>enabled</span>\" => <span class=sf-dump-num>1</span>
    \"<span class=sf-dump-key>start_date</span>\" => \"<span class=sf-dump-str title=\"19 characters\">0000-00-00 00:00:00</span>\"
    \"<span class=sf-dump-key>end_date</span>\" => <span class=sf-dump-const>null</span>
    \"<span class=sf-dump-key>enrollment_closes</span>\" => <span class=sf-dump-const>null</span>
    \"<span class=sf-dump-key>capacity</span>\" => <span class=sf-dump-const>null</span>
    \"<span class=sf-dump-key>payment_required</span>\" => <span class=sf-dump-num>0</span>
    \"<span class=sf-dump-key>fee</span>\" => <span class=sf-dump-const>null</span>
    \"<span class=sf-dump-key>description</span>\" => \"<span class=sf-dump-str title=\"118 characters\">&lt;p&gt;Ini adalah kelas dengan materi mata kuliah Internet Of Things dengan menggunakan pendekatan gaya belajar Visual&lt;/p&gt;</span>\"
    \"<span class=sf-dump-key>venue</span>\" => <span class=sf-dump-const>null</span>
    \"<span class=sf-dump-key>type</span>\" => \"<span class=sf-dump-str>c</span>\"
    \"<span class=sf-dump-key>picture</span>\" => \"<span class=sf-dump-str title=\"60 characters\">usermedia/Cover_Kelas/jorge-ramirez-988-7dFbNlo-unsplash.jpg</span>\"
    \"<span class=sf-dump-key>enable_discussion</span>\" => <span class=sf-dump-num>1</span>
    \"<span class=sf-dump-key>enable_chat</span>\" => <span class=sf-dump-num>1</span>
    \"<span class=sf-dump-key>enforce_order</span>\" => <span class=sf-dump-num>1</span>
    \"<span class=sf-dump-key>effort</span>\" => <span class=sf-dump-const>null</span>
    \"<span class=sf-dump-key>length</span>\" => <span class=sf-dump-const>null</span>
    \"<span class=sf-dump-key>short_description</span>\" => \"<span class=sf-dump-str title=\"61 characters\">Internet Of Things dengan tipe pendekatan gaya belajar Visual</span>\"
    \"<span class=sf-dump-key>introduction</span>\" => \"<span class=sf-dump-str title=\"119 characters\">&lt;p&gt;Kumpulan materi Internet Of Things dengan materi yang dihadirkan menggunakan pendekatan tipe gaya belajar Visual&lt;/p&gt;</span>\"
    \"<span class=sf-dump-key>enable_forum</span>\" => <span class=sf-dump-num>1</span>
    \"<span class=sf-dump-key>enforce_capacity</span>\" => <span class=sf-dump-num>0</span>
    \"<span class=sf-dump-key>nama_materi</span>\" => \"<span class=sf-dump-str title=\"18 characters\">Internet Of Things</span>\"
  </samp>]
  #<span class=sf-dump-protected title=\"Protected property\">original</span>: <span class=sf-dump-note>array:26</span> [<samp data-depth=2 class=sf-dump-compact>
    \"<span class=sf-dump-key>id</span>\" => <span class=sf-dump-num>13</span>
    \"<span class=sf-dump-key>created_at</span>\" => \"<span class=sf-dump-str title=\"19 characters\">2024-07-10 06:53:58</span>\"
    \"<span class=sf-dump-key>updated_at</span>\" => \"<span class=sf-dump-str title=\"19 characters\">2024-07-10 06:53:58</span>\"
    \"<span class=sf-dump-key>name</span>\" => \"<span class=sf-dump-str title=\"18 characters\">Internet Of Things</span>\"
    \"<span class=sf-dump-key>admin_id</span>\" => <span class=sf-dump-num>2</span>
    \"<span class=sf-dump-key>enabled</span>\" => <span class=sf-dump-num>1</span>
    \"<span class=sf-dump-key>start_date</span>\" => \"<span class=sf-dump-str title=\"19 characters\">0000-00-00 00:00:00</span>\"
    \"<span class=sf-dump-key>end_date</span>\" => <span class=sf-dump-const>null</span>
    \"<span class=sf-dump-key>enrollment_closes</span>\" => <span class=sf-dump-const>null</span>
    \"<span class=sf-dump-key>capacity</span>\" => <span class=sf-dump-const>null</span>
    \"<span class=sf-dump-key>payment_required</span>\" => <span class=sf-dump-num>0</span>
    \"<span class=sf-dump-key>fee</span>\" => <span class=sf-dump-const>null</span>
    \"<span class=sf-dump-key>description</span>\" => \"<span class=sf-dump-str title=\"118 characters\">&lt;p&gt;Ini adalah kelas dengan materi mata kuliah Internet Of Things dengan menggunakan pendekatan gaya belajar Visual&lt;/p&gt;</span>\"
    \"<span class=sf-dump-key>venue</span>\" => <span class=sf-dump-const>null</span>
    \"<span class=sf-dump-key>type</span>\" => \"<span class=sf-dump-str>c</span>\"
    \"<span class=sf-dump-key>picture</span>\" => \"<span class=sf-dump-str title=\"60 characters\">usermedia/Cover_Kelas/jorge-ramirez-988-7dFbNlo-unsplash.jpg</span>\"
    \"<span class=sf-dump-key>enable_discussion</span>\" => <span class=sf-dump-num>1</span>
    \"<span class=sf-dump-key>enable_chat</span>\" => <span class=sf-dump-num>1</span>
    \"<span class=sf-dump-key>enforce_order</span>\" => <span class=sf-dump-num>1</span>
    \"<span class=sf-dump-key>effort</span>\" => <span class=sf-dump-const>null</span>
    \"<span class=sf-dump-key>length</span>\" => <span class=sf-dump-const>null</span>
    \"<span class=sf-dump-key>short_description</span>\" => \"<span class=sf-dump-str title=\"61 characters\">Internet Of Things dengan tipe pendekatan gaya belajar Visual</span>\"
    \"<span class=sf-dump-key>introduction</span>\" => \"<span class=sf-dump-str title=\"119 characters\">&lt;p&gt;Kumpulan materi Internet Of Things dengan materi yang dihadirkan menggunakan pendekatan tipe gaya belajar Visual&lt;/p&gt;</span>\"
    \"<span class=sf-dump-key>enable_forum</span>\" => <span class=sf-dump-num>1</span>
    \"<span class=sf-dump-key>enforce_capacity</span>\" => <span class=sf-dump-num>0</span>
    \"<span class=sf-dump-key>nama_materi</span>\" => \"<span class=sf-dump-str title=\"18 characters\">Internet Of Things</span>\"
  </samp>]
  #<span class=sf-dump-protected title=\"Protected property\">changes</span>: []
  #<span class=sf-dump-protected title=\"Protected property\">casts</span>: []
  #<span class=sf-dump-protected title=\"Protected property\">classCastCache</span>: []
  #<span class=sf-dump-protected title=\"Protected property\">attributeCastCache</span>: []
  #<span class=sf-dump-protected title=\"Protected property\">dateFormat</span>: <span class=sf-dump-const>null</span>
  #<span class=sf-dump-protected title=\"Protected property\">appends</span>: []
  #<span class=sf-dump-protected title=\"Protected property\">dispatchesEvents</span>: []
  #<span class=sf-dump-protected title=\"Protected property\">observables</span>: []
  #<span class=sf-dump-protected title=\"Protected property\">relations</span>: []
  #<span class=sf-dump-protected title=\"Protected property\">touches</span>: []
  +<span class=sf-dump-public title=\"Public property\">timestamps</span>: <span class=sf-dump-const>true</span>
  +<span class=sf-dump-public title=\"Public property\">usesUniqueIds</span>: <span class=sf-dump-const>false</span>
  #<span class=sf-dump-protected title=\"Protected property\">hidden</span>: []
  #<span class=sf-dump-protected title=\"Protected property\">visible</span>: []
  #<span class=sf-dump-protected title=\"Protected property\">fillable</span>: <span class=sf-dump-note>array:22</span> [<samp data-depth=2 class=sf-dump-compact>
    <span class=sf-dump-index>0</span> => \"<span class=sf-dump-str title=\"4 characters\">name</span>\"
    <span class=sf-dump-index>1</span> => \"<span class=sf-dump-str title=\"8 characters\">admin_id</span>\"
    <span class=sf-dump-index>2</span> => \"<span class=sf-dump-str title=\"7 characters\">enabled</span>\"
    <span class=sf-dump-index>3</span> => \"<span class=sf-dump-str title=\"10 characters\">start_date</span>\"
    <span class=sf-dump-index>4</span> => \"<span class=sf-dump-str title=\"8 characters\">end_date</span>\"
    <span class=sf-dump-index>5</span> => \"<span class=sf-dump-str title=\"17 characters\">enrollment_closes</span>\"
    <span class=sf-dump-index>6</span> => \"<span class=sf-dump-str title=\"8 characters\">capacity</span>\"
    <span class=sf-dump-index>7</span> => \"<span class=sf-dump-str title=\"16 characters\">payment_required</span>\"
    <span class=sf-dump-index>8</span> => \"<span class=sf-dump-str title=\"3 characters\">fee</span>\"
    <span class=sf-dump-index>9</span> => \"<span class=sf-dump-str title=\"11 characters\">description</span>\"
    <span class=sf-dump-index>10</span> => \"<span class=sf-dump-str title=\"5 characters\">venue</span>\"
    <span class=sf-dump-index>11</span> => \"<span class=sf-dump-str title=\"4 characters\">type</span>\"
    <span class=sf-dump-index>12</span> => \"<span class=sf-dump-str title=\"7 characters\">picture</span>\"
    <span class=sf-dump-index>13</span> => \"<span class=sf-dump-str title=\"17 characters\">enable_discussion</span>\"
    <span class=sf-dump-index>14</span> => \"<span class=sf-dump-str title=\"11 characters\">enable_chat</span>\"
    <span class=sf-dump-index>15</span> => \"<span class=sf-dump-str title=\"13 characters\">enforce_order</span>\"
    <span class=sf-dump-index>16</span> => \"<span class=sf-dump-str title=\"6 characters\">effort</span>\"
    <span class=sf-dump-index>17</span> => \"<span class=sf-dump-str title=\"6 characters\">length</span>\"
    <span class=sf-dump-index>18</span> => \"<span class=sf-dump-str title=\"17 characters\">short_description</span>\"
    <span class=sf-dump-index>19</span> => \"<span class=sf-dump-str title=\"12 characters\">introduction</span>\"
    <span class=sf-dump-index>20</span> => \"<span class=sf-dump-str title=\"12 characters\">enable_forum</span>\"
    <span class=sf-dump-index>21</span> => \"<span class=sf-dump-str title=\"16 characters\">enforce_capacity</span>\"
  </samp>]
  #<span class=sf-dump-protected title=\"Protected property\">guarded</span>: <span class=sf-dump-note>array:1</span> [<samp data-depth=2 class=sf-dump-compact>
    <span class=sf-dump-index>0</span> => \"<span class=sf-dump-str>*</span>\"
  </samp>]
</samp>}
</pre><script>Sfdump(\"sf-dump-1029129560\", {\"maxDepth\":3,\"maxStringLength\":160})</script>
","customCrumbs":"<pre class=sf-dump id=sf-dump-2074394439 data-indent-pad=\"  \"><span class=sf-dump-note>array:5</span> [<samp data-depth=1 class=sf-dump-expanded>
  \"<span class=sf-dump-key>http://localhost/its-tni/public/student/dashboard</span>\" => \"<span class=sf-dump-str title=\"5 characters\">Rumah</span>\"
  \"<span class=sf-dump-key>http://localhost/its-tni/public/student/student/mysessions</span>\" => \"<span class=sf-dump-str title=\"13 characters\">Kursus online</span>\"
  \"<span class=sf-dump-key>http://localhost/its-tni/public/student/course-details/13/internet-of-things</span>\" => \"<span class=sf-dump-str title=\"13 characters\">Detail Kursus</span>\"
  \"<span class=sf-dump-key>http://localhost/its-tni/public/student/course/intro/13</span>\" => \"<span class=sf-dump-str title=\"9 characters\">pengantar</span>\"
  \"<span class=sf-dump-key>#</span>\" => \"<span class=sf-dump-str title=\"12 characters\">Detail Kelas</span>\"
</samp>]
</pre><script>Sfdump(\"sf-dump-2074394439\", {\"maxDepth\":3,\"maxStringLength\":160})</script>
","userLayout":"<pre class=sf-dump id=sf-dump-1677974804 data-indent-pad=\"  \">\"<span class=sf-dump-str title=\"15 characters\">layouts.student</span>\"
</pre><script>Sfdump(\"sf-dump-1677974804\", {\"maxDepth\":3,\"maxStringLength\":160})</script>
"}},"userId":6,"exception":"[object] (Spatie\\LaravelIgnition\\Exceptions\\ViewException(code: 0): Undefined variable $lecture at C:\\xampp\\htdocs\\its-tni\\resources\\views\\student\\course\\class.blade.php:37)
[stacktrace]
#0 C:\\xampp\\htdocs\\its-tni\\vendor\\laravel\\framework\\src\\Illuminate\\Foundation\\Bootstrap\\HandleExceptions.php(250): Illuminate\\Foundation\\Bootstrap\\HandleExceptions->handleError(2, 'Undefined varia...', 'C:\\\\xampp\\\\htdocs...', 26)
#1 C:\\xampp\\htdocs\\its-tni\\resources\\views\\student\\course\\class.blade.php(37): Illuminate\\Foundation\\Bootstrap\\HandleExceptions->Illuminate\\Foundation\\Bootstrap\\{closure}(2, 'Undefined varia...', 'C:\\\\xampp\\\\htdocs...', 26)
#2 C:\\xampp\\htdocs\\its-tni\\vendor\\laravel\\framework\\src\\Illuminate\\Filesystem\\Filesystem.php(123): require('C:\\\\xampp\\\\htdocs...')
#3 C:\\xampp\\htdocs\\its-tni\\vendor\\laravel\\framework\\src\\Illuminate\\Filesystem\\Filesystem.php(124): Illuminate\\Filesystem\\Filesystem::Illuminate\\Filesystem\\{closure}()
#4 C:\\xampp\\htdocs\\its-tni\\vendor\\laravel\\framework\\src\\Illuminate\\View\\Engines\\PhpEngine.php(58): Illuminate\\Filesystem\\Filesystem->getRequire('C:\\\\xampp\\\\htdocs...', Array)
#5 C:\\xampp\\htdocs\\its-tni\\vendor\\laravel\\framework\\src\\Illuminate\\View\\Engines\\CompilerEngine.php(70): Illuminate\\View\\Engines\\PhpEngine->evaluatePath('C:\\\\xampp\\\\htdocs...', Array)
#6 C:\\xampp\\htdocs\\its-tni\\vendor\\laravel\\framework\\src\\Illuminate\\View\\View.php(195): Illuminate\\View\\Engines\\CompilerEngine->get('C:\\\\xampp\\\\htdocs...', Array)
#7 C:\\xampp\\htdocs\\its-tni\\vendor\\laravel\\framework\\src\\Illuminate\\View\\View.php(178): Illuminate\\View\\View->getContents()
#8 C:\\xampp\\htdocs\\its-tni\\vendor\\laravel\\framework\\src\\Illuminate\\View\\View.php(147): Illuminate\\View\\View->renderContents()
#9 C:\\xampp\\htdocs\\its-tni\\vendor\\laravel\\framework\\src\\Illuminate\\Http\\Response.php(69): Illuminate\\View\\View->render()
#10 C:\\xampp\\htdocs\\its-tni\\vendor\\laravel\\framework\\src\\Illuminate\\Http\\Response.php(35): Illuminate\\Http\\Response->setContent(Object(Illuminate\\View\\View))
#11 C:\\xampp\\htdocs\\its-tni\\vendor\\laravel\\framework\\src\\Illuminate\\Routing\\Router.php(906): Illuminate\\Http\\Response->__construct(Object(Illuminate\\View\\View), 200, Array)
#12 C:\\xampp\\htdocs\\its-tni\\vendor\\laravel\\framework\\src\\Illuminate\\Routing\\Router.php(875): Illuminate\\Routing\\Router::toResponse(Object(Illuminate\\Http\\Request), Object(Illuminate\\View\\View))
#13 C:\\xampp\\htdocs\\its-tni\\vendor\\laravel\\framework\\src\\Illuminate\\Routing\\Router.php(797): Illuminate\\Routing\\Router->prepareResponse(Object(Illuminate\\Http\\Request), Object(Illuminate\\View\\View))
#14 C:\\xampp\\htdocs\\its-tni\\vendor\\laravel\\framework\\src\\Illuminate\\Pipeline\\Pipeline.php(141): Illuminate\\Routing\\Router->Illuminate\\Routing\\{closure}(Object(Illuminate\\Http\\Request))
#15 C:\\xampp\\htdocs\\its-tni\\app\\Http\\Middleware\\Student.php(33): Illuminate\\Pipeline\\Pipeline->Illuminate\\Pipeline\\{closure}(Object(Illuminate\\Http\\Request))
#16 C:\\xampp\\htdocs\\its-tni\\vendor\\laravel\\framework\\src\\Illuminate\\Pipeline\\Pipeline.php(180): App\\Http\\Middleware\\Student->handle(Object(Illuminate\\Http\\Request), Object(Closure))
#17 C:\\xampp\\htdocs\\its-tni\\vendor\\laravel\\framework\\src\\Illuminate\\Routing\\Middleware\\SubstituteBindings.php(50): Illuminate\\Pipeline\\Pipeline->Illuminate\\Pipeline\\{closure}(Object(Illuminate\\Http\\Request))
#18 C:\\xampp\\htdocs\\its-tni\\vendor\\laravel\\framework\\src\\Illuminate\\Pipeline\\Pipeline.php(180): Illuminate\\Routing\\Middleware\\SubstituteBindings->handle(Object(Illuminate\\Http\\Request), Object(Closure))
#19 C:\\xampp\\htdocs\\its-tni\\vendor\\laravel\\framework\\src\\Illuminate\\Auth\\Middleware\\Authenticate.php(45): Illuminate\\Pipeline\\Pipeline->Illuminate\\Pipeline\\{closure}(Object(Illuminate\\Http\\Request))
#20 C:\\xampp\\htdocs\\its-tni\\vendor\\laravel\\framework\\src\\Illuminate\\Pipeline\\Pipeline.php(180): Illuminate\\Auth\\Middleware\\Authenticate->handle(Object(Illuminate\\Http\\Request), Object(Closure))
#21 C:\\xampp\\htdocs\\its-tni\\vendor\\laravel\\framework\\src\\Illuminate\\Foundation\\Http\\Middleware\\VerifyCsrfToken.php(78): Illuminate\\Pipeline\\Pipeline->Illuminate\\Pipeline\\{closure}(Object(Illuminate\\Http\\Request))
#22 C:\\xampp\\htdocs\\its-tni\\vendor\\laravel\\framework\\src\\Illuminate\\Pipeline\\Pipeline.php(180): Illuminate\\Foundation\\Http\\Middleware\\VerifyCsrfToken->handle(Object(Illuminate\\Http\\Request), Object(Closure))
#23 C:\\xampp\\htdocs\\its-tni\\vendor\\laravel\\framework\\src\\Illuminate\\View\\Middleware\\ShareErrorsFromSession.php(49): Illuminate\\Pipeline\\Pipeline->Illuminate\\Pipeline\\{closure}(Object(Illuminate\\Http\\Request))
#24 C:\\xampp\\htdocs\\its-tni\\vendor\\laravel\\framework\\src\\Illuminate\\Pipeline\\Pipeline.php(180): Illuminate\\View\\Middleware\\ShareErrorsFromSession->handle(Object(Illuminate\\Http\\Request), Object(Closure))
#25 C:\\xampp\\htdocs\\its-tni\\vendor\\laravel\\framework\\src\\Illuminate\\Session\\Middleware\\StartSession.php(121): Illuminate\\Pipeline\\Pipeline->Illuminate\\Pipeline\\{closure}(Object(Illuminate\\Http\\Request))
#26 C:\\xampp\\htdocs\\its-tni\\vendor\\laravel\\framework\\src\\Illuminate\\Session\\Middleware\\StartSession.php(64): Illuminate\\Session\\Middleware\\StartSession->handleStatefulRequest(Object(Illuminate\\Http\\Request), Object(Illuminate\\Session\\Store), Object(Closure))
#27 C:\\xampp\\htdocs\\its-tni\\vendor\\laravel\\framework\\src\\Illuminate\\Pipeline\\Pipeline.php(180): Illuminate\\Session\\Middleware\\StartSession->handle(Object(Illuminate\\Http\\Request), Object(Closure))
#28 C:\\xampp\\htdocs\\its-tni\\vendor\\laravel\\framework\\src\\Illuminate\\Cookie\\Middleware\\AddQueuedCookiesToResponse.php(37): Illuminate\\Pipeline\\Pipeline->Illuminate\\Pipeline\\{closure}(Object(Illuminate\\Http\\Request))
#29 C:\\xampp\\htdocs\\its-tni\\vendor\\laravel\\framework\\src\\Illuminate\\Pipeline\\Pipeline.php(180): Illuminate\\Cookie\\Middleware\\AddQueuedCookiesToResponse->handle(Object(Illuminate\\Http\\Request), Object(Closure))
#30 C:\\xampp\\htdocs\\its-tni\\vendor\\laravel\\framework\\src\\Illuminate\\Cookie\\Middleware\\EncryptCookies.php(67): Illuminate\\Pipeline\\Pipeline->Illuminate\\Pipeline\\{closure}(Object(Illuminate\\Http\\Request))
#31 C:\\xampp\\htdocs\\its-tni\\vendor\\laravel\\framework\\src\\Illuminate\\Pipeline\\Pipeline.php(180): Illuminate\\Cookie\\Middleware\\EncryptCookies->handle(Object(Illuminate\\Http\\Request), Object(Closure))
#32 C:\\xampp\\htdocs\\its-tni\\vendor\\laravel\\framework\\src\\Illuminate\\Pipeline\\Pipeline.php(116): Illuminate\\Pipeline\\Pipeline->Illuminate\\Pipeline\\{closure}(Object(Illuminate\\Http\\Request))
#33 C:\\xampp\\htdocs\\its-tni\\vendor\\laravel\\framework\\src\\Illuminate\\Routing\\Router.php(797): Illuminate\\Pipeline\\Pipeline->then(Object(Closure))
#34 C:\\xampp\\htdocs\\its-tni\\vendor\\laravel\\framework\\src\\Illuminate\\Routing\\Router.php(776): Illuminate\\Routing\\Router->runRouteWithinStack(Object(Illuminate\\Routing\\Route), Object(Illuminate\\Http\\Request))
#35 C:\\xampp\\htdocs\\its-tni\\vendor\\laravel\\framework\\src\\Illuminate\\Routing\\Router.php(740): Illuminate\\Routing\\Router->runRoute(Object(Illuminate\\Http\\Request), Object(Illuminate\\Routing\\Route))
#36 C:\\xampp\\htdocs\\its-tni\\vendor\\laravel\\framework\\src\\Illuminate\\Routing\\Router.php(729): Illuminate\\Routing\\Router->dispatchToRoute(Object(Illuminate\\Http\\Request))
#37 C:\\xampp\\htdocs\\its-tni\\vendor\\laravel\\framework\\src\\Illuminate\\Foundation\\Http\\Kernel.php(200): Illuminate\\Routing\\Router->dispatch(Object(Illuminate\\Http\\Request))
#38 C:\\xampp\\htdocs\\its-tni\\vendor\\laravel\\framework\\src\\Illuminate\\Pipeline\\Pipeline.php(141): Illuminate\\Foundation\\Http\\Kernel->Illuminate\\Foundation\\Http\\{closure}(Object(Illuminate\\Http\\Request))
#39 C:\\xampp\\htdocs\\its-tni\\vendor\\laravel\\framework\\src\\Illuminate\\Foundation\\Http\\Middleware\\TransformsRequest.php(21): Illuminate\\Pipeline\\Pipeline->Illuminate\\Pipeline\\{closure}(Object(Illuminate\\Http\\Request))
#40 C:\\xampp\\htdocs\\its-tni\\vendor\\laravel\\framework\\src\\Illuminate\\Foundation\\Http\\Middleware\\ConvertEmptyStringsToNull.php(31): Illuminate\\Foundation\\Http\\Middleware\\TransformsRequest->handle(Object(Illuminate\\Http\\Request), Object(Closure))
#41 C:\\xampp\\htdocs\\its-tni\\vendor\\laravel\\framework\\src\\Illuminate\\Pipeline\\Pipeline.php(180): Illuminate\\Foundation\\Http\\Middleware\\ConvertEmptyStringsToNull->handle(Object(Illuminate\\Http\\Request), Object(Closure))
#42 C:\\xampp\\htdocs\\its-tni\\vendor\\laravel\\framework\\src\\Illuminate\\Foundation\\Http\\Middleware\\TransformsRequest.php(21): Illuminate\\Pipeline\\Pipeline->Illuminate\\Pipeline\\{closure}(Object(Illuminate\\Http\\Request))
#43 C:\\xampp\\htdocs\\its-tni\\vendor\\laravel\\framework\\src\\Illuminate\\Foundation\\Http\\Middleware\\TrimStrings.php(40): Illuminate\\Foundation\\Http\\Middleware\\TransformsRequest->handle(Object(Illuminate\\Http\\Request), Object(Closure))
#44 C:\\xampp\\htdocs\\its-tni\\vendor\\laravel\\framework\\src\\Illuminate\\Pipeline\\Pipeline.php(180): Illuminate\\Foundation\\Http\\Middleware\\TrimStrings->handle(Object(Illuminate\\Http\\Request), Object(Closure))
#45 C:\\xampp\\htdocs\\its-tni\\vendor\\laravel\\framework\\src\\Illuminate\\Foundation\\Http\\Middleware\\ValidatePostSize.php(27): Illuminate\\Pipeline\\Pipeline->Illuminate\\Pipeline\\{closure}(Object(Illuminate\\Http\\Request))
#46 C:\\xampp\\htdocs\\its-tni\\vendor\\laravel\\framework\\src\\Illuminate\\Pipeline\\Pipeline.php(180): Illuminate\\Foundation\\Http\\Middleware\\ValidatePostSize->handle(Object(Illuminate\\Http\\Request), Object(Closure))
#47 C:\\xampp\\htdocs\\its-tni\\vendor\\laravel\\framework\\src\\Illuminate\\Foundation\\Http\\Middleware\\PreventRequestsDuringMaintenance.php(86): Illuminate\\Pipeline\\Pipeline->Illuminate\\Pipeline\\{closure}(Object(Illuminate\\Http\\Request))
#48 C:\\xampp\\htdocs\\its-tni\\vendor\\laravel\\framework\\src\\Illuminate\\Pipeline\\Pipeline.php(180): Illuminate\\Foundation\\Http\\Middleware\\PreventRequestsDuringMaintenance->handle(Object(Illuminate\\Http\\Request), Object(Closure))
#49 C:\\xampp\\htdocs\\its-tni\\vendor\\laravel\\framework\\src\\Illuminate\\Http\\Middleware\\HandleCors.php(49): Illuminate\\Pipeline\\Pipeline->Illuminate\\Pipeline\\{closure}(Object(Illuminate\\Http\\Request))
#50 C:\\xampp\\htdocs\\its-tni\\vendor\\laravel\\framework\\src\\Illuminate\\Pipeline\\Pipeline.php(180): Illuminate\\Http\\Middleware\\HandleCors->handle(Object(Illuminate\\Http\\Request), Object(Closure))
#51 C:\\xampp\\htdocs\\its-tni\\vendor\\laravel\\framework\\src\\Illuminate\\Http\\Middleware\\TrustProxies.php(39): Illuminate\\Pipeline\\Pipeline->Illuminate\\Pipeline\\{closure}(Object(Illuminate\\Http\\Request))
#52 C:\\xampp\\htdocs\\its-tni\\vendor\\laravel\\framework\\src\\Illuminate\\Pipeline\\Pipeline.php(180): Illuminate\\Http\\Middleware\\TrustProxies->handle(Object(Illuminate\\Http\\Request), Object(Closure))
#53 C:\\xampp\\htdocs\\its-tni\\vendor\\laravel\\framework\\src\\Illuminate\\Pipeline\\Pipeline.php(116): Illuminate\\Pipeline\\Pipeline->Illuminate\\Pipeline\\{closure}(Object(Illuminate\\Http\\Request))
#54 C:\\xampp\\htdocs\\its-tni\\vendor\\laravel\\framework\\src\\Illuminate\\Foundation\\Http\\Kernel.php(175): Illuminate\\Pipeline\\Pipeline->then(Object(Closure))
#55 C:\\xampp\\htdocs\\its-tni\\vendor\\laravel\\framework\\src\\Illuminate\\Foundation\\Http\\Kernel.php(144): Illuminate\\Foundation\\Http\\Kernel->sendRequestThroughRouter(Object(Illuminate\\Http\\Request))
#56 C:\\xampp\\htdocs\\its-tni\\public\\index.php(54): Illuminate\\Foundation\\Http\\Kernel->handle(Object(Illuminate\\Http\\Request))
#57 {main}

[previous exception] [object] (ErrorException(code: 0): Undefined variable $lecture at C:\\xampp\\htdocs\\its-tni\\storage\\framework\\views\\117a84a1859fbf5429e07f564477e3a9.php:26)
[stacktrace]
#0 C:\\xampp\\htdocs\\its-tni\\vendor\\laravel\\framework\\src\\Illuminate\\Foundation\\Bootstrap\\HandleExceptions.php(250): Illuminate\\Foundation\\Bootstrap\\HandleExceptions->handleError(2, 'Undefined varia...', 'C:\\\\xampp\\\\htdocs...', 26)
#1 C:\\xampp\\htdocs\\its-tni\\storage\\framework\\views\\117a84a1859fbf5429e07f564477e3a9.php(26): Illuminate\\Foundation\\Bootstrap\\HandleExceptions->Illuminate\\Foundation\\Bootstrap\\{closure}(2, 'Undefined varia...', 'C:\\\\xampp\\\\htdocs...', 26)
#2 C:\\xampp\\htdocs\\its-tni\\vendor\\laravel\\framework\\src\\Illuminate\\Filesystem\\Filesystem.php(123): require('C:\\\\xampp\\\\htdocs...')
#3 C:\\xampp\\htdocs\\its-tni\\vendor\\laravel\\framework\\src\\Illuminate\\Filesystem\\Filesystem.php(124): Illuminate\\Filesystem\\Filesystem::Illuminate\\Filesystem\\{closure}()
#4 C:\\xampp\\htdocs\\its-tni\\vendor\\laravel\\framework\\src\\Illuminate\\View\\Engines\\PhpEngine.php(58): Illuminate\\Filesystem\\Filesystem->getRequire('C:\\\\xampp\\\\htdocs...', Array)
#5 C:\\xampp\\htdocs\\its-tni\\vendor\\laravel\\framework\\src\\Illuminate\\View\\Engines\\CompilerEngine.php(70): Illuminate\\View\\Engines\\PhpEngine->evaluatePath('C:\\\\xampp\\\\htdocs...', Array)
#6 C:\\xampp\\htdocs\\its-tni\\vendor\\laravel\\framework\\src\\Illuminate\\View\\View.php(195): Illuminate\\View\\Engines\\CompilerEngine->get('C:\\\\xampp\\\\htdocs...', Array)
#7 C:\\xampp\\htdocs\\its-tni\\vendor\\laravel\\framework\\src\\Illuminate\\View\\View.php(178): Illuminate\\View\\View->getContents()
#8 C:\\xampp\\htdocs\\its-tni\\vendor\\laravel\\framework\\src\\Illuminate\\View\\View.php(147): Illuminate\\View\\View->renderContents()
#9 C:\\xampp\\htdocs\\its-tni\\vendor\\laravel\\framework\\src\\Illuminate\\Http\\Response.php(69): Illuminate\\View\\View->render()
#10 C:\\xampp\\htdocs\\its-tni\\vendor\\laravel\\framework\\src\\Illuminate\\Http\\Response.php(35): Illuminate\\Http\\Response->setContent(Object(Illuminate\\View\\View))
#11 C:\\xampp\\htdocs\\its-tni\\vendor\\laravel\\framework\\src\\Illuminate\\Routing\\Router.php(906): Illuminate\\Http\\Response->__construct(Object(Illuminate\\View\\View), 200, Array)
#12 C:\\xampp\\htdocs\\its-tni\\vendor\\laravel\\framework\\src\\Illuminate\\Routing\\Router.php(875): Illuminate\\Routing\\Router::toResponse(Object(Illuminate\\Http\\Request), Object(Illuminate\\View\\View))
#13 C:\\xampp\\htdocs\\its-tni\\vendor\\laravel\\framework\\src\\Illuminate\\Routing\\Router.php(797): Illuminate\\Routing\\Router->prepareResponse(Object(Illuminate\\Http\\Request), Object(Illuminate\\View\\View))
#14 C:\\xampp\\htdocs\\its-tni\\vendor\\laravel\\framework\\src\\Illuminate\\Pipeline\\Pipeline.php(141): Illuminate\\Routing\\Router->Illuminate\\Routing\\{closure}(Object(Illuminate\\Http\\Request))
#15 C:\\xampp\\htdocs\\its-tni\\app\\Http\\Middleware\\Student.php(33): Illuminate\\Pipeline\\Pipeline->Illuminate\\Pipeline\\{closure}(Object(Illuminate\\Http\\Request))
#16 C:\\xampp\\htdocs\\its-tni\\vendor\\laravel\\framework\\src\\Illuminate\\Pipeline\\Pipeline.php(180): App\\Http\\Middleware\\Student->handle(Object(Illuminate\\Http\\Request), Object(Closure))
#17 C:\\xampp\\htdocs\\its-tni\\vendor\\laravel\\framework\\src\\Illuminate\\Routing\\Middleware\\SubstituteBindings.php(50): Illuminate\\Pipeline\\Pipeline->Illuminate\\Pipeline\\{closure}(Object(Illuminate\\Http\\Request))
#18 C:\\xampp\\htdocs\\its-tni\\vendor\\laravel\\framework\\src\\Illuminate\\Pipeline\\Pipeline.php(180): Illuminate\\Routing\\Middleware\\SubstituteBindings->handle(Object(Illuminate\\Http\\Request), Object(Closure))
#19 C:\\xampp\\htdocs\\its-tni\\vendor\\laravel\\framework\\src\\Illuminate\\Auth\\Middleware\\Authenticate.php(45): Illuminate\\Pipeline\\Pipeline->Illuminate\\Pipeline\\{closure}(Object(Illuminate\\Http\\Request))
#20 C:\\xampp\\htdocs\\its-tni\\vendor\\laravel\\framework\\src\\Illuminate\\Pipeline\\Pipeline.php(180): Illuminate\\Auth\\Middleware\\Authenticate->handle(Object(Illuminate\\Http\\Request), Object(Closure))
#21 C:\\xampp\\htdocs\\its-tni\\vendor\\laravel\\framework\\src\\Illuminate\\Foundation\\Http\\Middleware\\VerifyCsrfToken.php(78): Illuminate\\Pipeline\\Pipeline->Illuminate\\Pipeline\\{closure}(Object(Illuminate\\Http\\Request))
#22 C:\\xampp\\htdocs\\its-tni\\vendor\\laravel\\framework\\src\\Illuminate\\Pipeline\\Pipeline.php(180): Illuminate\\Foundation\\Http\\Middleware\\VerifyCsrfToken->handle(Object(Illuminate\\Http\\Request), Object(Closure))
#23 C:\\xampp\\htdocs\\its-tni\\vendor\\laravel\\framework\\src\\Illuminate\\View\\Middleware\\ShareErrorsFromSession.php(49): Illuminate\\Pipeline\\Pipeline->Illuminate\\Pipeline\\{closure}(Object(Illuminate\\Http\\Request))
#24 C:\\xampp\\htdocs\\its-tni\\vendor\\laravel\\framework\\src\\Illuminate\\Pipeline\\Pipeline.php(180): Illuminate\\View\\Middleware\\ShareErrorsFromSession->handle(Object(Illuminate\\Http\\Request), Object(Closure))
#25 C:\\xampp\\htdocs\\its-tni\\vendor\\laravel\\framework\\src\\Illuminate\\Session\\Middleware\\StartSession.php(121): Illuminate\\Pipeline\\Pipeline->Illuminate\\Pipeline\\{closure}(Object(Illuminate\\Http\\Request))
#26 C:\\xampp\\htdocs\\its-tni\\vendor\\laravel\\framework\\src\\Illuminate\\Session\\Middleware\\StartSession.php(64): Illuminate\\Session\\Middleware\\StartSession->handleStatefulRequest(Object(Illuminate\\Http\\Request), Object(Illuminate\\Session\\Store), Object(Closure))
#27 C:\\xampp\\htdocs\\its-tni\\vendor\\laravel\\framework\\src\\Illuminate\\Pipeline\\Pipeline.php(180): Illuminate\\Session\\Middleware\\StartSession->handle(Object(Illuminate\\Http\\Request), Object(Closure))
#28 C:\\xampp\\htdocs\\its-tni\\vendor\\laravel\\framework\\src\\Illuminate\\Cookie\\Middleware\\AddQueuedCookiesToResponse.php(37): Illuminate\\Pipeline\\Pipeline->Illuminate\\Pipeline\\{closure}(Object(Illuminate\\Http\\Request))
#29 C:\\xampp\\htdocs\\its-tni\\vendor\\laravel\\framework\\src\\Illuminate\\Pipeline\\Pipeline.php(180): Illuminate\\Cookie\\Middleware\\AddQueuedCookiesToResponse->handle(Object(Illuminate\\Http\\Request), Object(Closure))
#30 C:\\xampp\\htdocs\\its-tni\\vendor\\laravel\\framework\\src\\Illuminate\\Cookie\\Middleware\\EncryptCookies.php(67): Illuminate\\Pipeline\\Pipeline->Illuminate\\Pipeline\\{closure}(Object(Illuminate\\Http\\Request))
#31 C:\\xampp\\htdocs\\its-tni\\vendor\\laravel\\framework\\src\\Illuminate\\Pipeline\\Pipeline.php(180): Illuminate\\Cookie\\Middleware\\EncryptCookies->handle(Object(Illuminate\\Http\\Request), Object(Closure))
#32 C:\\xampp\\htdocs\\its-tni\\vendor\\laravel\\framework\\src\\Illuminate\\Pipeline\\Pipeline.php(116): Illuminate\\Pipeline\\Pipeline->Illuminate\\Pipeline\\{closure}(Object(Illuminate\\Http\\Request))
#33 C:\\xampp\\htdocs\\its-tni\\vendor\\laravel\\framework\\src\\Illuminate\\Routing\\Router.php(797): Illuminate\\Pipeline\\Pipeline->then(Object(Closure))
#34 C:\\xampp\\htdocs\\its-tni\\vendor\\laravel\\framework\\src\\Illuminate\\Routing\\Router.php(776): Illuminate\\Routing\\Router->runRouteWithinStack(Object(Illuminate\\Routing\\Route), Object(Illuminate\\Http\\Request))
#35 C:\\xampp\\htdocs\\its-tni\\vendor\\laravel\\framework\\src\\Illuminate\\Routing\\Router.php(740): Illuminate\\Routing\\Router->runRoute(Object(Illuminate\\Http\\Request), Object(Illuminate\\Routing\\Route))
#36 C:\\xampp\\htdocs\\its-tni\\vendor\\laravel\\framework\\src\\Illuminate\\Routing\\Router.php(729): Illuminate\\Routing\\Router->dispatchToRoute(Object(Illuminate\\Http\\Request))
#37 C:\\xampp\\htdocs\\its-tni\\vendor\\laravel\\framework\\src\\Illuminate\\Foundation\\Http\\Kernel.php(200): Illuminate\\Routing\\Router->dispatch(Object(Illuminate\\Http\\Request))
#38 C:\\xampp\\htdocs\\its-tni\\vendor\\laravel\\framework\\src\\Illuminate\\Pipeline\\Pipeline.php(141): Illuminate\\Foundation\\Http\\Kernel->Illuminate\\Foundation\\Http\\{closure}(Object(Illuminate\\Http\\Request))
#39 C:\\xampp\\htdocs\\its-tni\\vendor\\laravel\\framework\\src\\Illuminate\\Foundation\\Http\\Middleware\\TransformsRequest.php(21): Illuminate\\Pipeline\\Pipeline->Illuminate\\Pipeline\\{closure}(Object(Illuminate\\Http\\Request))
#40 C:\\xampp\\htdocs\\its-tni\\vendor\\laravel\\framework\\src\\Illuminate\\Foundation\\Http\\Middleware\\ConvertEmptyStringsToNull.php(31): Illuminate\\Foundation\\Http\\Middleware\\TransformsRequest->handle(Object(Illuminate\\Http\\Request), Object(Closure))
#41 C:\\xampp\\htdocs\\its-tni\\vendor\\laravel\\framework\\src\\Illuminate\\Pipeline\\Pipeline.php(180): Illuminate\\Foundation\\Http\\Middleware\\ConvertEmptyStringsToNull->handle(Object(Illuminate\\Http\\Request), Object(Closure))
#42 C:\\xampp\\htdocs\\its-tni\\vendor\\laravel\\framework\\src\\Illuminate\\Foundation\\Http\\Middleware\\TransformsRequest.php(21): Illuminate\\Pipeline\\Pipeline->Illuminate\\Pipeline\\{closure}(Object(Illuminate\\Http\\Request))
#43 C:\\xampp\\htdocs\\its-tni\\vendor\\laravel\\framework\\src\\Illuminate\\Foundation\\Http\\Middleware\\TrimStrings.php(40): Illuminate\\Foundation\\Http\\Middleware\\TransformsRequest->handle(Object(Illuminate\\Http\\Request), Object(Closure))
#44 C:\\xampp\\htdocs\\its-tni\\vendor\\laravel\\framework\\src\\Illuminate\\Pipeline\\Pipeline.php(180): Illuminate\\Foundation\\Http\\Middleware\\TrimStrings->handle(Object(Illuminate\\Http\\Request), Object(Closure))
#45 C:\\xampp\\htdocs\\its-tni\\vendor\\laravel\\framework\\src\\Illuminate\\Foundation\\Http\\Middleware\\ValidatePostSize.php(27): Illuminate\\Pipeline\\Pipeline->Illuminate\\Pipeline\\{closure}(Object(Illuminate\\Http\\Request))
#46 C:\\xampp\\htdocs\\its-tni\\vendor\\laravel\\framework\\src\\Illuminate\\Pipeline\\Pipeline.php(180): Illuminate\\Foundation\\Http\\Middleware\\ValidatePostSize->handle(Object(Illuminate\\Http\\Request), Object(Closure))
#47 C:\\xampp\\htdocs\\its-tni\\vendor\\laravel\\framework\\src\\Illuminate\\Foundation\\Http\\Middleware\\PreventRequestsDuringMaintenance.php(86): Illuminate\\Pipeline\\Pipeline->Illuminate\\Pipeline\\{closure}(Object(Illuminate\\Http\\Request))
#48 C:\\xampp\\htdocs\\its-tni\\vendor\\laravel\\framework\\src\\Illuminate\\Pipeline\\Pipeline.php(180): Illuminate\\Foundation\\Http\\Middleware\\PreventRequestsDuringMaintenance->handle(Object(Illuminate\\Http\\Request), Object(Closure))
#49 C:\\xampp\\htdocs\\its-tni\\vendor\\laravel\\framework\\src\\Illuminate\\Http\\Middleware\\HandleCors.php(49): Illuminate\\Pipeline\\Pipeline->Illuminate\\Pipeline\\{closure}(Object(Illuminate\\Http\\Request))
#50 C:\\xampp\\htdocs\\its-tni\\vendor\\laravel\\framework\\src\\Illuminate\\Pipeline\\Pipeline.php(180): Illuminate\\Http\\Middleware\\HandleCors->handle(Object(Illuminate\\Http\\Request), Object(Closure))
#51 C:\\xampp\\htdocs\\its-tni\\vendor\\laravel\\framework\\src\\Illuminate\\Http\\Middleware\\TrustProxies.php(39): Illuminate\\Pipeline\\Pipeline->Illuminate\\Pipeline\\{closure}(Object(Illuminate\\Http\\Request))
#52 C:\\xampp\\htdocs\\its-tni\\vendor\\laravel\\framework\\src\\Illuminate\\Pipeline\\Pipeline.php(180): Illuminate\\Http\\Middleware\\TrustProxies->handle(Object(Illuminate\\Http\\Request), Object(Closure))
#53 C:\\xampp\\htdocs\\its-tni\\vendor\\laravel\\framework\\src\\Illuminate\\Pipeline\\Pipeline.php(116): Illuminate\\Pipeline\\Pipeline->Illuminate\\Pipeline\\{closure}(Object(Illuminate\\Http\\Request))
#54 C:\\xampp\\htdocs\\its-tni\\vendor\\laravel\\framework\\src\\Illuminate\\Foundation\\Http\\Kernel.php(175): Illuminate\\Pipeline\\Pipeline->then(Object(Closure))
#55 C:\\xampp\\htdocs\\its-tni\\vendor\\laravel\\framework\\src\\Illuminate\\Foundation\\Http\\Kernel.php(144): Illuminate\\Foundation\\Http\\Kernel->sendRequestThroughRouter(Object(Illuminate\\Http\\Request))
#56 C:\\xampp\\htdocs\\its-tni\\public\\index.php(54): Illuminate\\Foundation\\Http\\Kernel->handle(Object(Illuminate\\Http\\Request))
#57 {main}
"} 
[2024-07-12 01:18:49] local.ERROR: htmlspecialchars(): Argument #1 ($string) must be of type string, Laminas\Db\ResultSet\ResultSet given {"view":{"view":"C:\\xampp\\htdocs\\its-tni\\resources\\views\\student\\course\\class.blade.php","data":{"errors":"<pre class=sf-dump id=sf-dump-164964306 data-indent-pad=\"  \"><span class=sf-dump-note>Illuminate\\Support\\ViewErrorBag</span> {<a class=sf-dump-ref>#2297</a><samp data-depth=1 class=sf-dump-expanded>
  #<span class=sf-dump-protected title=\"Protected property\">bags</span>: []
</samp>}
</pre><script>Sfdump(\"sf-dump-164964306\", {\"maxDepth\":3,\"maxStringLength\":160})</script>
","pageTitle":"<pre class=sf-dump id=sf-dump-435513487 data-indent-pad=\"  \">\"<span class=sf-dump-str title=\"29 characters\">Kelas : Pengenalan IOT Visual</span>\"
</pre><script>Sfdump(\"sf-dump-435513487\", {\"maxDepth\":3,\"maxStringLength\":160})</script>
","lectures":"<pre class=sf-dump id=sf-dump-1990893936 data-indent-pad=\"  \"><span class=sf-dump-note>Laminas\\Db\\ResultSet\\ResultSet</span> {<a class=sf-dump-ref>#2509</a><samp data-depth=1 class=sf-dump-expanded>
  #<span class=sf-dump-protected title=\"Protected property\">buffer</span>: []
  #<span class=sf-dump-protected title=\"Protected property\">count</span>: <span class=sf-dump-const>null</span>
  #<span class=sf-dump-protected title=\"Protected property\">dataSource</span>: <span class=sf-dump-note title=\"Laminas\\Db\\Adapter\\Driver\\Pdo\\Result
\"><span class=\"sf-dump-ellipsis sf-dump-ellipsis-note\">Laminas\\Db\\Adapter\\Driver\\Pdo</span><span class=\"sf-dump-ellipsis sf-dump-ellipsis-note\">\\</span>Result</span> {<a class=sf-dump-ref>#2508</a><samp data-depth=2 class=sf-dump-compact>
    #<span class=sf-dump-protected title=\"Protected property\">statementMode</span>: \"<span class=sf-dump-str title=\"7 characters\">forward</span>\"
    #<span class=sf-dump-protected title=\"Protected property\">fetchMode</span>: <span class=sf-dump-num>2</span>
    #<span class=sf-dump-protected title=\"Protected property\">resource</span>: <span class=sf-dump-note>PDOStatement</span> {<a class=sf-dump-ref>#2510</a><samp data-depth=3 class=sf-dump-compact>
      +<span class=sf-dump-public title=\"Public property\">queryString</span>: \"<span class=sf-dump-str title=\"89 characters\">SELECT `lectures`.* FROM `lectures` WHERE `lesson_id` = :where1 ORDER BY `sort_order` ASC</span>\"
    </samp>}
    #<span class=sf-dump-protected title=\"Protected property\">options</span>: <span class=sf-dump-const>null</span>
    #<span class=sf-dump-protected title=\"Protected property\">currentComplete</span>: <span class=sf-dump-const>true</span>
    #<span class=sf-dump-protected title=\"Protected property\">currentData</span>: <span class=sf-dump-const>false</span>
    #<span class=sf-dump-protected title=\"Protected property\">position</span>: <span class=sf-dump-num>0</span>
    #<span class=sf-dump-protected title=\"Protected property\">generatedValue</span>: \"<span class=sf-dump-str>0</span>\"
    #<span class=sf-dump-protected title=\"Protected property\">rowCount</span>: <span class=sf-dump-const>null</span>
  </samp>}
  #<span class=sf-dump-protected title=\"Protected property\">fieldCount</span>: <span class=sf-dump-num>6</span>
  #<span class=sf-dump-protected title=\"Protected property\">position</span>: <span class=sf-dump-num>0</span>
  #<span class=sf-dump-protected title=\"Protected property\">allowedReturnTypes</span>: <span class=sf-dump-note>array:2</span> [<samp data-depth=2 class=sf-dump-compact>
    <span class=sf-dump-index>0</span> => \"<span class=sf-dump-str title=\"11 characters\">arrayobject</span>\"
    <span class=sf-dump-index>1</span> => \"<span class=sf-dump-str title=\"5 characters\">array</span>\"
  </samp>]
  #<span class=sf-dump-protected title=\"Protected property\">arrayObjectPrototype</span>: <span class=sf-dump-note>ArrayObject</span> {<a class=sf-dump-ref>#2503</a><samp data-depth=2 class=sf-dump-compact>
    -<span class=sf-dump-private title=\"Private property defined in class:&#10;`ArrayObject`\">storage</span>: []
    <span class=sf-dump-meta>flag::STD_PROP_LIST</span>: <span class=sf-dump-const>false</span>
    <span class=sf-dump-meta>flag::ARRAY_AS_PROPS</span>: <span class=sf-dump-const>true</span>
    <span class=sf-dump-meta>iteratorClass</span>: \"<span class=sf-dump-str title=\"13 characters\">ArrayIterator</span>\"
  </samp>}
  #<span class=sf-dump-protected title=\"Protected property\">returnType</span>: \"<span class=sf-dump-str title=\"11 characters\">arrayobject</span>\"
</samp>}
</pre><script>Sfdump(\"sf-dump-1990893936\", {\"maxDepth\":3,\"maxStringLength\":160})</script>
","lectureTable":"<pre class=sf-dump id=sf-dump-239082738 data-indent-pad=\"  \"><span class=sf-dump-note>App\\V2\\Model\\LectureTable</span> {<a class=sf-dump-ref>#2476</a><samp data-depth=1 class=sf-dump-expanded>
  #<span class=sf-dump-protected title=\"Protected property\">tableName</span>: \"<span class=sf-dump-str title=\"8 characters\">lectures</span>\"
  +<span class=sf-dump-public title=\"Public property\">tableGateway</span>: <span class=sf-dump-note title=\"Laminas\\Db\\TableGateway\\TableGateway
\"><span class=\"sf-dump-ellipsis sf-dump-ellipsis-note\">Laminas\\Db\\TableGateway</span><span class=\"sf-dump-ellipsis sf-dump-ellipsis-note\">\\</span>TableGateway</span> {<a class=sf-dump-ref href=#sf-dump-239082738-ref22439 title=\"2 occurrences\">#2439</a><samp data-depth=2 id=sf-dump-239082738-ref22439 class=sf-dump-compact>
    #<span class=sf-dump-protected title=\"Protected property\">isInitialized</span>: <span class=sf-dump-const>true</span>
    #<span class=sf-dump-protected title=\"Protected property\">adapter</span>: <span class=sf-dump-note title=\"Laminas\\Db\\Adapter\\Adapter
\"><span class=\"sf-dump-ellipsis sf-dump-ellipsis-note\">Laminas\\Db\\Adapter</span><span class=\"sf-dump-ellipsis sf-dump-ellipsis-note\">\\</span>Adapter</span> {<a class=sf-dump-ref href=#sf-dump-239082738-ref22310 title=\"4 occurrences\">#2310</a><samp data-depth=3 id=sf-dump-239082738-ref22310 class=sf-dump-compact>
      #<span class=sf-dump-protected title=\"Protected property\">driver</span>: <span class=sf-dump-note title=\"Laminas\\Db\\Adapter\\Driver\\Pdo\\Pdo
\"><span class=\"sf-dump-ellipsis sf-dump-ellipsis-note\">Laminas\\Db\\Adapter\\Driver\\Pdo</span><span class=\"sf-dump-ellipsis sf-dump-ellipsis-note\">\\</span>Pdo</span> {<a class=sf-dump-ref href=#sf-dump-239082738-ref22301 title=\"4 occurrences\">#2301</a> &#8230;5}
      #<span class=sf-dump-protected title=\"Protected property\">platform</span>: <span class=sf-dump-note title=\"Laminas\\Db\\Adapter\\Platform\\Mysql
\"><span class=\"sf-dump-ellipsis sf-dump-ellipsis-note\">Laminas\\Db\\Adapter\\Platform</span><span class=\"sf-dump-ellipsis sf-dump-ellipsis-note\">\\</span>Mysql</span> {<a class=sf-dump-ref href=#sf-dump-239082738-ref22312 title=\"2 occurrences\">#2312</a> &#8230;5}
      #<span class=sf-dump-protected title=\"Protected property\">profiler</span>: <span class=sf-dump-const>null</span>
      #<span class=sf-dump-protected title=\"Protected property\">queryResultSetPrototype</span>: <span class=sf-dump-note title=\"Laminas\\Db\\ResultSet\\ResultSet
\"><span class=\"sf-dump-ellipsis sf-dump-ellipsis-note\">Laminas\\Db\\ResultSet</span><span class=\"sf-dump-ellipsis sf-dump-ellipsis-note\">\\</span>ResultSet</span> {<a class=sf-dump-ref>#2326</a> &#8230;8}
      #<span class=sf-dump-protected title=\"Protected property\">lastPreparedStatement</span>: <span class=sf-dump-const>null</span>
    </samp>}
    #<span class=sf-dump-protected title=\"Protected property\">table</span>: \"<span class=sf-dump-str title=\"8 characters\">lectures</span>\"
    #<span class=sf-dump-protected title=\"Protected property\">columns</span>: []
    #<span class=sf-dump-protected title=\"Protected property\">featureSet</span>: <span class=sf-dump-note title=\"Laminas\\Db\\TableGateway\\Feature\\FeatureSet
\"><span class=\"sf-dump-ellipsis sf-dump-ellipsis-note\">Laminas\\Db\\TableGateway\\Feature</span><span class=\"sf-dump-ellipsis sf-dump-ellipsis-note\">\\</span>FeatureSet</span> {<a class=sf-dump-ref>#2477</a><samp data-depth=3 class=sf-dump-compact>
      #<span class=sf-dump-protected title=\"Protected property\">tableGateway</span>: <span class=sf-dump-note title=\"Laminas\\Db\\TableGateway\\TableGateway
\"><span class=\"sf-dump-ellipsis sf-dump-ellipsis-note\">Laminas\\Db\\TableGateway</span><span class=\"sf-dump-ellipsis sf-dump-ellipsis-note\">\\</span>TableGateway</span> {<a class=sf-dump-ref href=#sf-dump-239082738-ref22439 title=\"2 occurrences\">#2439</a>}
      #<span class=sf-dump-protected title=\"Protected property\">features</span>: []
      #<span class=sf-dump-protected title=\"Protected property\">magicSpecifications</span>: []
    </samp>}
    #<span class=sf-dump-protected title=\"Protected property\">resultSetPrototype</span>: <span class=sf-dump-note title=\"Laminas\\Db\\ResultSet\\ResultSet
\"><span class=\"sf-dump-ellipsis sf-dump-ellipsis-note\">Laminas\\Db\\ResultSet</span><span class=\"sf-dump-ellipsis sf-dump-ellipsis-note\">\\</span>ResultSet</span> {<a class=sf-dump-ref>#2502</a><samp data-depth=3 class=sf-dump-compact>
      #<span class=sf-dump-protected title=\"Protected property\">buffer</span>: <span class=sf-dump-const>null</span>
      #<span class=sf-dump-protected title=\"Protected property\">count</span>: <span class=sf-dump-const>null</span>
      #<span class=sf-dump-protected title=\"Protected property\">dataSource</span>: <span class=sf-dump-const>null</span>
      #<span class=sf-dump-protected title=\"Protected property\">fieldCount</span>: <span class=sf-dump-const>null</span>
      #<span class=sf-dump-protected title=\"Protected property\">position</span>: <span class=sf-dump-num>0</span>
      #<span class=sf-dump-protected title=\"Protected property\">allowedReturnTypes</span>: <span class=sf-dump-note>array:2</span> [ &#8230;2]
      #<span class=sf-dump-protected title=\"Protected property\">arrayObjectPrototype</span>: <span class=sf-dump-note>ArrayObject</span> {<a class=sf-dump-ref>#2503</a> &#8230;4}
      #<span class=sf-dump-protected title=\"Protected property\">returnType</span>: \"<span class=sf-dump-str title=\"11 characters\">arrayobject</span>\"
    </samp>}
    #<span class=sf-dump-protected title=\"Protected property\">sql</span>: <span class=sf-dump-note title=\"Laminas\\Db\\Sql\\Sql
\"><span class=\"sf-dump-ellipsis sf-dump-ellipsis-note\">Laminas\\Db\\Sql</span><span class=\"sf-dump-ellipsis sf-dump-ellipsis-note\">\\</span>Sql</span> {<a class=sf-dump-ref>#2504</a><samp data-depth=3 class=sf-dump-compact>
      #<span class=sf-dump-protected title=\"Protected property\">adapter</span>: <span class=sf-dump-note title=\"Laminas\\Db\\Adapter\\Adapter
\"><span class=\"sf-dump-ellipsis sf-dump-ellipsis-note\">Laminas\\Db\\Adapter</span><span class=\"sf-dump-ellipsis sf-dump-ellipsis-note\">\\</span>Adapter</span> {<a class=sf-dump-ref href=#sf-dump-239082738-ref22310 title=\"4 occurrences\">#2310</a>}
      #<span class=sf-dump-protected title=\"Protected property\">table</span>: \"<span class=sf-dump-str title=\"8 characters\">lectures</span>\"
      #<span class=sf-dump-protected title=\"Protected property\">sqlPlatform</span>: <span class=sf-dump-note title=\"Laminas\\Db\\Sql\\Platform\\Platform
\"><span class=\"sf-dump-ellipsis sf-dump-ellipsis-note\">Laminas\\Db\\Sql\\Platform</span><span class=\"sf-dump-ellipsis sf-dump-ellipsis-note\">\\</span>Platform</span> {<a class=sf-dump-ref>#2505</a> &#8230;4}
    </samp>}
    #<span class=sf-dump-protected title=\"Protected property\">lastInsertValue</span>: <span class=sf-dump-const>null</span>
  </samp>}
  #<span class=sf-dump-protected title=\"Protected property\">serviceLocator</span>: <span class=sf-dump-note title=\"Laminas\\ServiceManager\\ServiceManager
\"><span class=\"sf-dump-ellipsis sf-dump-ellipsis-note\">Laminas\\ServiceManager</span><span class=\"sf-dump-ellipsis sf-dump-ellipsis-note\">\\</span>ServiceManager</span> {<a class=sf-dump-ref href=#sf-dump-239082738-ref21222 title=\"2 occurrences\">#1222</a><samp data-depth=2 id=sf-dump-239082738-ref21222 class=sf-dump-compact>
    #<span class=sf-dump-protected title=\"Protected property\">abstractFactories</span>: []
    #<span class=sf-dump-protected title=\"Protected property\">aliases</span>: []
    #<span class=sf-dump-protected title=\"Protected property\">allowOverride</span>: <span class=sf-dump-const>false</span>
    #<span class=sf-dump-protected title=\"Protected property\">creationContext</span>: <span class=sf-dump-note title=\"Laminas\\ServiceManager\\ServiceManager
\"><span class=\"sf-dump-ellipsis sf-dump-ellipsis-note\">Laminas\\ServiceManager</span><span class=\"sf-dump-ellipsis sf-dump-ellipsis-note\">\\</span>ServiceManager</span> {<a class=sf-dump-ref href=#sf-dump-239082738-ref21222 title=\"2 occurrences\">#1222</a>}
    #<span class=sf-dump-protected title=\"Protected property\">delegators</span>: []
    #<span class=sf-dump-protected title=\"Protected property\">factories</span>: <span class=sf-dump-note>array:1</span> [<samp data-depth=3 class=sf-dump-compact>
      \"<span class=sf-dump-key>Laminas\\Db\\Adapter\\Adapter</span>\" => <span class=sf-dump-note>Closure($sm)</span> {<a class=sf-dump-ref>#1223</a> &#8230;3}
    </samp>]
    #<span class=sf-dump-protected title=\"Protected property\">initializers</span>: []
    #<span class=sf-dump-protected title=\"Protected property\">lazyServices</span>: []
    -<span class=sf-dump-private title=\"Private property defined in class:&#10;`Laminas\\ServiceManager\\ServiceManager`\">lazyServicesDelegator</span>: <span class=sf-dump-const>null</span>
    #<span class=sf-dump-protected title=\"Protected property\">services</span>: <span class=sf-dump-note>array:1</span> [<samp data-depth=3 class=sf-dump-compact>
      \"<span class=sf-dump-key>Laminas\\Db\\Adapter\\Adapter</span>\" => <span class=sf-dump-note title=\"Laminas\\Db\\Adapter\\Adapter
\"><span class=\"sf-dump-ellipsis sf-dump-ellipsis-note\">Laminas\\Db\\Adapter</span><span class=\"sf-dump-ellipsis sf-dump-ellipsis-note\">\\</span>Adapter</span> {<a class=sf-dump-ref href=#sf-dump-239082738-ref22310 title=\"4 occurrences\">#2310</a>}
    </samp>]
    #<span class=sf-dump-protected title=\"Protected property\">shared</span>: []
    #<span class=sf-dump-protected title=\"Protected property\">sharedByDefault</span>: <span class=sf-dump-const>true</span>
    #<span class=sf-dump-protected title=\"Protected property\">configured</span>: <span class=sf-dump-const>true</span>
    -<span class=sf-dump-private title=\"Private property defined in class:&#10;`Laminas\\ServiceManager\\ServiceManager`\">cachedAbstractFactories</span>: []
  </samp>}
  #<span class=sf-dump-protected title=\"Protected property\">primary</span>: \"<span class=sf-dump-str title=\"2 characters\">id</span>\"
  #<span class=sf-dump-protected title=\"Protected property\">adapter</span>: <span class=sf-dump-note title=\"Laminas\\Db\\Adapter\\Adapter
\"><span class=\"sf-dump-ellipsis sf-dump-ellipsis-note\">Laminas\\Db\\Adapter</span><span class=\"sf-dump-ellipsis sf-dump-ellipsis-note\">\\</span>Adapter</span> {<a class=sf-dump-ref href=#sf-dump-239082738-ref22310 title=\"4 occurrences\">#2310</a>}
  #<span class=sf-dump-protected title=\"Protected property\">inputFilter</span>: <span class=sf-dump-const>null</span>
  +<span class=sf-dump-public title=\"Public property\">db</span>: <span class=sf-dump-const>null</span>
  +<span class=sf-dump-public title=\"Public property\">config</span>: <span class=sf-dump-const>null</span>
  +<span class=sf-dump-public title=\"Public property\">cache</span>: <span class=sf-dump-const>null</span>
  #<span class=sf-dump-protected title=\"Protected property\">accountId</span>: <span class=sf-dump-const>false</span>
  #<span class=sf-dump-protected title=\"Protected property\">prefix</span>: \"\"
  #<span class=sf-dump-protected title=\"Protected property\">timeStamp</span>: <span class=sf-dump-const>true</span>
</samp>}
</pre><script>Sfdump(\"sf-dump-239082738\", {\"maxDepth\":3,\"maxStringLength\":160})</script>
","classRow":"<pre class=sf-dump id=sf-dump-1232290819 data-indent-pad=\"  \"><span class=sf-dump-note>ArrayObject</span> {<a class=sf-dump-ref>#2501</a><samp data-depth=1 class=sf-dump-expanded>
  -<span class=sf-dump-private title=\"Private property defined in class:&#10;`ArrayObject`\">storage</span>: <span class=sf-dump-note>array:13</span> [<samp data-depth=2 class=sf-dump-compact>
    \"<span class=sf-dump-key>id</span>\" => <span class=sf-dump-num>24</span>
    \"<span class=sf-dump-key>created_at</span>\" => \"<span class=sf-dump-str title=\"19 characters\">2024-07-11 08:52:30</span>\"
    \"<span class=sf-dump-key>updated_at</span>\" => \"<span class=sf-dump-str title=\"19 characters\">2024-07-11 08:52:30</span>\"
    \"<span class=sf-dump-key>name</span>\" => \"<span class=sf-dump-str title=\"21 characters\">Pengenalan IOT Visual</span>\"
    \"<span class=sf-dump-key>admin_id</span>\" => <span class=sf-dump-num>2</span>
    \"<span class=sf-dump-key>picture</span>\" => <span class=sf-dump-const>null</span>
    \"<span class=sf-dump-key>description</span>\" => \"<span class=sf-dump-str title=\"89 characters\">&lt;p&gt;Ini adalah materi pengenalan IOT dengan menggunakan pendekatan gaya belajar Visual&lt;/p&gt;</span>\"
    \"<span class=sf-dump-key>sort_order</span>\" => <span class=sf-dump-const>null</span>
    \"<span class=sf-dump-key>test_required</span>\" => <span class=sf-dump-const>null</span>
    \"<span class=sf-dump-key>test_id</span>\" => <span class=sf-dump-const>null</span>
    \"<span class=sf-dump-key>type</span>\" => \"<span class=sf-dump-str>c</span>\"
    \"<span class=sf-dump-key>introduction</span>\" => \"<span class=sf-dump-str title=\"109 characters\">&lt;p&gt;Pengantar untuk pengenalan materi Internet Of Things dengan menggunakan pendekatan gaya belajar visual&lt;/p&gt;</span>\"
    \"<span class=sf-dump-key>enforce_lecture_order</span>\" => <span class=sf-dump-num>1</span>
  </samp>]
  <span class=sf-dump-meta>flag::STD_PROP_LIST</span>: <span class=sf-dump-const>false</span>
  <span class=sf-dump-meta>flag::ARRAY_AS_PROPS</span>: <span class=sf-dump-const>true</span>
  <span class=sf-dump-meta>iteratorClass</span>: \"<span class=sf-dump-str title=\"13 characters\">ArrayIterator</span>\"
</samp>}
</pre><script>Sfdump(\"sf-dump-1232290819\", {\"maxDepth\":3,\"maxStringLength\":160})</script>
","downloads":"<pre class=sf-dump id=sf-dump-535994071 data-indent-pad=\"  \"><span class=sf-dump-note>Laminas\\Db\\ResultSet\\ResultSet</span> {<a class=sf-dump-ref>#2574</a><samp data-depth=1 class=sf-dump-expanded>
  #<span class=sf-dump-protected title=\"Protected property\">buffer</span>: []
  #<span class=sf-dump-protected title=\"Protected property\">count</span>: <span class=sf-dump-const>null</span>
  #<span class=sf-dump-protected title=\"Protected property\">dataSource</span>: <span class=sf-dump-note title=\"Laminas\\Db\\Adapter\\Driver\\Pdo\\Result
\"><span class=\"sf-dump-ellipsis sf-dump-ellipsis-note\">Laminas\\Db\\Adapter\\Driver\\Pdo</span><span class=\"sf-dump-ellipsis sf-dump-ellipsis-note\">\\</span>Result</span> {<a class=sf-dump-ref>#2573</a><samp data-depth=2 class=sf-dump-compact>
    #<span class=sf-dump-protected title=\"Protected property\">statementMode</span>: \"<span class=sf-dump-str title=\"7 characters\">forward</span>\"
    #<span class=sf-dump-protected title=\"Protected property\">fetchMode</span>: <span class=sf-dump-num>2</span>
    #<span class=sf-dump-protected title=\"Protected property\">resource</span>: <span class=sf-dump-note>PDOStatement</span> {<a class=sf-dump-ref>#2575</a><samp data-depth=3 class=sf-dump-compact>
      +<span class=sf-dump-public title=\"Public property\">queryString</span>: \"<span class=sf-dump-str title=\"90 characters\">SELECT `lesson_files`.* FROM `lesson_files` WHERE `lesson_id` = :where1 ORDER BY `id` DESC</span>\"
    </samp>}
    #<span class=sf-dump-protected title=\"Protected property\">options</span>: <span class=sf-dump-const>null</span>
    #<span class=sf-dump-protected title=\"Protected property\">currentComplete</span>: <span class=sf-dump-const>true</span>
    #<span class=sf-dump-protected title=\"Protected property\">currentData</span>: <span class=sf-dump-const>false</span>
    #<span class=sf-dump-protected title=\"Protected property\">position</span>: <span class=sf-dump-num>0</span>
    #<span class=sf-dump-protected title=\"Protected property\">generatedValue</span>: \"<span class=sf-dump-str>0</span>\"
    #<span class=sf-dump-protected title=\"Protected property\">rowCount</span>: <span class=sf-dump-const>null</span>
  </samp>}
  #<span class=sf-dump-protected title=\"Protected property\">fieldCount</span>: <span class=sf-dump-num>6</span>
  #<span class=sf-dump-protected title=\"Protected property\">position</span>: <span class=sf-dump-num>0</span>
  #<span class=sf-dump-protected title=\"Protected property\">allowedReturnTypes</span>: <span class=sf-dump-note>array:2</span> [<samp data-depth=2 class=sf-dump-compact>
    <span class=sf-dump-index>0</span> => \"<span class=sf-dump-str title=\"11 characters\">arrayobject</span>\"
    <span class=sf-dump-index>1</span> => \"<span class=sf-dump-str title=\"5 characters\">array</span>\"
  </samp>]
  #<span class=sf-dump-protected title=\"Protected property\">arrayObjectPrototype</span>: <span class=sf-dump-note>ArrayObject</span> {<a class=sf-dump-ref>#2541</a><samp data-depth=2 class=sf-dump-compact>
    -<span class=sf-dump-private title=\"Private property defined in class:&#10;`ArrayObject`\">storage</span>: []
    <span class=sf-dump-meta>flag::STD_PROP_LIST</span>: <span class=sf-dump-const>false</span>
    <span class=sf-dump-meta>flag::ARRAY_AS_PROPS</span>: <span class=sf-dump-const>true</span>
    <span class=sf-dump-meta>iteratorClass</span>: \"<span class=sf-dump-str title=\"13 characters\">ArrayIterator</span>\"
  </samp>}
  #<span class=sf-dump-protected title=\"Protected property\">returnType</span>: \"<span class=sf-dump-str title=\"11 characters\">arrayobject</span>\"
</samp>}
</pre><script>Sfdump(\"sf-dump-535994071\", {\"maxDepth\":3,\"maxStringLength\":160})</script>
","fileTable":"<pre class=sf-dump id=sf-dump-814480794 data-indent-pad=\"  \"><span class=sf-dump-note>App\\V2\\Model\\LessonFileTable</span> {<a class=sf-dump-ref>#2564</a><samp data-depth=1 class=sf-dump-expanded>
  #<span class=sf-dump-protected title=\"Protected property\">tableName</span>: \"<span class=sf-dump-str title=\"12 characters\">lesson_files</span>\"
  +<span class=sf-dump-public title=\"Public property\">tableGateway</span>: <span class=sf-dump-note title=\"Laminas\\Db\\TableGateway\\TableGateway
\"><span class=\"sf-dump-ellipsis sf-dump-ellipsis-note\">Laminas\\Db\\TableGateway</span><span class=\"sf-dump-ellipsis sf-dump-ellipsis-note\">\\</span>TableGateway</span> {<a class=sf-dump-ref href=#sf-dump-814480794-ref22559 title=\"2 occurrences\">#2559</a><samp data-depth=2 id=sf-dump-814480794-ref22559 class=sf-dump-compact>
    #<span class=sf-dump-protected title=\"Protected property\">isInitialized</span>: <span class=sf-dump-const>true</span>
    #<span class=sf-dump-protected title=\"Protected property\">adapter</span>: <span class=sf-dump-note title=\"Laminas\\Db\\Adapter\\Adapter
\"><span class=\"sf-dump-ellipsis sf-dump-ellipsis-note\">Laminas\\Db\\Adapter</span><span class=\"sf-dump-ellipsis sf-dump-ellipsis-note\">\\</span>Adapter</span> {<a class=sf-dump-ref href=#sf-dump-814480794-ref22310 title=\"4 occurrences\">#2310</a><samp data-depth=3 id=sf-dump-814480794-ref22310 class=sf-dump-compact>
      #<span class=sf-dump-protected title=\"Protected property\">driver</span>: <span class=sf-dump-note title=\"Laminas\\Db\\Adapter\\Driver\\Pdo\\Pdo
\"><span class=\"sf-dump-ellipsis sf-dump-ellipsis-note\">Laminas\\Db\\Adapter\\Driver\\Pdo</span><span class=\"sf-dump-ellipsis sf-dump-ellipsis-note\">\\</span>Pdo</span> {<a class=sf-dump-ref href=#sf-dump-814480794-ref22301 title=\"4 occurrences\">#2301</a> &#8230;5}
      #<span class=sf-dump-protected title=\"Protected property\">platform</span>: <span class=sf-dump-note title=\"Laminas\\Db\\Adapter\\Platform\\Mysql
\"><span class=\"sf-dump-ellipsis sf-dump-ellipsis-note\">Laminas\\Db\\Adapter\\Platform</span><span class=\"sf-dump-ellipsis sf-dump-ellipsis-note\">\\</span>Mysql</span> {<a class=sf-dump-ref href=#sf-dump-814480794-ref22312 title=\"2 occurrences\">#2312</a> &#8230;5}
      #<span class=sf-dump-protected title=\"Protected property\">profiler</span>: <span class=sf-dump-const>null</span>
      #<span class=sf-dump-protected title=\"Protected property\">queryResultSetPrototype</span>: <span class=sf-dump-note title=\"Laminas\\Db\\ResultSet\\ResultSet
\"><span class=\"sf-dump-ellipsis sf-dump-ellipsis-note\">Laminas\\Db\\ResultSet</span><span class=\"sf-dump-ellipsis sf-dump-ellipsis-note\">\\</span>ResultSet</span> {<a class=sf-dump-ref>#2326</a> &#8230;8}
      #<span class=sf-dump-protected title=\"Protected property\">lastPreparedStatement</span>: <span class=sf-dump-const>null</span>
    </samp>}
    #<span class=sf-dump-protected title=\"Protected property\">table</span>: \"<span class=sf-dump-str title=\"12 characters\">lesson_files</span>\"
    #<span class=sf-dump-protected title=\"Protected property\">columns</span>: []
    #<span class=sf-dump-protected title=\"Protected property\">featureSet</span>: <span class=sf-dump-note title=\"Laminas\\Db\\TableGateway\\Feature\\FeatureSet
\"><span class=\"sf-dump-ellipsis sf-dump-ellipsis-note\">Laminas\\Db\\TableGateway\\Feature</span><span class=\"sf-dump-ellipsis sf-dump-ellipsis-note\">\\</span>FeatureSet</span> {<a class=sf-dump-ref>#2554</a><samp data-depth=3 class=sf-dump-compact>
      #<span class=sf-dump-protected title=\"Protected property\">tableGateway</span>: <span class=sf-dump-note title=\"Laminas\\Db\\TableGateway\\TableGateway
\"><span class=\"sf-dump-ellipsis sf-dump-ellipsis-note\">Laminas\\Db\\TableGateway</span><span class=\"sf-dump-ellipsis sf-dump-ellipsis-note\">\\</span>TableGateway</span> {<a class=sf-dump-ref href=#sf-dump-814480794-ref22559 title=\"2 occurrences\">#2559</a>}
      #<span class=sf-dump-protected title=\"Protected property\">features</span>: []
      #<span class=sf-dump-protected title=\"Protected property\">magicSpecifications</span>: []
    </samp>}
    #<span class=sf-dump-protected title=\"Protected property\">resultSetPrototype</span>: <span class=sf-dump-note title=\"Laminas\\Db\\ResultSet\\ResultSet
\"><span class=\"sf-dump-ellipsis sf-dump-ellipsis-note\">Laminas\\Db\\ResultSet</span><span class=\"sf-dump-ellipsis sf-dump-ellipsis-note\">\\</span>ResultSet</span> {<a class=sf-dump-ref>#2548</a><samp data-depth=3 class=sf-dump-compact>
      #<span class=sf-dump-protected title=\"Protected property\">buffer</span>: <span class=sf-dump-const>null</span>
      #<span class=sf-dump-protected title=\"Protected property\">count</span>: <span class=sf-dump-const>null</span>
      #<span class=sf-dump-protected title=\"Protected property\">dataSource</span>: <span class=sf-dump-const>null</span>
      #<span class=sf-dump-protected title=\"Protected property\">fieldCount</span>: <span class=sf-dump-const>null</span>
      #<span class=sf-dump-protected title=\"Protected property\">position</span>: <span class=sf-dump-num>0</span>
      #<span class=sf-dump-protected title=\"Protected property\">allowedReturnTypes</span>: <span class=sf-dump-note>array:2</span> [ &#8230;2]
      #<span class=sf-dump-protected title=\"Protected property\">arrayObjectPrototype</span>: <span class=sf-dump-note>ArrayObject</span> {<a class=sf-dump-ref>#2541</a> &#8230;4}
      #<span class=sf-dump-protected title=\"Protected property\">returnType</span>: \"<span class=sf-dump-str title=\"11 characters\">arrayobject</span>\"
    </samp>}
    #<span class=sf-dump-protected title=\"Protected property\">sql</span>: <span class=sf-dump-note title=\"Laminas\\Db\\Sql\\Sql
\"><span class=\"sf-dump-ellipsis sf-dump-ellipsis-note\">Laminas\\Db\\Sql</span><span class=\"sf-dump-ellipsis sf-dump-ellipsis-note\">\\</span>Sql</span> {<a class=sf-dump-ref>#2569</a><samp data-depth=3 class=sf-dump-compact>
      #<span class=sf-dump-protected title=\"Protected property\">adapter</span>: <span class=sf-dump-note title=\"Laminas\\Db\\Adapter\\Adapter
\"><span class=\"sf-dump-ellipsis sf-dump-ellipsis-note\">Laminas\\Db\\Adapter</span><span class=\"sf-dump-ellipsis sf-dump-ellipsis-note\">\\</span>Adapter</span> {<a class=sf-dump-ref href=#sf-dump-814480794-ref22310 title=\"4 occurrences\">#2310</a>}
      #<span class=sf-dump-protected title=\"Protected property\">table</span>: \"<span class=sf-dump-str title=\"12 characters\">lesson_files</span>\"
      #<span class=sf-dump-protected title=\"Protected property\">sqlPlatform</span>: <span class=sf-dump-note title=\"Laminas\\Db\\Sql\\Platform\\Platform
\"><span class=\"sf-dump-ellipsis sf-dump-ellipsis-note\">Laminas\\Db\\Sql\\Platform</span><span class=\"sf-dump-ellipsis sf-dump-ellipsis-note\">\\</span>Platform</span> {<a class=sf-dump-ref>#2570</a> &#8230;4}
    </samp>}
    #<span class=sf-dump-protected title=\"Protected property\">lastInsertValue</span>: <span class=sf-dump-const>null</span>
  </samp>}
  #<span class=sf-dump-protected title=\"Protected property\">serviceLocator</span>: <span class=sf-dump-note title=\"Laminas\\ServiceManager\\ServiceManager
\"><span class=\"sf-dump-ellipsis sf-dump-ellipsis-note\">Laminas\\ServiceManager</span><span class=\"sf-dump-ellipsis sf-dump-ellipsis-note\">\\</span>ServiceManager</span> {<a class=sf-dump-ref href=#sf-dump-814480794-ref21222 title=\"2 occurrences\">#1222</a><samp data-depth=2 id=sf-dump-814480794-ref21222 class=sf-dump-compact>
    #<span class=sf-dump-protected title=\"Protected property\">abstractFactories</span>: []
    #<span class=sf-dump-protected title=\"Protected property\">aliases</span>: []
    #<span class=sf-dump-protected title=\"Protected property\">allowOverride</span>: <span class=sf-dump-const>false</span>
    #<span class=sf-dump-protected title=\"Protected property\">creationContext</span>: <span class=sf-dump-note title=\"Laminas\\ServiceManager\\ServiceManager
\"><span class=\"sf-dump-ellipsis sf-dump-ellipsis-note\">Laminas\\ServiceManager</span><span class=\"sf-dump-ellipsis sf-dump-ellipsis-note\">\\</span>ServiceManager</span> {<a class=sf-dump-ref href=#sf-dump-814480794-ref21222 title=\"2 occurrences\">#1222</a>}
    #<span class=sf-dump-protected title=\"Protected property\">delegators</span>: []
    #<span class=sf-dump-protected title=\"Protected property\">factories</span>: <span class=sf-dump-note>array:1</span> [<samp data-depth=3 class=sf-dump-compact>
      \"<span class=sf-dump-key>Laminas\\Db\\Adapter\\Adapter</span>\" => <span class=sf-dump-note>Closure($sm)</span> {<a class=sf-dump-ref>#1223</a> &#8230;3}
    </samp>]
    #<span class=sf-dump-protected title=\"Protected property\">initializers</span>: []
    #<span class=sf-dump-protected title=\"Protected property\">lazyServices</span>: []
    -<span class=sf-dump-private title=\"Private property defined in class:&#10;`Laminas\\ServiceManager\\ServiceManager`\">lazyServicesDelegator</span>: <span class=sf-dump-const>null</span>
    #<span class=sf-dump-protected title=\"Protected property\">services</span>: <span class=sf-dump-note>array:1</span> [<samp data-depth=3 class=sf-dump-compact>
      \"<span class=sf-dump-key>Laminas\\Db\\Adapter\\Adapter</span>\" => <span class=sf-dump-note title=\"Laminas\\Db\\Adapter\\Adapter
\"><span class=\"sf-dump-ellipsis sf-dump-ellipsis-note\">Laminas\\Db\\Adapter</span><span class=\"sf-dump-ellipsis sf-dump-ellipsis-note\">\\</span>Adapter</span> {<a class=sf-dump-ref href=#sf-dump-814480794-ref22310 title=\"4 occurrences\">#2310</a>}
    </samp>]
    #<span class=sf-dump-protected title=\"Protected property\">shared</span>: []
    #<span class=sf-dump-protected title=\"Protected property\">sharedByDefault</span>: <span class=sf-dump-const>true</span>
    #<span class=sf-dump-protected title=\"Protected property\">configured</span>: <span class=sf-dump-const>true</span>
    -<span class=sf-dump-private title=\"Private property defined in class:&#10;`Laminas\\ServiceManager\\ServiceManager`\">cachedAbstractFactories</span>: []
  </samp>}
  #<span class=sf-dump-protected title=\"Protected property\">primary</span>: \"<span class=sf-dump-str title=\"2 characters\">id</span>\"
  #<span class=sf-dump-protected title=\"Protected property\">adapter</span>: <span class=sf-dump-note title=\"Laminas\\Db\\Adapter\\Adapter
\"><span class=\"sf-dump-ellipsis sf-dump-ellipsis-note\">Laminas\\Db\\Adapter</span><span class=\"sf-dump-ellipsis sf-dump-ellipsis-note\">\\</span>Adapter</span> {<a class=sf-dump-ref href=#sf-dump-814480794-ref22310 title=\"4 occurrences\">#2310</a>}
  #<span class=sf-dump-protected title=\"Protected property\">inputFilter</span>: <span class=sf-dump-const>null</span>
  +<span class=sf-dump-public title=\"Public property\">db</span>: <span class=sf-dump-const>null</span>
  +<span class=sf-dump-public title=\"Public property\">config</span>: <span class=sf-dump-const>null</span>
  +<span class=sf-dump-public title=\"Public property\">cache</span>: <span class=sf-dump-const>null</span>
  #<span class=sf-dump-protected title=\"Protected property\">accountId</span>: <span class=sf-dump-const>false</span>
  #<span class=sf-dump-protected title=\"Protected property\">prefix</span>: \"\"
  #<span class=sf-dump-protected title=\"Protected property\">timeStamp</span>: <span class=sf-dump-const>true</span>
</samp>}
</pre><script>Sfdump(\"sf-dump-814480794\", {\"maxDepth\":3,\"maxStringLength\":160})</script>
","previous":"<pre class=sf-dump id=sf-dump-363583886 data-indent-pad=\"  \"><span class=sf-dump-const>false</span>
</pre><script>Sfdump(\"sf-dump-363583886\", {\"maxDepth\":3,\"maxStringLength\":160})</script>
","next":"<pre class=sf-dump id=sf-dump-1742371731 data-indent-pad=\"  \"><span class=sf-dump-const>false</span>
</pre><script>Sfdump(\"sf-dump-1742371731\", {\"maxDepth\":3,\"maxStringLength\":160})</script>
","lecturePageTable":"<pre class=sf-dump id=sf-dump-986520171 data-indent-pad=\"  \"><span class=sf-dump-note>App\\V2\\Model\\LecturePageTable</span> {<a class=sf-dump-ref>#2534</a><samp data-depth=1 class=sf-dump-expanded>
  #<span class=sf-dump-protected title=\"Protected property\">tableName</span>: \"<span class=sf-dump-str title=\"13 characters\">lecture_pages</span>\"
  +<span class=sf-dump-public title=\"Public property\">tableGateway</span>: <span class=sf-dump-note title=\"Laminas\\Db\\TableGateway\\TableGateway
\"><span class=\"sf-dump-ellipsis sf-dump-ellipsis-note\">Laminas\\Db\\TableGateway</span><span class=\"sf-dump-ellipsis sf-dump-ellipsis-note\">\\</span>TableGateway</span> {<a class=sf-dump-ref href=#sf-dump-986520171-ref22535 title=\"2 occurrences\">#2535</a><samp data-depth=2 id=sf-dump-986520171-ref22535 class=sf-dump-compact>
    #<span class=sf-dump-protected title=\"Protected property\">isInitialized</span>: <span class=sf-dump-const>true</span>
    #<span class=sf-dump-protected title=\"Protected property\">adapter</span>: <span class=sf-dump-note title=\"Laminas\\Db\\Adapter\\Adapter
\"><span class=\"sf-dump-ellipsis sf-dump-ellipsis-note\">Laminas\\Db\\Adapter</span><span class=\"sf-dump-ellipsis sf-dump-ellipsis-note\">\\</span>Adapter</span> {<a class=sf-dump-ref href=#sf-dump-986520171-ref22310 title=\"4 occurrences\">#2310</a><samp data-depth=3 id=sf-dump-986520171-ref22310 class=sf-dump-compact>
      #<span class=sf-dump-protected title=\"Protected property\">driver</span>: <span class=sf-dump-note title=\"Laminas\\Db\\Adapter\\Driver\\Pdo\\Pdo
\"><span class=\"sf-dump-ellipsis sf-dump-ellipsis-note\">Laminas\\Db\\Adapter\\Driver\\Pdo</span><span class=\"sf-dump-ellipsis sf-dump-ellipsis-note\">\\</span>Pdo</span> {<a class=sf-dump-ref href=#sf-dump-986520171-ref22301 title=\"4 occurrences\">#2301</a> &#8230;5}
      #<span class=sf-dump-protected title=\"Protected property\">platform</span>: <span class=sf-dump-note title=\"Laminas\\Db\\Adapter\\Platform\\Mysql
\"><span class=\"sf-dump-ellipsis sf-dump-ellipsis-note\">Laminas\\Db\\Adapter\\Platform</span><span class=\"sf-dump-ellipsis sf-dump-ellipsis-note\">\\</span>Mysql</span> {<a class=sf-dump-ref href=#sf-dump-986520171-ref22312 title=\"2 occurrences\">#2312</a> &#8230;5}
      #<span class=sf-dump-protected title=\"Protected property\">profiler</span>: <span class=sf-dump-const>null</span>
      #<span class=sf-dump-protected title=\"Protected property\">queryResultSetPrototype</span>: <span class=sf-dump-note title=\"Laminas\\Db\\ResultSet\\ResultSet
\"><span class=\"sf-dump-ellipsis sf-dump-ellipsis-note\">Laminas\\Db\\ResultSet</span><span class=\"sf-dump-ellipsis sf-dump-ellipsis-note\">\\</span>ResultSet</span> {<a class=sf-dump-ref>#2326</a> &#8230;8}
      #<span class=sf-dump-protected title=\"Protected property\">lastPreparedStatement</span>: <span class=sf-dump-const>null</span>
    </samp>}
    #<span class=sf-dump-protected title=\"Protected property\">table</span>: \"<span class=sf-dump-str title=\"13 characters\">lecture_pages</span>\"
    #<span class=sf-dump-protected title=\"Protected property\">columns</span>: []
    #<span class=sf-dump-protected title=\"Protected property\">featureSet</span>: <span class=sf-dump-note title=\"Laminas\\Db\\TableGateway\\Feature\\FeatureSet
\"><span class=\"sf-dump-ellipsis sf-dump-ellipsis-note\">Laminas\\Db\\TableGateway\\Feature</span><span class=\"sf-dump-ellipsis sf-dump-ellipsis-note\">\\</span>FeatureSet</span> {<a class=sf-dump-ref>#2536</a><samp data-depth=3 class=sf-dump-compact>
      #<span class=sf-dump-protected title=\"Protected property\">tableGateway</span>: <span class=sf-dump-note title=\"Laminas\\Db\\TableGateway\\TableGateway
\"><span class=\"sf-dump-ellipsis sf-dump-ellipsis-note\">Laminas\\Db\\TableGateway</span><span class=\"sf-dump-ellipsis sf-dump-ellipsis-note\">\\</span>TableGateway</span> {<a class=sf-dump-ref href=#sf-dump-986520171-ref22535 title=\"2 occurrences\">#2535</a>}
      #<span class=sf-dump-protected title=\"Protected property\">features</span>: []
      #<span class=sf-dump-protected title=\"Protected property\">magicSpecifications</span>: []
    </samp>}
    #<span class=sf-dump-protected title=\"Protected property\">resultSetPrototype</span>: <span class=sf-dump-note title=\"Laminas\\Db\\ResultSet\\ResultSet
\"><span class=\"sf-dump-ellipsis sf-dump-ellipsis-note\">Laminas\\Db\\ResultSet</span><span class=\"sf-dump-ellipsis sf-dump-ellipsis-note\">\\</span>ResultSet</span> {<a class=sf-dump-ref>#2537</a><samp data-depth=3 class=sf-dump-compact>
      #<span class=sf-dump-protected title=\"Protected property\">buffer</span>: <span class=sf-dump-const>null</span>
      #<span class=sf-dump-protected title=\"Protected property\">count</span>: <span class=sf-dump-const>null</span>
      #<span class=sf-dump-protected title=\"Protected property\">dataSource</span>: <span class=sf-dump-const>null</span>
      #<span class=sf-dump-protected title=\"Protected property\">fieldCount</span>: <span class=sf-dump-const>null</span>
      #<span class=sf-dump-protected title=\"Protected property\">position</span>: <span class=sf-dump-num>0</span>
      #<span class=sf-dump-protected title=\"Protected property\">allowedReturnTypes</span>: <span class=sf-dump-note>array:2</span> [ &#8230;2]
      #<span class=sf-dump-protected title=\"Protected property\">arrayObjectPrototype</span>: <span class=sf-dump-note>ArrayObject</span> {<a class=sf-dump-ref>#2538</a> &#8230;4}
      #<span class=sf-dump-protected title=\"Protected property\">returnType</span>: \"<span class=sf-dump-str title=\"11 characters\">arrayobject</span>\"
    </samp>}
    #<span class=sf-dump-protected title=\"Protected property\">sql</span>: <span class=sf-dump-note title=\"Laminas\\Db\\Sql\\Sql
\"><span class=\"sf-dump-ellipsis sf-dump-ellipsis-note\">Laminas\\Db\\Sql</span><span class=\"sf-dump-ellipsis sf-dump-ellipsis-note\">\\</span>Sql</span> {<a class=sf-dump-ref>#2539</a><samp data-depth=3 class=sf-dump-compact>
      #<span class=sf-dump-protected title=\"Protected property\">adapter</span>: <span class=sf-dump-note title=\"Laminas\\Db\\Adapter\\Adapter
\"><span class=\"sf-dump-ellipsis sf-dump-ellipsis-note\">Laminas\\Db\\Adapter</span><span class=\"sf-dump-ellipsis sf-dump-ellipsis-note\">\\</span>Adapter</span> {<a class=sf-dump-ref href=#sf-dump-986520171-ref22310 title=\"4 occurrences\">#2310</a>}
      #<span class=sf-dump-protected title=\"Protected property\">table</span>: \"<span class=sf-dump-str title=\"13 characters\">lecture_pages</span>\"
      #<span class=sf-dump-protected title=\"Protected property\">sqlPlatform</span>: <span class=sf-dump-note title=\"Laminas\\Db\\Sql\\Platform\\Platform
\"><span class=\"sf-dump-ellipsis sf-dump-ellipsis-note\">Laminas\\Db\\Sql\\Platform</span><span class=\"sf-dump-ellipsis sf-dump-ellipsis-note\">\\</span>Platform</span> {<a class=sf-dump-ref>#2540</a> &#8230;4}
    </samp>}
    #<span class=sf-dump-protected title=\"Protected property\">lastInsertValue</span>: <span class=sf-dump-const>null</span>
  </samp>}
  #<span class=sf-dump-protected title=\"Protected property\">serviceLocator</span>: <span class=sf-dump-note title=\"Laminas\\ServiceManager\\ServiceManager
\"><span class=\"sf-dump-ellipsis sf-dump-ellipsis-note\">Laminas\\ServiceManager</span><span class=\"sf-dump-ellipsis sf-dump-ellipsis-note\">\\</span>ServiceManager</span> {<a class=sf-dump-ref href=#sf-dump-986520171-ref21222 title=\"2 occurrences\">#1222</a><samp data-depth=2 id=sf-dump-986520171-ref21222 class=sf-dump-compact>
    #<span class=sf-dump-protected title=\"Protected property\">abstractFactories</span>: []
    #<span class=sf-dump-protected title=\"Protected property\">aliases</span>: []
    #<span class=sf-dump-protected title=\"Protected property\">allowOverride</span>: <span class=sf-dump-const>false</span>
    #<span class=sf-dump-protected title=\"Protected property\">creationContext</span>: <span class=sf-dump-note title=\"Laminas\\ServiceManager\\ServiceManager
\"><span class=\"sf-dump-ellipsis sf-dump-ellipsis-note\">Laminas\\ServiceManager</span><span class=\"sf-dump-ellipsis sf-dump-ellipsis-note\">\\</span>ServiceManager</span> {<a class=sf-dump-ref href=#sf-dump-986520171-ref21222 title=\"2 occurrences\">#1222</a>}
    #<span class=sf-dump-protected title=\"Protected property\">delegators</span>: []
    #<span class=sf-dump-protected title=\"Protected property\">factories</span>: <span class=sf-dump-note>array:1</span> [<samp data-depth=3 class=sf-dump-compact>
      \"<span class=sf-dump-key>Laminas\\Db\\Adapter\\Adapter</span>\" => <span class=sf-dump-note>Closure($sm)</span> {<a class=sf-dump-ref>#1223</a> &#8230;3}
    </samp>]
    #<span class=sf-dump-protected title=\"Protected property\">initializers</span>: []
    #<span class=sf-dump-protected title=\"Protected property\">lazyServices</span>: []
    -<span class=sf-dump-private title=\"Private property defined in class:&#10;`Laminas\\ServiceManager\\ServiceManager`\">lazyServicesDelegator</span>: <span class=sf-dump-const>null</span>
    #<span class=sf-dump-protected title=\"Protected property\">services</span>: <span class=sf-dump-note>array:1</span> [<samp data-depth=3 class=sf-dump-compact>
      \"<span class=sf-dump-key>Laminas\\Db\\Adapter\\Adapter</span>\" => <span class=sf-dump-note title=\"Laminas\\Db\\Adapter\\Adapter
\"><span class=\"sf-dump-ellipsis sf-dump-ellipsis-note\">Laminas\\Db\\Adapter</span><span class=\"sf-dump-ellipsis sf-dump-ellipsis-note\">\\</span>Adapter</span> {<a class=sf-dump-ref href=#sf-dump-986520171-ref22310 title=\"4 occurrences\">#2310</a>}
    </samp>]
    #<span class=sf-dump-protected title=\"Protected property\">shared</span>: []
    #<span class=sf-dump-protected title=\"Protected property\">sharedByDefault</span>: <span class=sf-dump-const>true</span>
    #<span class=sf-dump-protected title=\"Protected property\">configured</span>: <span class=sf-dump-const>true</span>
    -<span class=sf-dump-private title=\"Private property defined in class:&#10;`Laminas\\ServiceManager\\ServiceManager`\">cachedAbstractFactories</span>: []
  </samp>}
  #<span class=sf-dump-protected title=\"Protected property\">primary</span>: \"<span class=sf-dump-str title=\"2 characters\">id</span>\"
  #<span class=sf-dump-protected title=\"Protected property\">adapter</span>: <span class=sf-dump-note title=\"Laminas\\Db\\Adapter\\Adapter
\"><span class=\"sf-dump-ellipsis sf-dump-ellipsis-note\">Laminas\\Db\\Adapter</span><span class=\"sf-dump-ellipsis sf-dump-ellipsis-note\">\\</span>Adapter</span> {<a class=sf-dump-ref href=#sf-dump-986520171-ref22310 title=\"4 occurrences\">#2310</a>}
  #<span class=sf-dump-protected title=\"Protected property\">inputFilter</span>: <span class=sf-dump-const>null</span>
  +<span class=sf-dump-public title=\"Public property\">db</span>: <span class=sf-dump-const>null</span>
  +<span class=sf-dump-public title=\"Public property\">config</span>: <span class=sf-dump-const>null</span>
  +<span class=sf-dump-public title=\"Public property\">cache</span>: <span class=sf-dump-const>null</span>
  #<span class=sf-dump-protected title=\"Protected property\">accountId</span>: <span class=sf-dump-const>false</span>
  #<span class=sf-dump-protected title=\"Protected property\">prefix</span>: \"\"
  #<span class=sf-dump-protected title=\"Protected property\">timeStamp</span>: <span class=sf-dump-const>true</span>
</samp>}
</pre><script>Sfdump(\"sf-dump-986520171\", {\"maxDepth\":3,\"maxStringLength\":160})</script>
","sessionId":"<pre class=sf-dump id=sf-dump-1089699430 data-indent-pad=\"  \"><span class=sf-dump-num>13</span>
</pre><script>Sfdump(\"sf-dump-1089699430\", {\"maxDepth\":3,\"maxStringLength\":160})</script>
","course":"<pre class=sf-dump id=sf-dump-1093521293 data-indent-pad=\"  \"><span class=sf-dump-note>App\\Course</span> {<a class=sf-dump-ref>#2323</a><samp data-depth=1 class=sf-dump-expanded>
  #<span class=sf-dump-protected title=\"Protected property\">connection</span>: \"<span class=sf-dump-str title=\"5 characters\">mysql</span>\"
  #<span class=sf-dump-protected title=\"Protected property\">table</span>: \"<span class=sf-dump-str title=\"7 characters\">courses</span>\"
  #<span class=sf-dump-protected title=\"Protected property\">primaryKey</span>: \"<span class=sf-dump-str title=\"2 characters\">id</span>\"
  #<span class=sf-dump-protected title=\"Protected property\">keyType</span>: \"<span class=sf-dump-str title=\"3 characters\">int</span>\"
  +<span class=sf-dump-public title=\"Public property\">incrementing</span>: <span class=sf-dump-const>true</span>
  #<span class=sf-dump-protected title=\"Protected property\">with</span>: []
  #<span class=sf-dump-protected title=\"Protected property\">withCount</span>: []
  +<span class=sf-dump-public title=\"Public property\">preventsLazyLoading</span>: <span class=sf-dump-const>false</span>
  #<span class=sf-dump-protected title=\"Protected property\">perPage</span>: <span class=sf-dump-num>15</span>
  +<span class=sf-dump-public title=\"Public property\">exists</span>: <span class=sf-dump-const>true</span>
  +<span class=sf-dump-public title=\"Public property\">wasRecentlyCreated</span>: <span class=sf-dump-const>false</span>
  #<span class=sf-dump-protected title=\"Protected property\">escapeWhenCastingToString</span>: <span class=sf-dump-const>false</span>
  #<span class=sf-dump-protected title=\"Protected property\">attributes</span>: <span class=sf-dump-note>array:26</span> [<samp data-depth=2 class=sf-dump-compact>
    \"<span class=sf-dump-key>id</span>\" => <span class=sf-dump-num>13</span>
    \"<span class=sf-dump-key>created_at</span>\" => \"<span class=sf-dump-str title=\"19 characters\">2024-07-10 06:53:58</span>\"
    \"<span class=sf-dump-key>updated_at</span>\" => \"<span class=sf-dump-str title=\"19 characters\">2024-07-10 06:53:58</span>\"
    \"<span class=sf-dump-key>name</span>\" => \"<span class=sf-dump-str title=\"18 characters\">Internet Of Things</span>\"
    \"<span class=sf-dump-key>admin_id</span>\" => <span class=sf-dump-num>2</span>
    \"<span class=sf-dump-key>enabled</span>\" => <span class=sf-dump-num>1</span>
    \"<span class=sf-dump-key>start_date</span>\" => \"<span class=sf-dump-str title=\"19 characters\">0000-00-00 00:00:00</span>\"
    \"<span class=sf-dump-key>end_date</span>\" => <span class=sf-dump-const>null</span>
    \"<span class=sf-dump-key>enrollment_closes</span>\" => <span class=sf-dump-const>null</span>
    \"<span class=sf-dump-key>capacity</span>\" => <span class=sf-dump-const>null</span>
    \"<span class=sf-dump-key>payment_required</span>\" => <span class=sf-dump-num>0</span>
    \"<span class=sf-dump-key>fee</span>\" => <span class=sf-dump-const>null</span>
    \"<span class=sf-dump-key>description</span>\" => \"<span class=sf-dump-str title=\"118 characters\">&lt;p&gt;Ini adalah kelas dengan materi mata kuliah Internet Of Things dengan menggunakan pendekatan gaya belajar Visual&lt;/p&gt;</span>\"
    \"<span class=sf-dump-key>venue</span>\" => <span class=sf-dump-const>null</span>
    \"<span class=sf-dump-key>type</span>\" => \"<span class=sf-dump-str>c</span>\"
    \"<span class=sf-dump-key>picture</span>\" => \"<span class=sf-dump-str title=\"60 characters\">usermedia/Cover_Kelas/jorge-ramirez-988-7dFbNlo-unsplash.jpg</span>\"
    \"<span class=sf-dump-key>enable_discussion</span>\" => <span class=sf-dump-num>1</span>
    \"<span class=sf-dump-key>enable_chat</span>\" => <span class=sf-dump-num>1</span>
    \"<span class=sf-dump-key>enforce_order</span>\" => <span class=sf-dump-num>1</span>
    \"<span class=sf-dump-key>effort</span>\" => <span class=sf-dump-const>null</span>
    \"<span class=sf-dump-key>length</span>\" => <span class=sf-dump-const>null</span>
    \"<span class=sf-dump-key>short_description</span>\" => \"<span class=sf-dump-str title=\"61 characters\">Internet Of Things dengan tipe pendekatan gaya belajar Visual</span>\"
    \"<span class=sf-dump-key>introduction</span>\" => \"<span class=sf-dump-str title=\"119 characters\">&lt;p&gt;Kumpulan materi Internet Of Things dengan materi yang dihadirkan menggunakan pendekatan tipe gaya belajar Visual&lt;/p&gt;</span>\"
    \"<span class=sf-dump-key>enable_forum</span>\" => <span class=sf-dump-num>1</span>
    \"<span class=sf-dump-key>enforce_capacity</span>\" => <span class=sf-dump-num>0</span>
    \"<span class=sf-dump-key>nama_materi</span>\" => \"<span class=sf-dump-str title=\"18 characters\">Internet Of Things</span>\"
  </samp>]
  #<span class=sf-dump-protected title=\"Protected property\">original</span>: <span class=sf-dump-note>array:26</span> [<samp data-depth=2 class=sf-dump-compact>
    \"<span class=sf-dump-key>id</span>\" => <span class=sf-dump-num>13</span>
    \"<span class=sf-dump-key>created_at</span>\" => \"<span class=sf-dump-str title=\"19 characters\">2024-07-10 06:53:58</span>\"
    \"<span class=sf-dump-key>updated_at</span>\" => \"<span class=sf-dump-str title=\"19 characters\">2024-07-10 06:53:58</span>\"
    \"<span class=sf-dump-key>name</span>\" => \"<span class=sf-dump-str title=\"18 characters\">Internet Of Things</span>\"
    \"<span class=sf-dump-key>admin_id</span>\" => <span class=sf-dump-num>2</span>
    \"<span class=sf-dump-key>enabled</span>\" => <span class=sf-dump-num>1</span>
    \"<span class=sf-dump-key>start_date</span>\" => \"<span class=sf-dump-str title=\"19 characters\">0000-00-00 00:00:00</span>\"
    \"<span class=sf-dump-key>end_date</span>\" => <span class=sf-dump-const>null</span>
    \"<span class=sf-dump-key>enrollment_closes</span>\" => <span class=sf-dump-const>null</span>
    \"<span class=sf-dump-key>capacity</span>\" => <span class=sf-dump-const>null</span>
    \"<span class=sf-dump-key>payment_required</span>\" => <span class=sf-dump-num>0</span>
    \"<span class=sf-dump-key>fee</span>\" => <span class=sf-dump-const>null</span>
    \"<span class=sf-dump-key>description</span>\" => \"<span class=sf-dump-str title=\"118 characters\">&lt;p&gt;Ini adalah kelas dengan materi mata kuliah Internet Of Things dengan menggunakan pendekatan gaya belajar Visual&lt;/p&gt;</span>\"
    \"<span class=sf-dump-key>venue</span>\" => <span class=sf-dump-const>null</span>
    \"<span class=sf-dump-key>type</span>\" => \"<span class=sf-dump-str>c</span>\"
    \"<span class=sf-dump-key>picture</span>\" => \"<span class=sf-dump-str title=\"60 characters\">usermedia/Cover_Kelas/jorge-ramirez-988-7dFbNlo-unsplash.jpg</span>\"
    \"<span class=sf-dump-key>enable_discussion</span>\" => <span class=sf-dump-num>1</span>
    \"<span class=sf-dump-key>enable_chat</span>\" => <span class=sf-dump-num>1</span>
    \"<span class=sf-dump-key>enforce_order</span>\" => <span class=sf-dump-num>1</span>
    \"<span class=sf-dump-key>effort</span>\" => <span class=sf-dump-const>null</span>
    \"<span class=sf-dump-key>length</span>\" => <span class=sf-dump-const>null</span>
    \"<span class=sf-dump-key>short_description</span>\" => \"<span class=sf-dump-str title=\"61 characters\">Internet Of Things dengan tipe pendekatan gaya belajar Visual</span>\"
    \"<span class=sf-dump-key>introduction</span>\" => \"<span class=sf-dump-str title=\"119 characters\">&lt;p&gt;Kumpulan materi Internet Of Things dengan materi yang dihadirkan menggunakan pendekatan tipe gaya belajar Visual&lt;/p&gt;</span>\"
    \"<span class=sf-dump-key>enable_forum</span>\" => <span class=sf-dump-num>1</span>
    \"<span class=sf-dump-key>enforce_capacity</span>\" => <span class=sf-dump-num>0</span>
    \"<span class=sf-dump-key>nama_materi</span>\" => \"<span class=sf-dump-str title=\"18 characters\">Internet Of Things</span>\"
  </samp>]
  #<span class=sf-dump-protected title=\"Protected property\">changes</span>: []
  #<span class=sf-dump-protected title=\"Protected property\">casts</span>: []
  #<span class=sf-dump-protected title=\"Protected property\">classCastCache</span>: []
  #<span class=sf-dump-protected title=\"Protected property\">attributeCastCache</span>: []
  #<span class=sf-dump-protected title=\"Protected property\">dateFormat</span>: <span class=sf-dump-const>null</span>
  #<span class=sf-dump-protected title=\"Protected property\">appends</span>: []
  #<span class=sf-dump-protected title=\"Protected property\">dispatchesEvents</span>: []
  #<span class=sf-dump-protected title=\"Protected property\">observables</span>: []
  #<span class=sf-dump-protected title=\"Protected property\">relations</span>: []
  #<span class=sf-dump-protected title=\"Protected property\">touches</span>: []
  +<span class=sf-dump-public title=\"Public property\">timestamps</span>: <span class=sf-dump-const>true</span>
  +<span class=sf-dump-public title=\"Public property\">usesUniqueIds</span>: <span class=sf-dump-const>false</span>
  #<span class=sf-dump-protected title=\"Protected property\">hidden</span>: []
  #<span class=sf-dump-protected title=\"Protected property\">visible</span>: []
  #<span class=sf-dump-protected title=\"Protected property\">fillable</span>: <span class=sf-dump-note>array:22</span> [<samp data-depth=2 class=sf-dump-compact>
    <span class=sf-dump-index>0</span> => \"<span class=sf-dump-str title=\"4 characters\">name</span>\"
    <span class=sf-dump-index>1</span> => \"<span class=sf-dump-str title=\"8 characters\">admin_id</span>\"
    <span class=sf-dump-index>2</span> => \"<span class=sf-dump-str title=\"7 characters\">enabled</span>\"
    <span class=sf-dump-index>3</span> => \"<span class=sf-dump-str title=\"10 characters\">start_date</span>\"
    <span class=sf-dump-index>4</span> => \"<span class=sf-dump-str title=\"8 characters\">end_date</span>\"
    <span class=sf-dump-index>5</span> => \"<span class=sf-dump-str title=\"17 characters\">enrollment_closes</span>\"
    <span class=sf-dump-index>6</span> => \"<span class=sf-dump-str title=\"8 characters\">capacity</span>\"
    <span class=sf-dump-index>7</span> => \"<span class=sf-dump-str title=\"16 characters\">payment_required</span>\"
    <span class=sf-dump-index>8</span> => \"<span class=sf-dump-str title=\"3 characters\">fee</span>\"
    <span class=sf-dump-index>9</span> => \"<span class=sf-dump-str title=\"11 characters\">description</span>\"
    <span class=sf-dump-index>10</span> => \"<span class=sf-dump-str title=\"5 characters\">venue</span>\"
    <span class=sf-dump-index>11</span> => \"<span class=sf-dump-str title=\"4 characters\">type</span>\"
    <span class=sf-dump-index>12</span> => \"<span class=sf-dump-str title=\"7 characters\">picture</span>\"
    <span class=sf-dump-index>13</span> => \"<span class=sf-dump-str title=\"17 characters\">enable_discussion</span>\"
    <span class=sf-dump-index>14</span> => \"<span class=sf-dump-str title=\"11 characters\">enable_chat</span>\"
    <span class=sf-dump-index>15</span> => \"<span class=sf-dump-str title=\"13 characters\">enforce_order</span>\"
    <span class=sf-dump-index>16</span> => \"<span class=sf-dump-str title=\"6 characters\">effort</span>\"
    <span class=sf-dump-index>17</span> => \"<span class=sf-dump-str title=\"6 characters\">length</span>\"
    <span class=sf-dump-index>18</span> => \"<span class=sf-dump-str title=\"17 characters\">short_description</span>\"
    <span class=sf-dump-index>19</span> => \"<span class=sf-dump-str title=\"12 characters\">introduction</span>\"
    <span class=sf-dump-index>20</span> => \"<span class=sf-dump-str title=\"12 characters\">enable_forum</span>\"
    <span class=sf-dump-index>21</span> => \"<span class=sf-dump-str title=\"16 characters\">enforce_capacity</span>\"
  </samp>]
  #<span class=sf-dump-protected title=\"Protected property\">guarded</span>: <span class=sf-dump-note>array:1</span> [<samp data-depth=2 class=sf-dump-compact>
    <span class=sf-dump-index>0</span> => \"<span class=sf-dump-str>*</span>\"
  </samp>]
</samp>}
</pre><script>Sfdump(\"sf-dump-1093521293\", {\"maxDepth\":3,\"maxStringLength\":160})</script>
","customCrumbs":"<pre class=sf-dump id=sf-dump-1624771443 data-indent-pad=\"  \"><span class=sf-dump-note>array:5</span> [<samp data-depth=1 class=sf-dump-expanded>
  \"<span class=sf-dump-key>http://localhost/its-tni/public/student/dashboard</span>\" => \"<span class=sf-dump-str title=\"5 characters\">Rumah</span>\"
  \"<span class=sf-dump-key>http://localhost/its-tni/public/student/student/mysessions</span>\" => \"<span class=sf-dump-str title=\"13 characters\">Kursus online</span>\"
  \"<span class=sf-dump-key>http://localhost/its-tni/public/student/course-details/13/internet-of-things</span>\" => \"<span class=sf-dump-str title=\"13 characters\">Detail Kursus</span>\"
  \"<span class=sf-dump-key>http://localhost/its-tni/public/student/course/intro/13</span>\" => \"<span class=sf-dump-str title=\"9 characters\">pengantar</span>\"
  \"<span class=sf-dump-key>#</span>\" => \"<span class=sf-dump-str title=\"12 characters\">Detail Kelas</span>\"
</samp>]
</pre><script>Sfdump(\"sf-dump-1624771443\", {\"maxDepth\":3,\"maxStringLength\":160})</script>
","userLayout":"<pre class=sf-dump id=sf-dump-108385957 data-indent-pad=\"  \">\"<span class=sf-dump-str title=\"15 characters\">layouts.student</span>\"
</pre><script>Sfdump(\"sf-dump-108385957\", {\"maxDepth\":3,\"maxStringLength\":160})</script>
"}},"userId":6,"exception":"[object] (Spatie\\LaravelIgnition\\Exceptions\\ViewException(code: 0): htmlspecialchars(): Argument #1 ($string) must be of type string, Laminas\\Db\\ResultSet\\ResultSet given at C:\\xampp\\htdocs\\its-tni\\vendor\\laravel\\framework\\src\\Illuminate\\Support\\helpers.php:123)
[stacktrace]
#0 C:\\xampp\\htdocs\\its-tni\\vendor\\laravel\\framework\\src\\Illuminate\\Support\\helpers.php(123): htmlspecialchars(Object(Laminas\\Db\\ResultSet\\ResultSet), 3, 'UTF-8', true)
#1 C:\\xampp\\htdocs\\its-tni\\resources\\views\\student\\course\\class.blade.php(37): e(Object(Laminas\\Db\\ResultSet\\ResultSet))
#2 C:\\xampp\\htdocs\\its-tni\\vendor\\laravel\\framework\\src\\Illuminate\\Filesystem\\Filesystem.php(123): require('C:\\\\xampp\\\\htdocs...')
#3 C:\\xampp\\htdocs\\its-tni\\vendor\\laravel\\framework\\src\\Illuminate\\Filesystem\\Filesystem.php(124): Illuminate\\Filesystem\\Filesystem::Illuminate\\Filesystem\\{closure}()
#4 C:\\xampp\\htdocs\\its-tni\\vendor\\laravel\\framework\\src\\Illuminate\\View\\Engines\\PhpEngine.php(58): Illuminate\\Filesystem\\Filesystem->getRequire('C:\\\\xampp\\\\htdocs...', Array)
#5 C:\\xampp\\htdocs\\its-tni\\vendor\\laravel\\framework\\src\\Illuminate\\View\\Engines\\CompilerEngine.php(70): Illuminate\\View\\Engines\\PhpEngine->evaluatePath('C:\\\\xampp\\\\htdocs...', Array)
#6 C:\\xampp\\htdocs\\its-tni\\vendor\\laravel\\framework\\src\\Illuminate\\View\\View.php(195): Illuminate\\View\\Engines\\CompilerEngine->get('C:\\\\xampp\\\\htdocs...', Array)
#7 C:\\xampp\\htdocs\\its-tni\\vendor\\laravel\\framework\\src\\Illuminate\\View\\View.php(178): Illuminate\\View\\View->getContents()
#8 C:\\xampp\\htdocs\\its-tni\\vendor\\laravel\\framework\\src\\Illuminate\\View\\View.php(147): Illuminate\\View\\View->renderContents()
#9 C:\\xampp\\htdocs\\its-tni\\vendor\\laravel\\framework\\src\\Illuminate\\Http\\Response.php(69): Illuminate\\View\\View->render()
#10 C:\\xampp\\htdocs\\its-tni\\vendor\\laravel\\framework\\src\\Illuminate\\Http\\Response.php(35): Illuminate\\Http\\Response->setContent(Object(Illuminate\\View\\View))
#11 C:\\xampp\\htdocs\\its-tni\\vendor\\laravel\\framework\\src\\Illuminate\\Routing\\Router.php(906): Illuminate\\Http\\Response->__construct(Object(Illuminate\\View\\View), 200, Array)
#12 C:\\xampp\\htdocs\\its-tni\\vendor\\laravel\\framework\\src\\Illuminate\\Routing\\Router.php(875): Illuminate\\Routing\\Router::toResponse(Object(Illuminate\\Http\\Request), Object(Illuminate\\View\\View))
#13 C:\\xampp\\htdocs\\its-tni\\vendor\\laravel\\framework\\src\\Illuminate\\Routing\\Router.php(797): Illuminate\\Routing\\Router->prepareResponse(Object(Illuminate\\Http\\Request), Object(Illuminate\\View\\View))
#14 C:\\xampp\\htdocs\\its-tni\\vendor\\laravel\\framework\\src\\Illuminate\\Pipeline\\Pipeline.php(141): Illuminate\\Routing\\Router->Illuminate\\Routing\\{closure}(Object(Illuminate\\Http\\Request))
#15 C:\\xampp\\htdocs\\its-tni\\app\\Http\\Middleware\\Student.php(33): Illuminate\\Pipeline\\Pipeline->Illuminate\\Pipeline\\{closure}(Object(Illuminate\\Http\\Request))
#16 C:\\xampp\\htdocs\\its-tni\\vendor\\laravel\\framework\\src\\Illuminate\\Pipeline\\Pipeline.php(180): App\\Http\\Middleware\\Student->handle(Object(Illuminate\\Http\\Request), Object(Closure))
#17 C:\\xampp\\htdocs\\its-tni\\vendor\\laravel\\framework\\src\\Illuminate\\Routing\\Middleware\\SubstituteBindings.php(50): Illuminate\\Pipeline\\Pipeline->Illuminate\\Pipeline\\{closure}(Object(Illuminate\\Http\\Request))
#18 C:\\xampp\\htdocs\\its-tni\\vendor\\laravel\\framework\\src\\Illuminate\\Pipeline\\Pipeline.php(180): Illuminate\\Routing\\Middleware\\SubstituteBindings->handle(Object(Illuminate\\Http\\Request), Object(Closure))
#19 C:\\xampp\\htdocs\\its-tni\\vendor\\laravel\\framework\\src\\Illuminate\\Auth\\Middleware\\Authenticate.php(45): Illuminate\\Pipeline\\Pipeline->Illuminate\\Pipeline\\{closure}(Object(Illuminate\\Http\\Request))
#20 C:\\xampp\\htdocs\\its-tni\\vendor\\laravel\\framework\\src\\Illuminate\\Pipeline\\Pipeline.php(180): Illuminate\\Auth\\Middleware\\Authenticate->handle(Object(Illuminate\\Http\\Request), Object(Closure))
#21 C:\\xampp\\htdocs\\its-tni\\vendor\\laravel\\framework\\src\\Illuminate\\Foundation\\Http\\Middleware\\VerifyCsrfToken.php(78): Illuminate\\Pipeline\\Pipeline->Illuminate\\Pipeline\\{closure}(Object(Illuminate\\Http\\Request))
#22 C:\\xampp\\htdocs\\its-tni\\vendor\\laravel\\framework\\src\\Illuminate\\Pipeline\\Pipeline.php(180): Illuminate\\Foundation\\Http\\Middleware\\VerifyCsrfToken->handle(Object(Illuminate\\Http\\Request), Object(Closure))
#23 C:\\xampp\\htdocs\\its-tni\\vendor\\laravel\\framework\\src\\Illuminate\\View\\Middleware\\ShareErrorsFromSession.php(49): Illuminate\\Pipeline\\Pipeline->Illuminate\\Pipeline\\{closure}(Object(Illuminate\\Http\\Request))
#24 C:\\xampp\\htdocs\\its-tni\\vendor\\laravel\\framework\\src\\Illuminate\\Pipeline\\Pipeline.php(180): Illuminate\\View\\Middleware\\ShareErrorsFromSession->handle(Object(Illuminate\\Http\\Request), Object(Closure))
#25 C:\\xampp\\htdocs\\its-tni\\vendor\\laravel\\framework\\src\\Illuminate\\Session\\Middleware\\StartSession.php(121): Illuminate\\Pipeline\\Pipeline->Illuminate\\Pipeline\\{closure}(Object(Illuminate\\Http\\Request))
#26 C:\\xampp\\htdocs\\its-tni\\vendor\\laravel\\framework\\src\\Illuminate\\Session\\Middleware\\StartSession.php(64): Illuminate\\Session\\Middleware\\StartSession->handleStatefulRequest(Object(Illuminate\\Http\\Request), Object(Illuminate\\Session\\Store), Object(Closure))
#27 C:\\xampp\\htdocs\\its-tni\\vendor\\laravel\\framework\\src\\Illuminate\\Pipeline\\Pipeline.php(180): Illuminate\\Session\\Middleware\\StartSession->handle(Object(Illuminate\\Http\\Request), Object(Closure))
#28 C:\\xampp\\htdocs\\its-tni\\vendor\\laravel\\framework\\src\\Illuminate\\Cookie\\Middleware\\AddQueuedCookiesToResponse.php(37): Illuminate\\Pipeline\\Pipeline->Illuminate\\Pipeline\\{closure}(Object(Illuminate\\Http\\Request))
#29 C:\\xampp\\htdocs\\its-tni\\vendor\\laravel\\framework\\src\\Illuminate\\Pipeline\\Pipeline.php(180): Illuminate\\Cookie\\Middleware\\AddQueuedCookiesToResponse->handle(Object(Illuminate\\Http\\Request), Object(Closure))
#30 C:\\xampp\\htdocs\\its-tni\\vendor\\laravel\\framework\\src\\Illuminate\\Cookie\\Middleware\\EncryptCookies.php(67): Illuminate\\Pipeline\\Pipeline->Illuminate\\Pipeline\\{closure}(Object(Illuminate\\Http\\Request))
#31 C:\\xampp\\htdocs\\its-tni\\vendor\\laravel\\framework\\src\\Illuminate\\Pipeline\\Pipeline.php(180): Illuminate\\Cookie\\Middleware\\EncryptCookies->handle(Object(Illuminate\\Http\\Request), Object(Closure))
#32 C:\\xampp\\htdocs\\its-tni\\vendor\\laravel\\framework\\src\\Illuminate\\Pipeline\\Pipeline.php(116): Illuminate\\Pipeline\\Pipeline->Illuminate\\Pipeline\\{closure}(Object(Illuminate\\Http\\Request))
#33 C:\\xampp\\htdocs\\its-tni\\vendor\\laravel\\framework\\src\\Illuminate\\Routing\\Router.php(797): Illuminate\\Pipeline\\Pipeline->then(Object(Closure))
#34 C:\\xampp\\htdocs\\its-tni\\vendor\\laravel\\framework\\src\\Illuminate\\Routing\\Router.php(776): Illuminate\\Routing\\Router->runRouteWithinStack(Object(Illuminate\\Routing\\Route), Object(Illuminate\\Http\\Request))
#35 C:\\xampp\\htdocs\\its-tni\\vendor\\laravel\\framework\\src\\Illuminate\\Routing\\Router.php(740): Illuminate\\Routing\\Router->runRoute(Object(Illuminate\\Http\\Request), Object(Illuminate\\Routing\\Route))
#36 C:\\xampp\\htdocs\\its-tni\\vendor\\laravel\\framework\\src\\Illuminate\\Routing\\Router.php(729): Illuminate\\Routing\\Router->dispatchToRoute(Object(Illuminate\\Http\\Request))
#37 C:\\xampp\\htdocs\\its-tni\\vendor\\laravel\\framework\\src\\Illuminate\\Foundation\\Http\\Kernel.php(200): Illuminate\\Routing\\Router->dispatch(Object(Illuminate\\Http\\Request))
#38 C:\\xampp\\htdocs\\its-tni\\vendor\\laravel\\framework\\src\\Illuminate\\Pipeline\\Pipeline.php(141): Illuminate\\Foundation\\Http\\Kernel->Illuminate\\Foundation\\Http\\{closure}(Object(Illuminate\\Http\\Request))
#39 C:\\xampp\\htdocs\\its-tni\\vendor\\laravel\\framework\\src\\Illuminate\\Foundation\\Http\\Middleware\\TransformsRequest.php(21): Illuminate\\Pipeline\\Pipeline->Illuminate\\Pipeline\\{closure}(Object(Illuminate\\Http\\Request))
#40 C:\\xampp\\htdocs\\its-tni\\vendor\\laravel\\framework\\src\\Illuminate\\Foundation\\Http\\Middleware\\ConvertEmptyStringsToNull.php(31): Illuminate\\Foundation\\Http\\Middleware\\TransformsRequest->handle(Object(Illuminate\\Http\\Request), Object(Closure))
#41 C:\\xampp\\htdocs\\its-tni\\vendor\\laravel\\framework\\src\\Illuminate\\Pipeline\\Pipeline.php(180): Illuminate\\Foundation\\Http\\Middleware\\ConvertEmptyStringsToNull->handle(Object(Illuminate\\Http\\Request), Object(Closure))
#42 C:\\xampp\\htdocs\\its-tni\\vendor\\laravel\\framework\\src\\Illuminate\\Foundation\\Http\\Middleware\\TransformsRequest.php(21): Illuminate\\Pipeline\\Pipeline->Illuminate\\Pipeline\\{closure}(Object(Illuminate\\Http\\Request))
#43 C:\\xampp\\htdocs\\its-tni\\vendor\\laravel\\framework\\src\\Illuminate\\Foundation\\Http\\Middleware\\TrimStrings.php(40): Illuminate\\Foundation\\Http\\Middleware\\TransformsRequest->handle(Object(Illuminate\\Http\\Request), Object(Closure))
#44 C:\\xampp\\htdocs\\its-tni\\vendor\\laravel\\framework\\src\\Illuminate\\Pipeline\\Pipeline.php(180): Illuminate\\Foundation\\Http\\Middleware\\TrimStrings->handle(Object(Illuminate\\Http\\Request), Object(Closure))
#45 C:\\xampp\\htdocs\\its-tni\\vendor\\laravel\\framework\\src\\Illuminate\\Foundation\\Http\\Middleware\\ValidatePostSize.php(27): Illuminate\\Pipeline\\Pipeline->Illuminate\\Pipeline\\{closure}(Object(Illuminate\\Http\\Request))
#46 C:\\xampp\\htdocs\\its-tni\\vendor\\laravel\\framework\\src\\Illuminate\\Pipeline\\Pipeline.php(180): Illuminate\\Foundation\\Http\\Middleware\\ValidatePostSize->handle(Object(Illuminate\\Http\\Request), Object(Closure))
#47 C:\\xampp\\htdocs\\its-tni\\vendor\\laravel\\framework\\src\\Illuminate\\Foundation\\Http\\Middleware\\PreventRequestsDuringMaintenance.php(86): Illuminate\\Pipeline\\Pipeline->Illuminate\\Pipeline\\{closure}(Object(Illuminate\\Http\\Request))
#48 C:\\xampp\\htdocs\\its-tni\\vendor\\laravel\\framework\\src\\Illuminate\\Pipeline\\Pipeline.php(180): Illuminate\\Foundation\\Http\\Middleware\\PreventRequestsDuringMaintenance->handle(Object(Illuminate\\Http\\Request), Object(Closure))
#49 C:\\xampp\\htdocs\\its-tni\\vendor\\laravel\\framework\\src\\Illuminate\\Http\\Middleware\\HandleCors.php(49): Illuminate\\Pipeline\\Pipeline->Illuminate\\Pipeline\\{closure}(Object(Illuminate\\Http\\Request))
#50 C:\\xampp\\htdocs\\its-tni\\vendor\\laravel\\framework\\src\\Illuminate\\Pipeline\\Pipeline.php(180): Illuminate\\Http\\Middleware\\HandleCors->handle(Object(Illuminate\\Http\\Request), Object(Closure))
#51 C:\\xampp\\htdocs\\its-tni\\vendor\\laravel\\framework\\src\\Illuminate\\Http\\Middleware\\TrustProxies.php(39): Illuminate\\Pipeline\\Pipeline->Illuminate\\Pipeline\\{closure}(Object(Illuminate\\Http\\Request))
#52 C:\\xampp\\htdocs\\its-tni\\vendor\\laravel\\framework\\src\\Illuminate\\Pipeline\\Pipeline.php(180): Illuminate\\Http\\Middleware\\TrustProxies->handle(Object(Illuminate\\Http\\Request), Object(Closure))
#53 C:\\xampp\\htdocs\\its-tni\\vendor\\laravel\\framework\\src\\Illuminate\\Pipeline\\Pipeline.php(116): Illuminate\\Pipeline\\Pipeline->Illuminate\\Pipeline\\{closure}(Object(Illuminate\\Http\\Request))
#54 C:\\xampp\\htdocs\\its-tni\\vendor\\laravel\\framework\\src\\Illuminate\\Foundation\\Http\\Kernel.php(175): Illuminate\\Pipeline\\Pipeline->then(Object(Closure))
#55 C:\\xampp\\htdocs\\its-tni\\vendor\\laravel\\framework\\src\\Illuminate\\Foundation\\Http\\Kernel.php(144): Illuminate\\Foundation\\Http\\Kernel->sendRequestThroughRouter(Object(Illuminate\\Http\\Request))
#56 C:\\xampp\\htdocs\\its-tni\\public\\index.php(54): Illuminate\\Foundation\\Http\\Kernel->handle(Object(Illuminate\\Http\\Request))
#57 {main}

[previous exception] [object] (TypeError(code: 0): htmlspecialchars(): Argument #1 ($string) must be of type string, Laminas\\Db\\ResultSet\\ResultSet given at C:\\xampp\\htdocs\\its-tni\\vendor\\laravel\\framework\\src\\Illuminate\\Support\\helpers.php:123)
[stacktrace]
#0 C:\\xampp\\htdocs\\its-tni\\vendor\\laravel\\framework\\src\\Illuminate\\Support\\helpers.php(123): htmlspecialchars(Object(Laminas\\Db\\ResultSet\\ResultSet), 3, 'UTF-8', true)
#1 C:\\xampp\\htdocs\\its-tni\\storage\\framework\\views\\117a84a1859fbf5429e07f564477e3a9.php(26): e(Object(Laminas\\Db\\ResultSet\\ResultSet))
#2 C:\\xampp\\htdocs\\its-tni\\vendor\\laravel\\framework\\src\\Illuminate\\Filesystem\\Filesystem.php(123): require('C:\\\\xampp\\\\htdocs...')
#3 C:\\xampp\\htdocs\\its-tni\\vendor\\laravel\\framework\\src\\Illuminate\\Filesystem\\Filesystem.php(124): Illuminate\\Filesystem\\Filesystem::Illuminate\\Filesystem\\{closure}()
#4 C:\\xampp\\htdocs\\its-tni\\vendor\\laravel\\framework\\src\\Illuminate\\View\\Engines\\PhpEngine.php(58): Illuminate\\Filesystem\\Filesystem->getRequire('C:\\\\xampp\\\\htdocs...', Array)
#5 C:\\xampp\\htdocs\\its-tni\\vendor\\laravel\\framework\\src\\Illuminate\\View\\Engines\\CompilerEngine.php(70): Illuminate\\View\\Engines\\PhpEngine->evaluatePath('C:\\\\xampp\\\\htdocs...', Array)
#6 C:\\xampp\\htdocs\\its-tni\\vendor\\laravel\\framework\\src\\Illuminate\\View\\View.php(195): Illuminate\\View\\Engines\\CompilerEngine->get('C:\\\\xampp\\\\htdocs...', Array)
#7 C:\\xampp\\htdocs\\its-tni\\vendor\\laravel\\framework\\src\\Illuminate\\View\\View.php(178): Illuminate\\View\\View->getContents()
#8 C:\\xampp\\htdocs\\its-tni\\vendor\\laravel\\framework\\src\\Illuminate\\View\\View.php(147): Illuminate\\View\\View->renderContents()
#9 C:\\xampp\\htdocs\\its-tni\\vendor\\laravel\\framework\\src\\Illuminate\\Http\\Response.php(69): Illuminate\\View\\View->render()
#10 C:\\xampp\\htdocs\\its-tni\\vendor\\laravel\\framework\\src\\Illuminate\\Http\\Response.php(35): Illuminate\\Http\\Response->setContent(Object(Illuminate\\View\\View))
#11 C:\\xampp\\htdocs\\its-tni\\vendor\\laravel\\framework\\src\\Illuminate\\Routing\\Router.php(906): Illuminate\\Http\\Response->__construct(Object(Illuminate\\View\\View), 200, Array)
#12 C:\\xampp\\htdocs\\its-tni\\vendor\\laravel\\framework\\src\\Illuminate\\Routing\\Router.php(875): Illuminate\\Routing\\Router::toResponse(Object(Illuminate\\Http\\Request), Object(Illuminate\\View\\View))
#13 C:\\xampp\\htdocs\\its-tni\\vendor\\laravel\\framework\\src\\Illuminate\\Routing\\Router.php(797): Illuminate\\Routing\\Router->prepareResponse(Object(Illuminate\\Http\\Request), Object(Illuminate\\View\\View))
#14 C:\\xampp\\htdocs\\its-tni\\vendor\\laravel\\framework\\src\\Illuminate\\Pipeline\\Pipeline.php(141): Illuminate\\Routing\\Router->Illuminate\\Routing\\{closure}(Object(Illuminate\\Http\\Request))
#15 C:\\xampp\\htdocs\\its-tni\\app\\Http\\Middleware\\Student.php(33): Illuminate\\Pipeline\\Pipeline->Illuminate\\Pipeline\\{closure}(Object(Illuminate\\Http\\Request))
#16 C:\\xampp\\htdocs\\its-tni\\vendor\\laravel\\framework\\src\\Illuminate\\Pipeline\\Pipeline.php(180): App\\Http\\Middleware\\Student->handle(Object(Illuminate\\Http\\Request), Object(Closure))
#17 C:\\xampp\\htdocs\\its-tni\\vendor\\laravel\\framework\\src\\Illuminate\\Routing\\Middleware\\SubstituteBindings.php(50): Illuminate\\Pipeline\\Pipeline->Illuminate\\Pipeline\\{closure}(Object(Illuminate\\Http\\Request))
#18 C:\\xampp\\htdocs\\its-tni\\vendor\\laravel\\framework\\src\\Illuminate\\Pipeline\\Pipeline.php(180): Illuminate\\Routing\\Middleware\\SubstituteBindings->handle(Object(Illuminate\\Http\\Request), Object(Closure))
#19 C:\\xampp\\htdocs\\its-tni\\vendor\\laravel\\framework\\src\\Illuminate\\Auth\\Middleware\\Authenticate.php(45): Illuminate\\Pipeline\\Pipeline->Illuminate\\Pipeline\\{closure}(Object(Illuminate\\Http\\Request))
#20 C:\\xampp\\htdocs\\its-tni\\vendor\\laravel\\framework\\src\\Illuminate\\Pipeline\\Pipeline.php(180): Illuminate\\Auth\\Middleware\\Authenticate->handle(Object(Illuminate\\Http\\Request), Object(Closure))
#21 C:\\xampp\\htdocs\\its-tni\\vendor\\laravel\\framework\\src\\Illuminate\\Foundation\\Http\\Middleware\\VerifyCsrfToken.php(78): Illuminate\\Pipeline\\Pipeline->Illuminate\\Pipeline\\{closure}(Object(Illuminate\\Http\\Request))
#22 C:\\xampp\\htdocs\\its-tni\\vendor\\laravel\\framework\\src\\Illuminate\\Pipeline\\Pipeline.php(180): Illuminate\\Foundation\\Http\\Middleware\\VerifyCsrfToken->handle(Object(Illuminate\\Http\\Request), Object(Closure))
#23 C:\\xampp\\htdocs\\its-tni\\vendor\\laravel\\framework\\src\\Illuminate\\View\\Middleware\\ShareErrorsFromSession.php(49): Illuminate\\Pipeline\\Pipeline->Illuminate\\Pipeline\\{closure}(Object(Illuminate\\Http\\Request))
#24 C:\\xampp\\htdocs\\its-tni\\vendor\\laravel\\framework\\src\\Illuminate\\Pipeline\\Pipeline.php(180): Illuminate\\View\\Middleware\\ShareErrorsFromSession->handle(Object(Illuminate\\Http\\Request), Object(Closure))
#25 C:\\xampp\\htdocs\\its-tni\\vendor\\laravel\\framework\\src\\Illuminate\\Session\\Middleware\\StartSession.php(121): Illuminate\\Pipeline\\Pipeline->Illuminate\\Pipeline\\{closure}(Object(Illuminate\\Http\\Request))
#26 C:\\xampp\\htdocs\\its-tni\\vendor\\laravel\\framework\\src\\Illuminate\\Session\\Middleware\\StartSession.php(64): Illuminate\\Session\\Middleware\\StartSession->handleStatefulRequest(Object(Illuminate\\Http\\Request), Object(Illuminate\\Session\\Store), Object(Closure))
#27 C:\\xampp\\htdocs\\its-tni\\vendor\\laravel\\framework\\src\\Illuminate\\Pipeline\\Pipeline.php(180): Illuminate\\Session\\Middleware\\StartSession->handle(Object(Illuminate\\Http\\Request), Object(Closure))
#28 C:\\xampp\\htdocs\\its-tni\\vendor\\laravel\\framework\\src\\Illuminate\\Cookie\\Middleware\\AddQueuedCookiesToResponse.php(37): Illuminate\\Pipeline\\Pipeline->Illuminate\\Pipeline\\{closure}(Object(Illuminate\\Http\\Request))
#29 C:\\xampp\\htdocs\\its-tni\\vendor\\laravel\\framework\\src\\Illuminate\\Pipeline\\Pipeline.php(180): Illuminate\\Cookie\\Middleware\\AddQueuedCookiesToResponse->handle(Object(Illuminate\\Http\\Request), Object(Closure))
#30 C:\\xampp\\htdocs\\its-tni\\vendor\\laravel\\framework\\src\\Illuminate\\Cookie\\Middleware\\EncryptCookies.php(67): Illuminate\\Pipeline\\Pipeline->Illuminate\\Pipeline\\{closure}(Object(Illuminate\\Http\\Request))
#31 C:\\xampp\\htdocs\\its-tni\\vendor\\laravel\\framework\\src\\Illuminate\\Pipeline\\Pipeline.php(180): Illuminate\\Cookie\\Middleware\\EncryptCookies->handle(Object(Illuminate\\Http\\Request), Object(Closure))
#32 C:\\xampp\\htdocs\\its-tni\\vendor\\laravel\\framework\\src\\Illuminate\\Pipeline\\Pipeline.php(116): Illuminate\\Pipeline\\Pipeline->Illuminate\\Pipeline\\{closure}(Object(Illuminate\\Http\\Request))
#33 C:\\xampp\\htdocs\\its-tni\\vendor\\laravel\\framework\\src\\Illuminate\\Routing\\Router.php(797): Illuminate\\Pipeline\\Pipeline->then(Object(Closure))
#34 C:\\xampp\\htdocs\\its-tni\\vendor\\laravel\\framework\\src\\Illuminate\\Routing\\Router.php(776): Illuminate\\Routing\\Router->runRouteWithinStack(Object(Illuminate\\Routing\\Route), Object(Illuminate\\Http\\Request))
#35 C:\\xampp\\htdocs\\its-tni\\vendor\\laravel\\framework\\src\\Illuminate\\Routing\\Router.php(740): Illuminate\\Routing\\Router->runRoute(Object(Illuminate\\Http\\Request), Object(Illuminate\\Routing\\Route))
#36 C:\\xampp\\htdocs\\its-tni\\vendor\\laravel\\framework\\src\\Illuminate\\Routing\\Router.php(729): Illuminate\\Routing\\Router->dispatchToRoute(Object(Illuminate\\Http\\Request))
#37 C:\\xampp\\htdocs\\its-tni\\vendor\\laravel\\framework\\src\\Illuminate\\Foundation\\Http\\Kernel.php(200): Illuminate\\Routing\\Router->dispatch(Object(Illuminate\\Http\\Request))
#38 C:\\xampp\\htdocs\\its-tni\\vendor\\laravel\\framework\\src\\Illuminate\\Pipeline\\Pipeline.php(141): Illuminate\\Foundation\\Http\\Kernel->Illuminate\\Foundation\\Http\\{closure}(Object(Illuminate\\Http\\Request))
#39 C:\\xampp\\htdocs\\its-tni\\vendor\\laravel\\framework\\src\\Illuminate\\Foundation\\Http\\Middleware\\TransformsRequest.php(21): Illuminate\\Pipeline\\Pipeline->Illuminate\\Pipeline\\{closure}(Object(Illuminate\\Http\\Request))
#40 C:\\xampp\\htdocs\\its-tni\\vendor\\laravel\\framework\\src\\Illuminate\\Foundation\\Http\\Middleware\\ConvertEmptyStringsToNull.php(31): Illuminate\\Foundation\\Http\\Middleware\\TransformsRequest->handle(Object(Illuminate\\Http\\Request), Object(Closure))
#41 C:\\xampp\\htdocs\\its-tni\\vendor\\laravel\\framework\\src\\Illuminate\\Pipeline\\Pipeline.php(180): Illuminate\\Foundation\\Http\\Middleware\\ConvertEmptyStringsToNull->handle(Object(Illuminate\\Http\\Request), Object(Closure))
#42 C:\\xampp\\htdocs\\its-tni\\vendor\\laravel\\framework\\src\\Illuminate\\Foundation\\Http\\Middleware\\TransformsRequest.php(21): Illuminate\\Pipeline\\Pipeline->Illuminate\\Pipeline\\{closure}(Object(Illuminate\\Http\\Request))
#43 C:\\xampp\\htdocs\\its-tni\\vendor\\laravel\\framework\\src\\Illuminate\\Foundation\\Http\\Middleware\\TrimStrings.php(40): Illuminate\\Foundation\\Http\\Middleware\\TransformsRequest->handle(Object(Illuminate\\Http\\Request), Object(Closure))
#44 C:\\xampp\\htdocs\\its-tni\\vendor\\laravel\\framework\\src\\Illuminate\\Pipeline\\Pipeline.php(180): Illuminate\\Foundation\\Http\\Middleware\\TrimStrings->handle(Object(Illuminate\\Http\\Request), Object(Closure))
#45 C:\\xampp\\htdocs\\its-tni\\vendor\\laravel\\framework\\src\\Illuminate\\Foundation\\Http\\Middleware\\ValidatePostSize.php(27): Illuminate\\Pipeline\\Pipeline->Illuminate\\Pipeline\\{closure}(Object(Illuminate\\Http\\Request))
#46 C:\\xampp\\htdocs\\its-tni\\vendor\\laravel\\framework\\src\\Illuminate\\Pipeline\\Pipeline.php(180): Illuminate\\Foundation\\Http\\Middleware\\ValidatePostSize->handle(Object(Illuminate\\Http\\Request), Object(Closure))
#47 C:\\xampp\\htdocs\\its-tni\\vendor\\laravel\\framework\\src\\Illuminate\\Foundation\\Http\\Middleware\\PreventRequestsDuringMaintenance.php(86): Illuminate\\Pipeline\\Pipeline->Illuminate\\Pipeline\\{closure}(Object(Illuminate\\Http\\Request))
#48 C:\\xampp\\htdocs\\its-tni\\vendor\\laravel\\framework\\src\\Illuminate\\Pipeline\\Pipeline.php(180): Illuminate\\Foundation\\Http\\Middleware\\PreventRequestsDuringMaintenance->handle(Object(Illuminate\\Http\\Request), Object(Closure))
#49 C:\\xampp\\htdocs\\its-tni\\vendor\\laravel\\framework\\src\\Illuminate\\Http\\Middleware\\HandleCors.php(49): Illuminate\\Pipeline\\Pipeline->Illuminate\\Pipeline\\{closure}(Object(Illuminate\\Http\\Request))
#50 C:\\xampp\\htdocs\\its-tni\\vendor\\laravel\\framework\\src\\Illuminate\\Pipeline\\Pipeline.php(180): Illuminate\\Http\\Middleware\\HandleCors->handle(Object(Illuminate\\Http\\Request), Object(Closure))
#51 C:\\xampp\\htdocs\\its-tni\\vendor\\laravel\\framework\\src\\Illuminate\\Http\\Middleware\\TrustProxies.php(39): Illuminate\\Pipeline\\Pipeline->Illuminate\\Pipeline\\{closure}(Object(Illuminate\\Http\\Request))
#52 C:\\xampp\\htdocs\\its-tni\\vendor\\laravel\\framework\\src\\Illuminate\\Pipeline\\Pipeline.php(180): Illuminate\\Http\\Middleware\\TrustProxies->handle(Object(Illuminate\\Http\\Request), Object(Closure))
#53 C:\\xampp\\htdocs\\its-tni\\vendor\\laravel\\framework\\src\\Illuminate\\Pipeline\\Pipeline.php(116): Illuminate\\Pipeline\\Pipeline->Illuminate\\Pipeline\\{closure}(Object(Illuminate\\Http\\Request))
#54 C:\\xampp\\htdocs\\its-tni\\vendor\\laravel\\framework\\src\\Illuminate\\Foundation\\Http\\Kernel.php(175): Illuminate\\Pipeline\\Pipeline->then(Object(Closure))
#55 C:\\xampp\\htdocs\\its-tni\\vendor\\laravel\\framework\\src\\Illuminate\\Foundation\\Http\\Kernel.php(144): Illuminate\\Foundation\\Http\\Kernel->sendRequestThroughRouter(Object(Illuminate\\Http\\Request))
#56 C:\\xampp\\htdocs\\its-tni\\public\\index.php(54): Illuminate\\Foundation\\Http\\Kernel->handle(Object(Illuminate\\Http\\Request))
#57 {main}
"} 
[2024-07-12 01:30:16] local.ERROR: Call to a member function isEmpty() on null {"userId":5,"exception":"[object] (Error(code: 0): Call to a member function isEmpty() on null at C:\\xampp\\htdocs\\its-tni\\app\\V2\\Model\\LessonTable.php:80)
[stacktrace]
#0 C:\\xampp\\htdocs\\its-tni\\app\\Http\\Controllers\\Admin\\SessionController.php(449): App\\V2\\Model\\LessonTable->getLessons(true, NULL, NULL, 'online')
#1 C:\\xampp\\htdocs\\its-tni\\vendor\\laravel\\framework\\src\\Illuminate\\Routing\\Controller.php(54): App\\Http\\Controllers\\Admin\\SessionController->browseclasses(Object(Illuminate\\Http\\Request), '12')
#2 C:\\xampp\\htdocs\\its-tni\\vendor\\laravel\\framework\\src\\Illuminate\\Routing\\ControllerDispatcher.php(43): Illuminate\\Routing\\Controller->callAction('browseclasses', Array)
#3 C:\\xampp\\htdocs\\its-tni\\vendor\\laravel\\framework\\src\\Illuminate\\Routing\\Route.php(259): Illuminate\\Routing\\ControllerDispatcher->dispatch(Object(Illuminate\\Routing\\Route), Object(App\\Http\\Controllers\\Admin\\SessionController), 'browseclasses')
#4 C:\\xampp\\htdocs\\its-tni\\vendor\\laravel\\framework\\src\\Illuminate\\Routing\\Route.php(205): Illuminate\\Routing\\Route->runController()
#5 C:\\xampp\\htdocs\\its-tni\\vendor\\laravel\\framework\\src\\Illuminate\\Routing\\Router.php(798): Illuminate\\Routing\\Route->run()
#6 C:\\xampp\\htdocs\\its-tni\\vendor\\laravel\\framework\\src\\Illuminate\\Pipeline\\Pipeline.php(141): Illuminate\\Routing\\Router->Illuminate\\Routing\\{closure}(Object(Illuminate\\Http\\Request))
#7 C:\\xampp\\htdocs\\its-tni\\app\\Http\\Middleware\\UserLimit.php(28): Illuminate\\Pipeline\\Pipeline->Illuminate\\Pipeline\\{closure}(Object(Illuminate\\Http\\Request))
#8 C:\\xampp\\htdocs\\its-tni\\vendor\\laravel\\framework\\src\\Illuminate\\Pipeline\\Pipeline.php(180): App\\Http\\Middleware\\UserLimit->handle(Object(Illuminate\\Http\\Request), Object(Closure))
#9 C:\\xampp\\htdocs\\its-tni\\app\\Http\\Middleware\\Admin.php(48): Illuminate\\Pipeline\\Pipeline->Illuminate\\Pipeline\\{closure}(Object(Illuminate\\Http\\Request))
#10 C:\\xampp\\htdocs\\its-tni\\vendor\\laravel\\framework\\src\\Illuminate\\Pipeline\\Pipeline.php(180): App\\Http\\Middleware\\Admin->handle(Object(Illuminate\\Http\\Request), Object(Closure))
#11 C:\\xampp\\htdocs\\its-tni\\vendor\\laravel\\framework\\src\\Illuminate\\Routing\\Middleware\\SubstituteBindings.php(50): Illuminate\\Pipeline\\Pipeline->Illuminate\\Pipeline\\{closure}(Object(Illuminate\\Http\\Request))
#12 C:\\xampp\\htdocs\\its-tni\\vendor\\laravel\\framework\\src\\Illuminate\\Pipeline\\Pipeline.php(180): Illuminate\\Routing\\Middleware\\SubstituteBindings->handle(Object(Illuminate\\Http\\Request), Object(Closure))
#13 C:\\xampp\\htdocs\\its-tni\\vendor\\laravel\\framework\\src\\Illuminate\\Auth\\Middleware\\Authenticate.php(45): Illuminate\\Pipeline\\Pipeline->Illuminate\\Pipeline\\{closure}(Object(Illuminate\\Http\\Request))
#14 C:\\xampp\\htdocs\\its-tni\\vendor\\laravel\\framework\\src\\Illuminate\\Pipeline\\Pipeline.php(180): Illuminate\\Auth\\Middleware\\Authenticate->handle(Object(Illuminate\\Http\\Request), Object(Closure))
#15 C:\\xampp\\htdocs\\its-tni\\vendor\\laravel\\framework\\src\\Illuminate\\Foundation\\Http\\Middleware\\VerifyCsrfToken.php(78): Illuminate\\Pipeline\\Pipeline->Illuminate\\Pipeline\\{closure}(Object(Illuminate\\Http\\Request))
#16 C:\\xampp\\htdocs\\its-tni\\vendor\\laravel\\framework\\src\\Illuminate\\Pipeline\\Pipeline.php(180): Illuminate\\Foundation\\Http\\Middleware\\VerifyCsrfToken->handle(Object(Illuminate\\Http\\Request), Object(Closure))
#17 C:\\xampp\\htdocs\\its-tni\\vendor\\laravel\\framework\\src\\Illuminate\\View\\Middleware\\ShareErrorsFromSession.php(49): Illuminate\\Pipeline\\Pipeline->Illuminate\\Pipeline\\{closure}(Object(Illuminate\\Http\\Request))
#18 C:\\xampp\\htdocs\\its-tni\\vendor\\laravel\\framework\\src\\Illuminate\\Pipeline\\Pipeline.php(180): Illuminate\\View\\Middleware\\ShareErrorsFromSession->handle(Object(Illuminate\\Http\\Request), Object(Closure))
#19 C:\\xampp\\htdocs\\its-tni\\vendor\\laravel\\framework\\src\\Illuminate\\Session\\Middleware\\StartSession.php(121): Illuminate\\Pipeline\\Pipeline->Illuminate\\Pipeline\\{closure}(Object(Illuminate\\Http\\Request))
#20 C:\\xampp\\htdocs\\its-tni\\vendor\\laravel\\framework\\src\\Illuminate\\Session\\Middleware\\StartSession.php(64): Illuminate\\Session\\Middleware\\StartSession->handleStatefulRequest(Object(Illuminate\\Http\\Request), Object(Illuminate\\Session\\Store), Object(Closure))
#21 C:\\xampp\\htdocs\\its-tni\\vendor\\laravel\\framework\\src\\Illuminate\\Pipeline\\Pipeline.php(180): Illuminate\\Session\\Middleware\\StartSession->handle(Object(Illuminate\\Http\\Request), Object(Closure))
#22 C:\\xampp\\htdocs\\its-tni\\vendor\\laravel\\framework\\src\\Illuminate\\Cookie\\Middleware\\AddQueuedCookiesToResponse.php(37): Illuminate\\Pipeline\\Pipeline->Illuminate\\Pipeline\\{closure}(Object(Illuminate\\Http\\Request))
#23 C:\\xampp\\htdocs\\its-tni\\vendor\\laravel\\framework\\src\\Illuminate\\Pipeline\\Pipeline.php(180): Illuminate\\Cookie\\Middleware\\AddQueuedCookiesToResponse->handle(Object(Illuminate\\Http\\Request), Object(Closure))
#24 C:\\xampp\\htdocs\\its-tni\\vendor\\laravel\\framework\\src\\Illuminate\\Cookie\\Middleware\\EncryptCookies.php(67): Illuminate\\Pipeline\\Pipeline->Illuminate\\Pipeline\\{closure}(Object(Illuminate\\Http\\Request))
#25 C:\\xampp\\htdocs\\its-tni\\vendor\\laravel\\framework\\src\\Illuminate\\Pipeline\\Pipeline.php(180): Illuminate\\Cookie\\Middleware\\EncryptCookies->handle(Object(Illuminate\\Http\\Request), Object(Closure))
#26 C:\\xampp\\htdocs\\its-tni\\vendor\\laravel\\framework\\src\\Illuminate\\Pipeline\\Pipeline.php(116): Illuminate\\Pipeline\\Pipeline->Illuminate\\Pipeline\\{closure}(Object(Illuminate\\Http\\Request))
#27 C:\\xampp\\htdocs\\its-tni\\vendor\\laravel\\framework\\src\\Illuminate\\Routing\\Router.php(797): Illuminate\\Pipeline\\Pipeline->then(Object(Closure))
#28 C:\\xampp\\htdocs\\its-tni\\vendor\\laravel\\framework\\src\\Illuminate\\Routing\\Router.php(776): Illuminate\\Routing\\Router->runRouteWithinStack(Object(Illuminate\\Routing\\Route), Object(Illuminate\\Http\\Request))
#29 C:\\xampp\\htdocs\\its-tni\\vendor\\laravel\\framework\\src\\Illuminate\\Routing\\Router.php(740): Illuminate\\Routing\\Router->runRoute(Object(Illuminate\\Http\\Request), Object(Illuminate\\Routing\\Route))
#30 C:\\xampp\\htdocs\\its-tni\\vendor\\laravel\\framework\\src\\Illuminate\\Routing\\Router.php(729): Illuminate\\Routing\\Router->dispatchToRoute(Object(Illuminate\\Http\\Request))
#31 C:\\xampp\\htdocs\\its-tni\\vendor\\laravel\\framework\\src\\Illuminate\\Foundation\\Http\\Kernel.php(200): Illuminate\\Routing\\Router->dispatch(Object(Illuminate\\Http\\Request))
#32 C:\\xampp\\htdocs\\its-tni\\vendor\\laravel\\framework\\src\\Illuminate\\Pipeline\\Pipeline.php(141): Illuminate\\Foundation\\Http\\Kernel->Illuminate\\Foundation\\Http\\{closure}(Object(Illuminate\\Http\\Request))
#33 C:\\xampp\\htdocs\\its-tni\\vendor\\laravel\\framework\\src\\Illuminate\\Foundation\\Http\\Middleware\\TransformsRequest.php(21): Illuminate\\Pipeline\\Pipeline->Illuminate\\Pipeline\\{closure}(Object(Illuminate\\Http\\Request))
#34 C:\\xampp\\htdocs\\its-tni\\vendor\\laravel\\framework\\src\\Illuminate\\Foundation\\Http\\Middleware\\ConvertEmptyStringsToNull.php(31): Illuminate\\Foundation\\Http\\Middleware\\TransformsRequest->handle(Object(Illuminate\\Http\\Request), Object(Closure))
#35 C:\\xampp\\htdocs\\its-tni\\vendor\\laravel\\framework\\src\\Illuminate\\Pipeline\\Pipeline.php(180): Illuminate\\Foundation\\Http\\Middleware\\ConvertEmptyStringsToNull->handle(Object(Illuminate\\Http\\Request), Object(Closure))
#36 C:\\xampp\\htdocs\\its-tni\\vendor\\laravel\\framework\\src\\Illuminate\\Foundation\\Http\\Middleware\\TransformsRequest.php(21): Illuminate\\Pipeline\\Pipeline->Illuminate\\Pipeline\\{closure}(Object(Illuminate\\Http\\Request))
#37 C:\\xampp\\htdocs\\its-tni\\vendor\\laravel\\framework\\src\\Illuminate\\Foundation\\Http\\Middleware\\TrimStrings.php(40): Illuminate\\Foundation\\Http\\Middleware\\TransformsRequest->handle(Object(Illuminate\\Http\\Request), Object(Closure))
#38 C:\\xampp\\htdocs\\its-tni\\vendor\\laravel\\framework\\src\\Illuminate\\Pipeline\\Pipeline.php(180): Illuminate\\Foundation\\Http\\Middleware\\TrimStrings->handle(Object(Illuminate\\Http\\Request), Object(Closure))
#39 C:\\xampp\\htdocs\\its-tni\\vendor\\laravel\\framework\\src\\Illuminate\\Foundation\\Http\\Middleware\\ValidatePostSize.php(27): Illuminate\\Pipeline\\Pipeline->Illuminate\\Pipeline\\{closure}(Object(Illuminate\\Http\\Request))
#40 C:\\xampp\\htdocs\\its-tni\\vendor\\laravel\\framework\\src\\Illuminate\\Pipeline\\Pipeline.php(180): Illuminate\\Foundation\\Http\\Middleware\\ValidatePostSize->handle(Object(Illuminate\\Http\\Request), Object(Closure))
#41 C:\\xampp\\htdocs\\its-tni\\vendor\\laravel\\framework\\src\\Illuminate\\Foundation\\Http\\Middleware\\PreventRequestsDuringMaintenance.php(86): Illuminate\\Pipeline\\Pipeline->Illuminate\\Pipeline\\{closure}(Object(Illuminate\\Http\\Request))
#42 C:\\xampp\\htdocs\\its-tni\\vendor\\laravel\\framework\\src\\Illuminate\\Pipeline\\Pipeline.php(180): Illuminate\\Foundation\\Http\\Middleware\\PreventRequestsDuringMaintenance->handle(Object(Illuminate\\Http\\Request), Object(Closure))
#43 C:\\xampp\\htdocs\\its-tni\\vendor\\laravel\\framework\\src\\Illuminate\\Http\\Middleware\\HandleCors.php(49): Illuminate\\Pipeline\\Pipeline->Illuminate\\Pipeline\\{closure}(Object(Illuminate\\Http\\Request))
#44 C:\\xampp\\htdocs\\its-tni\\vendor\\laravel\\framework\\src\\Illuminate\\Pipeline\\Pipeline.php(180): Illuminate\\Http\\Middleware\\HandleCors->handle(Object(Illuminate\\Http\\Request), Object(Closure))
#45 C:\\xampp\\htdocs\\its-tni\\vendor\\laravel\\framework\\src\\Illuminate\\Http\\Middleware\\TrustProxies.php(39): Illuminate\\Pipeline\\Pipeline->Illuminate\\Pipeline\\{closure}(Object(Illuminate\\Http\\Request))
#46 C:\\xampp\\htdocs\\its-tni\\vendor\\laravel\\framework\\src\\Illuminate\\Pipeline\\Pipeline.php(180): Illuminate\\Http\\Middleware\\TrustProxies->handle(Object(Illuminate\\Http\\Request), Object(Closure))
#47 C:\\xampp\\htdocs\\its-tni\\vendor\\laravel\\framework\\src\\Illuminate\\Pipeline\\Pipeline.php(116): Illuminate\\Pipeline\\Pipeline->Illuminate\\Pipeline\\{closure}(Object(Illuminate\\Http\\Request))
#48 C:\\xampp\\htdocs\\its-tni\\vendor\\laravel\\framework\\src\\Illuminate\\Foundation\\Http\\Kernel.php(175): Illuminate\\Pipeline\\Pipeline->then(Object(Closure))
#49 C:\\xampp\\htdocs\\its-tni\\vendor\\laravel\\framework\\src\\Illuminate\\Foundation\\Http\\Kernel.php(144): Illuminate\\Foundation\\Http\\Kernel->sendRequestThroughRouter(Object(Illuminate\\Http\\Request))
#50 C:\\xampp\\htdocs\\its-tni\\public\\index.php(54): Illuminate\\Foundation\\Http\\Kernel->handle(Object(Illuminate\\Http\\Request))
#51 {main}
"} 
[2024-07-12 03:42:31] local.ERROR: Call to a member function isEmpty() on null {"userId":1,"exception":"[object] (Error(code: 0): Call to a member function isEmpty() on null at C:\\xampp\\htdocs\\its-tni\\app\\V2\\Model\\LessonTable.php:80)
[stacktrace]
#0 C:\\xampp\\htdocs\\its-tni\\app\\Http\\Controllers\\Admin\\SessionController.php(449): App\\V2\\Model\\LessonTable->getLessons(true, NULL, NULL, 'online')
#1 C:\\xampp\\htdocs\\its-tni\\vendor\\laravel\\framework\\src\\Illuminate\\Routing\\Controller.php(54): App\\Http\\Controllers\\Admin\\SessionController->browseclasses(Object(Illuminate\\Http\\Request), '12')
#2 C:\\xampp\\htdocs\\its-tni\\vendor\\laravel\\framework\\src\\Illuminate\\Routing\\ControllerDispatcher.php(43): Illuminate\\Routing\\Controller->callAction('browseclasses', Array)
#3 C:\\xampp\\htdocs\\its-tni\\vendor\\laravel\\framework\\src\\Illuminate\\Routing\\Route.php(259): Illuminate\\Routing\\ControllerDispatcher->dispatch(Object(Illuminate\\Routing\\Route), Object(App\\Http\\Controllers\\Admin\\SessionController), 'browseclasses')
#4 C:\\xampp\\htdocs\\its-tni\\vendor\\laravel\\framework\\src\\Illuminate\\Routing\\Route.php(205): Illuminate\\Routing\\Route->runController()
#5 C:\\xampp\\htdocs\\its-tni\\vendor\\laravel\\framework\\src\\Illuminate\\Routing\\Router.php(798): Illuminate\\Routing\\Route->run()
#6 C:\\xampp\\htdocs\\its-tni\\vendor\\laravel\\framework\\src\\Illuminate\\Pipeline\\Pipeline.php(141): Illuminate\\Routing\\Router->Illuminate\\Routing\\{closure}(Object(Illuminate\\Http\\Request))
#7 C:\\xampp\\htdocs\\its-tni\\app\\Http\\Middleware\\UserLimit.php(28): Illuminate\\Pipeline\\Pipeline->Illuminate\\Pipeline\\{closure}(Object(Illuminate\\Http\\Request))
#8 C:\\xampp\\htdocs\\its-tni\\vendor\\laravel\\framework\\src\\Illuminate\\Pipeline\\Pipeline.php(180): App\\Http\\Middleware\\UserLimit->handle(Object(Illuminate\\Http\\Request), Object(Closure))
#9 C:\\xampp\\htdocs\\its-tni\\app\\Http\\Middleware\\Admin.php(48): Illuminate\\Pipeline\\Pipeline->Illuminate\\Pipeline\\{closure}(Object(Illuminate\\Http\\Request))
#10 C:\\xampp\\htdocs\\its-tni\\vendor\\laravel\\framework\\src\\Illuminate\\Pipeline\\Pipeline.php(180): App\\Http\\Middleware\\Admin->handle(Object(Illuminate\\Http\\Request), Object(Closure))
#11 C:\\xampp\\htdocs\\its-tni\\vendor\\laravel\\framework\\src\\Illuminate\\Routing\\Middleware\\SubstituteBindings.php(50): Illuminate\\Pipeline\\Pipeline->Illuminate\\Pipeline\\{closure}(Object(Illuminate\\Http\\Request))
#12 C:\\xampp\\htdocs\\its-tni\\vendor\\laravel\\framework\\src\\Illuminate\\Pipeline\\Pipeline.php(180): Illuminate\\Routing\\Middleware\\SubstituteBindings->handle(Object(Illuminate\\Http\\Request), Object(Closure))
#13 C:\\xampp\\htdocs\\its-tni\\vendor\\laravel\\framework\\src\\Illuminate\\Auth\\Middleware\\Authenticate.php(45): Illuminate\\Pipeline\\Pipeline->Illuminate\\Pipeline\\{closure}(Object(Illuminate\\Http\\Request))
#14 C:\\xampp\\htdocs\\its-tni\\vendor\\laravel\\framework\\src\\Illuminate\\Pipeline\\Pipeline.php(180): Illuminate\\Auth\\Middleware\\Authenticate->handle(Object(Illuminate\\Http\\Request), Object(Closure))
#15 C:\\xampp\\htdocs\\its-tni\\vendor\\laravel\\framework\\src\\Illuminate\\Foundation\\Http\\Middleware\\VerifyCsrfToken.php(78): Illuminate\\Pipeline\\Pipeline->Illuminate\\Pipeline\\{closure}(Object(Illuminate\\Http\\Request))
#16 C:\\xampp\\htdocs\\its-tni\\vendor\\laravel\\framework\\src\\Illuminate\\Pipeline\\Pipeline.php(180): Illuminate\\Foundation\\Http\\Middleware\\VerifyCsrfToken->handle(Object(Illuminate\\Http\\Request), Object(Closure))
#17 C:\\xampp\\htdocs\\its-tni\\vendor\\laravel\\framework\\src\\Illuminate\\View\\Middleware\\ShareErrorsFromSession.php(49): Illuminate\\Pipeline\\Pipeline->Illuminate\\Pipeline\\{closure}(Object(Illuminate\\Http\\Request))
#18 C:\\xampp\\htdocs\\its-tni\\vendor\\laravel\\framework\\src\\Illuminate\\Pipeline\\Pipeline.php(180): Illuminate\\View\\Middleware\\ShareErrorsFromSession->handle(Object(Illuminate\\Http\\Request), Object(Closure))
#19 C:\\xampp\\htdocs\\its-tni\\vendor\\laravel\\framework\\src\\Illuminate\\Session\\Middleware\\StartSession.php(121): Illuminate\\Pipeline\\Pipeline->Illuminate\\Pipeline\\{closure}(Object(Illuminate\\Http\\Request))
#20 C:\\xampp\\htdocs\\its-tni\\vendor\\laravel\\framework\\src\\Illuminate\\Session\\Middleware\\StartSession.php(64): Illuminate\\Session\\Middleware\\StartSession->handleStatefulRequest(Object(Illuminate\\Http\\Request), Object(Illuminate\\Session\\Store), Object(Closure))
#21 C:\\xampp\\htdocs\\its-tni\\vendor\\laravel\\framework\\src\\Illuminate\\Pipeline\\Pipeline.php(180): Illuminate\\Session\\Middleware\\StartSession->handle(Object(Illuminate\\Http\\Request), Object(Closure))
#22 C:\\xampp\\htdocs\\its-tni\\vendor\\laravel\\framework\\src\\Illuminate\\Cookie\\Middleware\\AddQueuedCookiesToResponse.php(37): Illuminate\\Pipeline\\Pipeline->Illuminate\\Pipeline\\{closure}(Object(Illuminate\\Http\\Request))
#23 C:\\xampp\\htdocs\\its-tni\\vendor\\laravel\\framework\\src\\Illuminate\\Pipeline\\Pipeline.php(180): Illuminate\\Cookie\\Middleware\\AddQueuedCookiesToResponse->handle(Object(Illuminate\\Http\\Request), Object(Closure))
#24 C:\\xampp\\htdocs\\its-tni\\vendor\\laravel\\framework\\src\\Illuminate\\Cookie\\Middleware\\EncryptCookies.php(67): Illuminate\\Pipeline\\Pipeline->Illuminate\\Pipeline\\{closure}(Object(Illuminate\\Http\\Request))
#25 C:\\xampp\\htdocs\\its-tni\\vendor\\laravel\\framework\\src\\Illuminate\\Pipeline\\Pipeline.php(180): Illuminate\\Cookie\\Middleware\\EncryptCookies->handle(Object(Illuminate\\Http\\Request), Object(Closure))
#26 C:\\xampp\\htdocs\\its-tni\\vendor\\laravel\\framework\\src\\Illuminate\\Pipeline\\Pipeline.php(116): Illuminate\\Pipeline\\Pipeline->Illuminate\\Pipeline\\{closure}(Object(Illuminate\\Http\\Request))
#27 C:\\xampp\\htdocs\\its-tni\\vendor\\laravel\\framework\\src\\Illuminate\\Routing\\Router.php(797): Illuminate\\Pipeline\\Pipeline->then(Object(Closure))
#28 C:\\xampp\\htdocs\\its-tni\\vendor\\laravel\\framework\\src\\Illuminate\\Routing\\Router.php(776): Illuminate\\Routing\\Router->runRouteWithinStack(Object(Illuminate\\Routing\\Route), Object(Illuminate\\Http\\Request))
#29 C:\\xampp\\htdocs\\its-tni\\vendor\\laravel\\framework\\src\\Illuminate\\Routing\\Router.php(740): Illuminate\\Routing\\Router->runRoute(Object(Illuminate\\Http\\Request), Object(Illuminate\\Routing\\Route))
#30 C:\\xampp\\htdocs\\its-tni\\vendor\\laravel\\framework\\src\\Illuminate\\Routing\\Router.php(729): Illuminate\\Routing\\Router->dispatchToRoute(Object(Illuminate\\Http\\Request))
#31 C:\\xampp\\htdocs\\its-tni\\vendor\\laravel\\framework\\src\\Illuminate\\Foundation\\Http\\Kernel.php(200): Illuminate\\Routing\\Router->dispatch(Object(Illuminate\\Http\\Request))
#32 C:\\xampp\\htdocs\\its-tni\\vendor\\laravel\\framework\\src\\Illuminate\\Pipeline\\Pipeline.php(141): Illuminate\\Foundation\\Http\\Kernel->Illuminate\\Foundation\\Http\\{closure}(Object(Illuminate\\Http\\Request))
#33 C:\\xampp\\htdocs\\its-tni\\vendor\\laravel\\framework\\src\\Illuminate\\Foundation\\Http\\Middleware\\TransformsRequest.php(21): Illuminate\\Pipeline\\Pipeline->Illuminate\\Pipeline\\{closure}(Object(Illuminate\\Http\\Request))
#34 C:\\xampp\\htdocs\\its-tni\\vendor\\laravel\\framework\\src\\Illuminate\\Foundation\\Http\\Middleware\\ConvertEmptyStringsToNull.php(31): Illuminate\\Foundation\\Http\\Middleware\\TransformsRequest->handle(Object(Illuminate\\Http\\Request), Object(Closure))
#35 C:\\xampp\\htdocs\\its-tni\\vendor\\laravel\\framework\\src\\Illuminate\\Pipeline\\Pipeline.php(180): Illuminate\\Foundation\\Http\\Middleware\\ConvertEmptyStringsToNull->handle(Object(Illuminate\\Http\\Request), Object(Closure))
#36 C:\\xampp\\htdocs\\its-tni\\vendor\\laravel\\framework\\src\\Illuminate\\Foundation\\Http\\Middleware\\TransformsRequest.php(21): Illuminate\\Pipeline\\Pipeline->Illuminate\\Pipeline\\{closure}(Object(Illuminate\\Http\\Request))
#37 C:\\xampp\\htdocs\\its-tni\\vendor\\laravel\\framework\\src\\Illuminate\\Foundation\\Http\\Middleware\\TrimStrings.php(40): Illuminate\\Foundation\\Http\\Middleware\\TransformsRequest->handle(Object(Illuminate\\Http\\Request), Object(Closure))
#38 C:\\xampp\\htdocs\\its-tni\\vendor\\laravel\\framework\\src\\Illuminate\\Pipeline\\Pipeline.php(180): Illuminate\\Foundation\\Http\\Middleware\\TrimStrings->handle(Object(Illuminate\\Http\\Request), Object(Closure))
#39 C:\\xampp\\htdocs\\its-tni\\vendor\\laravel\\framework\\src\\Illuminate\\Foundation\\Http\\Middleware\\ValidatePostSize.php(27): Illuminate\\Pipeline\\Pipeline->Illuminate\\Pipeline\\{closure}(Object(Illuminate\\Http\\Request))
#40 C:\\xampp\\htdocs\\its-tni\\vendor\\laravel\\framework\\src\\Illuminate\\Pipeline\\Pipeline.php(180): Illuminate\\Foundation\\Http\\Middleware\\ValidatePostSize->handle(Object(Illuminate\\Http\\Request), Object(Closure))
#41 C:\\xampp\\htdocs\\its-tni\\vendor\\laravel\\framework\\src\\Illuminate\\Foundation\\Http\\Middleware\\PreventRequestsDuringMaintenance.php(86): Illuminate\\Pipeline\\Pipeline->Illuminate\\Pipeline\\{closure}(Object(Illuminate\\Http\\Request))
#42 C:\\xampp\\htdocs\\its-tni\\vendor\\laravel\\framework\\src\\Illuminate\\Pipeline\\Pipeline.php(180): Illuminate\\Foundation\\Http\\Middleware\\PreventRequestsDuringMaintenance->handle(Object(Illuminate\\Http\\Request), Object(Closure))
#43 C:\\xampp\\htdocs\\its-tni\\vendor\\laravel\\framework\\src\\Illuminate\\Http\\Middleware\\HandleCors.php(49): Illuminate\\Pipeline\\Pipeline->Illuminate\\Pipeline\\{closure}(Object(Illuminate\\Http\\Request))
#44 C:\\xampp\\htdocs\\its-tni\\vendor\\laravel\\framework\\src\\Illuminate\\Pipeline\\Pipeline.php(180): Illuminate\\Http\\Middleware\\HandleCors->handle(Object(Illuminate\\Http\\Request), Object(Closure))
#45 C:\\xampp\\htdocs\\its-tni\\vendor\\laravel\\framework\\src\\Illuminate\\Http\\Middleware\\TrustProxies.php(39): Illuminate\\Pipeline\\Pipeline->Illuminate\\Pipeline\\{closure}(Object(Illuminate\\Http\\Request))
#46 C:\\xampp\\htdocs\\its-tni\\vendor\\laravel\\framework\\src\\Illuminate\\Pipeline\\Pipeline.php(180): Illuminate\\Http\\Middleware\\TrustProxies->handle(Object(Illuminate\\Http\\Request), Object(Closure))
#47 C:\\xampp\\htdocs\\its-tni\\vendor\\laravel\\framework\\src\\Illuminate\\Pipeline\\Pipeline.php(116): Illuminate\\Pipeline\\Pipeline->Illuminate\\Pipeline\\{closure}(Object(Illuminate\\Http\\Request))
#48 C:\\xampp\\htdocs\\its-tni\\vendor\\laravel\\framework\\src\\Illuminate\\Foundation\\Http\\Kernel.php(175): Illuminate\\Pipeline\\Pipeline->then(Object(Closure))
#49 C:\\xampp\\htdocs\\its-tni\\vendor\\laravel\\framework\\src\\Illuminate\\Foundation\\Http\\Kernel.php(144): Illuminate\\Foundation\\Http\\Kernel->sendRequestThroughRouter(Object(Illuminate\\Http\\Request))
#50 C:\\xampp\\htdocs\\its-tni\\public\\index.php(54): Illuminate\\Foundation\\Http\\Kernel->handle(Object(Illuminate\\Http\\Request))
#51 {main}
"} 
[2024-07-12 04:06:33] local.ERROR: Call to a member function isEmpty() on null {"userId":5,"exception":"[object] (Error(code: 0): Call to a member function isEmpty() on null at C:\\xampp\\htdocs\\its-tni\\app\\V2\\Model\\LessonTable.php:80)
[stacktrace]
#0 C:\\xampp\\htdocs\\its-tni\\app\\Http\\Controllers\\Admin\\SessionController.php(449): App\\V2\\Model\\LessonTable->getLessons(true, NULL, NULL, 'online')
#1 C:\\xampp\\htdocs\\its-tni\\vendor\\laravel\\framework\\src\\Illuminate\\Routing\\Controller.php(54): App\\Http\\Controllers\\Admin\\SessionController->browseclasses(Object(Illuminate\\Http\\Request), '12')
#2 C:\\xampp\\htdocs\\its-tni\\vendor\\laravel\\framework\\src\\Illuminate\\Routing\\ControllerDispatcher.php(43): Illuminate\\Routing\\Controller->callAction('browseclasses', Array)
#3 C:\\xampp\\htdocs\\its-tni\\vendor\\laravel\\framework\\src\\Illuminate\\Routing\\Route.php(259): Illuminate\\Routing\\ControllerDispatcher->dispatch(Object(Illuminate\\Routing\\Route), Object(App\\Http\\Controllers\\Admin\\SessionController), 'browseclasses')
#4 C:\\xampp\\htdocs\\its-tni\\vendor\\laravel\\framework\\src\\Illuminate\\Routing\\Route.php(205): Illuminate\\Routing\\Route->runController()
#5 C:\\xampp\\htdocs\\its-tni\\vendor\\laravel\\framework\\src\\Illuminate\\Routing\\Router.php(798): Illuminate\\Routing\\Route->run()
#6 C:\\xampp\\htdocs\\its-tni\\vendor\\laravel\\framework\\src\\Illuminate\\Pipeline\\Pipeline.php(141): Illuminate\\Routing\\Router->Illuminate\\Routing\\{closure}(Object(Illuminate\\Http\\Request))
#7 C:\\xampp\\htdocs\\its-tni\\app\\Http\\Middleware\\UserLimit.php(28): Illuminate\\Pipeline\\Pipeline->Illuminate\\Pipeline\\{closure}(Object(Illuminate\\Http\\Request))
#8 C:\\xampp\\htdocs\\its-tni\\vendor\\laravel\\framework\\src\\Illuminate\\Pipeline\\Pipeline.php(180): App\\Http\\Middleware\\UserLimit->handle(Object(Illuminate\\Http\\Request), Object(Closure))
#9 C:\\xampp\\htdocs\\its-tni\\app\\Http\\Middleware\\Admin.php(48): Illuminate\\Pipeline\\Pipeline->Illuminate\\Pipeline\\{closure}(Object(Illuminate\\Http\\Request))
#10 C:\\xampp\\htdocs\\its-tni\\vendor\\laravel\\framework\\src\\Illuminate\\Pipeline\\Pipeline.php(180): App\\Http\\Middleware\\Admin->handle(Object(Illuminate\\Http\\Request), Object(Closure))
#11 C:\\xampp\\htdocs\\its-tni\\vendor\\laravel\\framework\\src\\Illuminate\\Routing\\Middleware\\SubstituteBindings.php(50): Illuminate\\Pipeline\\Pipeline->Illuminate\\Pipeline\\{closure}(Object(Illuminate\\Http\\Request))
#12 C:\\xampp\\htdocs\\its-tni\\vendor\\laravel\\framework\\src\\Illuminate\\Pipeline\\Pipeline.php(180): Illuminate\\Routing\\Middleware\\SubstituteBindings->handle(Object(Illuminate\\Http\\Request), Object(Closure))
#13 C:\\xampp\\htdocs\\its-tni\\vendor\\laravel\\framework\\src\\Illuminate\\Auth\\Middleware\\Authenticate.php(45): Illuminate\\Pipeline\\Pipeline->Illuminate\\Pipeline\\{closure}(Object(Illuminate\\Http\\Request))
#14 C:\\xampp\\htdocs\\its-tni\\vendor\\laravel\\framework\\src\\Illuminate\\Pipeline\\Pipeline.php(180): Illuminate\\Auth\\Middleware\\Authenticate->handle(Object(Illuminate\\Http\\Request), Object(Closure))
#15 C:\\xampp\\htdocs\\its-tni\\vendor\\laravel\\framework\\src\\Illuminate\\Foundation\\Http\\Middleware\\VerifyCsrfToken.php(78): Illuminate\\Pipeline\\Pipeline->Illuminate\\Pipeline\\{closure}(Object(Illuminate\\Http\\Request))
#16 C:\\xampp\\htdocs\\its-tni\\vendor\\laravel\\framework\\src\\Illuminate\\Pipeline\\Pipeline.php(180): Illuminate\\Foundation\\Http\\Middleware\\VerifyCsrfToken->handle(Object(Illuminate\\Http\\Request), Object(Closure))
#17 C:\\xampp\\htdocs\\its-tni\\vendor\\laravel\\framework\\src\\Illuminate\\View\\Middleware\\ShareErrorsFromSession.php(49): Illuminate\\Pipeline\\Pipeline->Illuminate\\Pipeline\\{closure}(Object(Illuminate\\Http\\Request))
#18 C:\\xampp\\htdocs\\its-tni\\vendor\\laravel\\framework\\src\\Illuminate\\Pipeline\\Pipeline.php(180): Illuminate\\View\\Middleware\\ShareErrorsFromSession->handle(Object(Illuminate\\Http\\Request), Object(Closure))
#19 C:\\xampp\\htdocs\\its-tni\\vendor\\laravel\\framework\\src\\Illuminate\\Session\\Middleware\\StartSession.php(121): Illuminate\\Pipeline\\Pipeline->Illuminate\\Pipeline\\{closure}(Object(Illuminate\\Http\\Request))
#20 C:\\xampp\\htdocs\\its-tni\\vendor\\laravel\\framework\\src\\Illuminate\\Session\\Middleware\\StartSession.php(64): Illuminate\\Session\\Middleware\\StartSession->handleStatefulRequest(Object(Illuminate\\Http\\Request), Object(Illuminate\\Session\\Store), Object(Closure))
#21 C:\\xampp\\htdocs\\its-tni\\vendor\\laravel\\framework\\src\\Illuminate\\Pipeline\\Pipeline.php(180): Illuminate\\Session\\Middleware\\StartSession->handle(Object(Illuminate\\Http\\Request), Object(Closure))
#22 C:\\xampp\\htdocs\\its-tni\\vendor\\laravel\\framework\\src\\Illuminate\\Cookie\\Middleware\\AddQueuedCookiesToResponse.php(37): Illuminate\\Pipeline\\Pipeline->Illuminate\\Pipeline\\{closure}(Object(Illuminate\\Http\\Request))
#23 C:\\xampp\\htdocs\\its-tni\\vendor\\laravel\\framework\\src\\Illuminate\\Pipeline\\Pipeline.php(180): Illuminate\\Cookie\\Middleware\\AddQueuedCookiesToResponse->handle(Object(Illuminate\\Http\\Request), Object(Closure))
#24 C:\\xampp\\htdocs\\its-tni\\vendor\\laravel\\framework\\src\\Illuminate\\Cookie\\Middleware\\EncryptCookies.php(67): Illuminate\\Pipeline\\Pipeline->Illuminate\\Pipeline\\{closure}(Object(Illuminate\\Http\\Request))
#25 C:\\xampp\\htdocs\\its-tni\\vendor\\laravel\\framework\\src\\Illuminate\\Pipeline\\Pipeline.php(180): Illuminate\\Cookie\\Middleware\\EncryptCookies->handle(Object(Illuminate\\Http\\Request), Object(Closure))
#26 C:\\xampp\\htdocs\\its-tni\\vendor\\laravel\\framework\\src\\Illuminate\\Pipeline\\Pipeline.php(116): Illuminate\\Pipeline\\Pipeline->Illuminate\\Pipeline\\{closure}(Object(Illuminate\\Http\\Request))
#27 C:\\xampp\\htdocs\\its-tni\\vendor\\laravel\\framework\\src\\Illuminate\\Routing\\Router.php(797): Illuminate\\Pipeline\\Pipeline->then(Object(Closure))
#28 C:\\xampp\\htdocs\\its-tni\\vendor\\laravel\\framework\\src\\Illuminate\\Routing\\Router.php(776): Illuminate\\Routing\\Router->runRouteWithinStack(Object(Illuminate\\Routing\\Route), Object(Illuminate\\Http\\Request))
#29 C:\\xampp\\htdocs\\its-tni\\vendor\\laravel\\framework\\src\\Illuminate\\Routing\\Router.php(740): Illuminate\\Routing\\Router->runRoute(Object(Illuminate\\Http\\Request), Object(Illuminate\\Routing\\Route))
#30 C:\\xampp\\htdocs\\its-tni\\vendor\\laravel\\framework\\src\\Illuminate\\Routing\\Router.php(729): Illuminate\\Routing\\Router->dispatchToRoute(Object(Illuminate\\Http\\Request))
#31 C:\\xampp\\htdocs\\its-tni\\vendor\\laravel\\framework\\src\\Illuminate\\Foundation\\Http\\Kernel.php(200): Illuminate\\Routing\\Router->dispatch(Object(Illuminate\\Http\\Request))
#32 C:\\xampp\\htdocs\\its-tni\\vendor\\laravel\\framework\\src\\Illuminate\\Pipeline\\Pipeline.php(141): Illuminate\\Foundation\\Http\\Kernel->Illuminate\\Foundation\\Http\\{closure}(Object(Illuminate\\Http\\Request))
#33 C:\\xampp\\htdocs\\its-tni\\vendor\\laravel\\framework\\src\\Illuminate\\Foundation\\Http\\Middleware\\TransformsRequest.php(21): Illuminate\\Pipeline\\Pipeline->Illuminate\\Pipeline\\{closure}(Object(Illuminate\\Http\\Request))
#34 C:\\xampp\\htdocs\\its-tni\\vendor\\laravel\\framework\\src\\Illuminate\\Foundation\\Http\\Middleware\\ConvertEmptyStringsToNull.php(31): Illuminate\\Foundation\\Http\\Middleware\\TransformsRequest->handle(Object(Illuminate\\Http\\Request), Object(Closure))
#35 C:\\xampp\\htdocs\\its-tni\\vendor\\laravel\\framework\\src\\Illuminate\\Pipeline\\Pipeline.php(180): Illuminate\\Foundation\\Http\\Middleware\\ConvertEmptyStringsToNull->handle(Object(Illuminate\\Http\\Request), Object(Closure))
#36 C:\\xampp\\htdocs\\its-tni\\vendor\\laravel\\framework\\src\\Illuminate\\Foundation\\Http\\Middleware\\TransformsRequest.php(21): Illuminate\\Pipeline\\Pipeline->Illuminate\\Pipeline\\{closure}(Object(Illuminate\\Http\\Request))
#37 C:\\xampp\\htdocs\\its-tni\\vendor\\laravel\\framework\\src\\Illuminate\\Foundation\\Http\\Middleware\\TrimStrings.php(40): Illuminate\\Foundation\\Http\\Middleware\\TransformsRequest->handle(Object(Illuminate\\Http\\Request), Object(Closure))
#38 C:\\xampp\\htdocs\\its-tni\\vendor\\laravel\\framework\\src\\Illuminate\\Pipeline\\Pipeline.php(180): Illuminate\\Foundation\\Http\\Middleware\\TrimStrings->handle(Object(Illuminate\\Http\\Request), Object(Closure))
#39 C:\\xampp\\htdocs\\its-tni\\vendor\\laravel\\framework\\src\\Illuminate\\Foundation\\Http\\Middleware\\ValidatePostSize.php(27): Illuminate\\Pipeline\\Pipeline->Illuminate\\Pipeline\\{closure}(Object(Illuminate\\Http\\Request))
#40 C:\\xampp\\htdocs\\its-tni\\vendor\\laravel\\framework\\src\\Illuminate\\Pipeline\\Pipeline.php(180): Illuminate\\Foundation\\Http\\Middleware\\ValidatePostSize->handle(Object(Illuminate\\Http\\Request), Object(Closure))
#41 C:\\xampp\\htdocs\\its-tni\\vendor\\laravel\\framework\\src\\Illuminate\\Foundation\\Http\\Middleware\\PreventRequestsDuringMaintenance.php(86): Illuminate\\Pipeline\\Pipeline->Illuminate\\Pipeline\\{closure}(Object(Illuminate\\Http\\Request))
#42 C:\\xampp\\htdocs\\its-tni\\vendor\\laravel\\framework\\src\\Illuminate\\Pipeline\\Pipeline.php(180): Illuminate\\Foundation\\Http\\Middleware\\PreventRequestsDuringMaintenance->handle(Object(Illuminate\\Http\\Request), Object(Closure))
#43 C:\\xampp\\htdocs\\its-tni\\vendor\\laravel\\framework\\src\\Illuminate\\Http\\Middleware\\HandleCors.php(49): Illuminate\\Pipeline\\Pipeline->Illuminate\\Pipeline\\{closure}(Object(Illuminate\\Http\\Request))
#44 C:\\xampp\\htdocs\\its-tni\\vendor\\laravel\\framework\\src\\Illuminate\\Pipeline\\Pipeline.php(180): Illuminate\\Http\\Middleware\\HandleCors->handle(Object(Illuminate\\Http\\Request), Object(Closure))
#45 C:\\xampp\\htdocs\\its-tni\\vendor\\laravel\\framework\\src\\Illuminate\\Http\\Middleware\\TrustProxies.php(39): Illuminate\\Pipeline\\Pipeline->Illuminate\\Pipeline\\{closure}(Object(Illuminate\\Http\\Request))
#46 C:\\xampp\\htdocs\\its-tni\\vendor\\laravel\\framework\\src\\Illuminate\\Pipeline\\Pipeline.php(180): Illuminate\\Http\\Middleware\\TrustProxies->handle(Object(Illuminate\\Http\\Request), Object(Closure))
#47 C:\\xampp\\htdocs\\its-tni\\vendor\\laravel\\framework\\src\\Illuminate\\Pipeline\\Pipeline.php(116): Illuminate\\Pipeline\\Pipeline->Illuminate\\Pipeline\\{closure}(Object(Illuminate\\Http\\Request))
#48 C:\\xampp\\htdocs\\its-tni\\vendor\\laravel\\framework\\src\\Illuminate\\Foundation\\Http\\Kernel.php(175): Illuminate\\Pipeline\\Pipeline->then(Object(Closure))
#49 C:\\xampp\\htdocs\\its-tni\\vendor\\laravel\\framework\\src\\Illuminate\\Foundation\\Http\\Kernel.php(144): Illuminate\\Foundation\\Http\\Kernel->sendRequestThroughRouter(Object(Illuminate\\Http\\Request))
#50 C:\\xampp\\htdocs\\its-tni\\public\\index.php(54): Illuminate\\Foundation\\Http\\Kernel->handle(Object(Illuminate\\Http\\Request))
#51 {main}
"} 
